file_id,s0_0_rms_mean,s0_0_rms_max,s0_0_crest_mean,s0_0_crest_max,s0_0_kurtosis_mean,s0_0_kurtosis_max,s0_0_band_0_mean,s0_0_band_0_max,s0_0_band_1_mean,s0_0_band_1_max,s0_0_band_2_mean,s0_0_band_2_max,s0_0_band_3_mean,s0_0_band_3_max,s0_0_band_4_mean,s0_0_band_4_max,s0_1_rms_mean,s0_1_rms_max,s0_1_crest_mean,s0_1_crest_max,s0_1_kurtosis_mean,s0_1_kurtosis_max,s0_1_band_0_mean,s0_1_band_0_max,s0_1_band_1_mean,s0_1_band_1_max,s0_1_band_2_mean,s0_1_band_2_max,s0_1_band_3_mean,s0_1_band_3_max,s0_1_band_4_mean,s0_1_band_4_max,s0_speed,s1_0_rms_mean,s1_0_rms_max,s1_0_crest_mean,s1_0_crest_max,s1_0_kurtosis_mean,s1_0_kurtosis_max,s1_0_band_0_mean,s1_0_band_0_max,s1_0_band_1_mean,s1_0_band_1_max,s1_0_band_2_mean,s1_0_band_2_max,s1_0_band_3_mean,s1_0_band_3_max,s1_0_band_4_mean,s1_0_band_4_max,s1_1_rms_mean,s1_1_rms_max,s1_1_crest_mean,s1_1_crest_max,s1_1_kurtosis_mean,s1_1_kurtosis_max,s1_1_band_0_mean,s1_1_band_0_max,s1_1_band_1_mean,s1_1_band_1_max,s1_1_band_2_mean,s1_1_band_2_max,s1_1_band_3_mean,s1_1_band_3_max,s1_1_band_4_mean,s1_1_band_4_max,s1_speed
Train1.csv,0.18095298709872332,0.3840411962027764,3.8429453867914445,7.438583509892086,4.033172337577561,22.235118830297335,8.659841542998772e-06,4.320309557263317e-05,1.848918230493177e-05,0.00016445290279951604,0.00042873771111594466,0.0022142110689864418,0.010066116386095728,0.07339801705328206,0.004537739822662987,0.0194718767977939,1.159310416607182,3.0295698484385523,6.358954228428546,21.532343826308367,40.72274790913342,227.96296057229074,0.059249064687271834,0.4049942490714111,0.023596913798543135,0.13658136853459815,0.01652174277888304,0.09742490578640807,0.010351470733286653,0.06666918115883357,0.02709873396636673,0.1939946752930317,1.7505652397503124,0.16298674798024687,0.31079319715670684,3.95721168139281,6.554589448476281,3.9013839086997635,10.172931711320091,1.02993016335059e-05,5.077390115543213e-05,2.3284230157466185e-05,0.00023122983190717404,0.0004547863330347222,0.0016212671179933569,0.008796655356076204,0.05038312853976518,0.003951255360876306,0.015052303333829752,1.2695629835008169,2.566770905087704,6.308552681046226,22.685834357045703,47.11273974525626,274.94362483344304,0.0788022908903675,0.3680611202494011,0.031617941714709774,0.11435752240571093,0.020289441615305145,0.0836078842775819,0.012762802688910974,0.048124889367220904,0.03325053443425795,0.12946762070049558,1.7505652397503124
Train10.csv,0.23154708355903172,0.4856724129487204,4.511689628846933,10.436137961939025,6.03646796540867,37.70808842390326,0.0006955336010174497,0.004131558502105874,0.014316873487450919,0.06409713399032493,0.013254851348783146,0.08148966924455613,0.002565836825215931,0.01193756817297174,0.00368424035487049,0.0245972372956092,1.281947751498946,2.9998475423459365,5.904743029870234,18.989697003082647,33.09694659520021,194.6739672377465,0.013757413662537315,0.08264452982042804,0.011001269325593182,0.04615353605831752,0.4932312047747613,2.344068545762086,0.25524019334334286,1.2480270846387012,0.20276962667865853,1.1782657229576006,8.57480261504814,0.22357225289967897,0.3810057138855571,4.412466325463899,8.357758822514128,4.560288114360802,19.491300315147882,0.0007491408351929074,0.00401216021067994,0.014338251989810851,0.04965401132953902,0.011263198804420924,0.04834786300478297,0.002132852087134957,0.010693096501361058,0.004109920056437868,0.027359140246402697,1.393873911681862,2.533675882759111,5.218747283536709,11.078020986451172,47.10773186403611,528.312311992063,0.015827511578105795,0.049229408967391246,0.013114709609638354,0.03391707809649647,0.5483587369026781,1.6138525088109772,0.29824982315724724,0.9501895261759618,0.21664495848011406,0.6875397661781064,8.57480261504814
Train100.csv,0.546128016052186,1.6026605424045275,6.035776664348019,10.862357048265343,8.280447830265405,22.37775002581593,0.15120559698712518,1.055383305370187,0.18694858562695743,1.4025951803648842,0.03414256174352007,0.27054695146068414,0.02588679389034263,0.13766676408659714,0.02889557068624531,0.1628815776112849,1.3854892886969163,3.6083308790435695,5.176155831422818,12.995990559094999,18.119228568008165,96.13540993473515,0.032332013410965796,0.20481342692219975,0.43381062142958193,1.588924273722536,0.03491194358664283,0.20258621908766017,0.3862179915304767,1.541129668526835,0.09968870418740902,0.4238322997894766,12.906709818498067,0.49949333341065116,1.6203989033482744,6.1724327523088816,11.319774941211318,8.846244321742684,33.66253907593065,0.1394204938718111,1.2815178938644165,0.12121752719396675,0.7679745043581687,0.023920945081062538,0.21468981713312751,0.021600185277894327,0.16603589179059386,0.02783255202931135,0.15336201404594155,1.4550449353526478,2.9153027720314095,5.063316137972553,10.664309991361412,24.536422172066306,227.74573488939654,0.027400942677333485,0.17916787189325256,0.4883185746314025,1.2536803855252052,0.035372405850172185,0.1822646273347891,0.4266044374397655,1.1056579238164144,0.0975196380355842,0.3320782481225298,12.906709818498067
Train101.csv,0.19823813956287106,0.4913748587086779,5.651106381873127,11.1876952693247,10.881417038528886,32.552017381001264,0.00022614743147042447,0.0025849217873854537,0.0027961730458714376,0.0235395558163466,0.022844850931359795,0.2671539501474511,0.008243738644554134,0.053613834100349256,0.0030676872722967237,0.024011027221410984,1.262422292586868,3.1045523820953,6.0624194634336295,12.688394795622145,34.9314983004727,196.53796357502515,0.029507993436185577,0.17347528296750628,0.00893488874064724,0.044083605398932156,0.009808860820693772,0.0610943581649379,0.40157877079027815,2.434961405290258,0.009661572209502057,0.05212560524055757,3.9758600360430827,0.18868713117096086,0.5596625366905823,5.592198671962404,16.296965809828695,10.539449456139813,91.9260372056441,0.00027466197074712184,0.0031796078445980058,0.0018885949026340074,0.012540717874355328,0.02274968187535057,0.33345572469441953,0.009326373706927309,0.03613138986675092,0.0019114645122851174,0.020691568762013626,1.4023490343618643,2.6150355758489896,6.051244413794254,16.819009028292985,35.06612490529655,214.28211098867624,0.04896557354039338,0.1996069676390532,0.016759682911716204,0.05963716062612216,0.01707783706310556,0.05938819015897748,0.5271487383443678,1.8166490038523688,0.021232160583629693,0.10869353662419133,3.9758600360430827
Train102.csv,0.2275062085728955,0.38199374164952093,4.30940182652853,10.465003083326277,4.790144768998781,38.22621407812418,0.0025449449809694896,0.02841813192849398,0.014076405790491959,0.06407681277300843,0.003405664882611916,0.03464312768019307,0.024279134719553504,0.14688422413767385,0.005082224455325551,0.023881917572518164,1.3415861483181089,2.8525674721237855,5.021975014426518,7.846020066731357,26.465838264405644,151.64474897347972,0.01482031788746887,0.06574125500855744,0.49355470331611684,1.9960263721677072,0.06525734964268912,0.2529503223363657,0.4750061839305417,2.072662097771565,0.07288316182501667,0.3113834871757617,11.77922712170973,0.22049256187398442,0.37791772079250663,4.517561656427038,11.902981370033489,5.141668871264637,39.57287825453497,0.0024988446913673567,0.012262576571506648,0.018975597713787228,0.0654127042704208,0.002546675932925825,0.012584479735736585,0.019352641352826477,0.1246218094115778,0.005083931320762965,0.039044400730798526,1.4499606478278348,2.6858279271879675,5.229716208722599,15.101609981015724,28.722374973309876,139.77939002800395,0.019490836294557418,0.0608283152247909,0.5325509757367815,1.395815438094441,0.07914585542072552,0.23041216005753223,0.5079786305499379,1.3237099366173695,0.07923024531289895,0.24552089549843945,11.77922712170973
Train103.csv,0.6134948824009985,1.4699256027137917,5.9486494431712496,10.743308845059232,7.014284648958693,26.901781160235366,0.14945569055764227,1.2712022468614919,0.11752222325710106,0.7816524369506479,0.04601750721753617,0.2558978211123532,0.07500339093495853,0.34728813766461475,0.0753179327596541,0.2807028183296642,1.2241017051737344,3.4261241336723853,5.733558778151984,10.2247395352259,22.43284015574422,87.78230408170002,0.019205756815983473,0.10285600001503784,0.365473931080593,2.4726784858465605,0.1967586507436949,1.1352167589810598,0.21347254813142774,1.4732741744609807,0.029521219566914378,0.12378325661208021,17.2979582165158,0.6976041859352211,1.526677237447883,5.3613322287452,10.82221230927813,5.855541253843594,22.53118862157906,0.27520155567557403,2.033085874035789,0.13028238595794284,0.42629149092154117,0.02899673351021676,0.11325793396271497,0.0669991007084964,0.23520573358067245,0.05526753208172769,0.1588672434632048,1.5762667140657087,4.6052699381825,5.147365818024795,8.959503858465508,20.71416090315049,118.93460659578238,0.1040911274355441,1.3052066708577064,0.48614487875799806,2.197412451551555,0.273307228528117,1.2919595684236258,0.2797344146645329,1.3893552635340012,0.06146205571806298,0.5579773575794844,17.2979582165158
Train104.csv,0.6699612947231613,1.4115163737207799,5.688361809037162,13.17973898857314,7.5373077773978165,27.235329872103843,0.08989723305603135,0.4425014306349138,0.2518997348632049,1.026347909344881,0.06679283438167342,0.6547904471809295,0.061464011497485836,0.3977348450375594,0.03990703889182137,0.150948757731022,1.3199255993059953,2.8551926068375386,6.582974611806522,13.73820103478348,22.387987103912128,77.23362424621608,0.03757309399395191,0.1284816757931801,0.34541540517897407,2.0102231151306436,0.04915484706083556,0.2505256741389336,0.3287182216510428,1.7309854960374316,0.0876503712704788,0.34100701764378016,14.093533709854212,0.8526915582341862,2.199110824619935,5.391913706274802,9.114179619259083,5.808534302149569,16.70804018191714,0.0775950232074879,0.4942806770515953,0.5494785530839261,4.079992365918388,0.1424971367735547,0.5828993910284682,0.08379200148454866,0.2736996161997752,0.049473977473713036,0.21326780981527638,1.515193626408919,3.324213521036592,6.629379116102873,13.022415094128835,21.965678717644224,101.10258266305085,0.047064511541876256,0.3078796687662741,0.41874758848132343,1.0826399921314236,0.09408876490486809,0.8233018777246677,0.41332194819857393,1.5276889434053484,0.11102381723055196,0.6341982780563884,14.093533709854212
Train105.csv,0.14442055138131665,0.3123588481648849,3.9993614599283,7.669600428449654,5.372798882660694,15.274955078177,0.0,0.0,0.0,0.0,1.0218232839322056e-05,2.7953045045924535e-05,1.9285498064368993e-05,6.759962742768353e-05,4.9398008795565246e-05,0.00019885473867910643,1.3678392552669865,2.7562209499757215,5.377955760398738,8.050378352105104,18.2303309973724,84.39531564644781,0.0,0.0,0.0,0.0,0.08982910303456326,0.33570882054895523,0.03458683757226999,0.1618226297956252,0.01246862208277832,0.04770840359092972,0.3857177646907468,0.14017583711063164,0.42167116468402743,4.0939012060434,6.641533720882562,5.098294182876273,15.390697225511374,0.0,0.0,0.0,0.0,1.2867877793645622e-05,3.187306933766392e-05,2.3808313082157096e-05,8.022775316227762e-05,5.8275782038604346e-05,0.00025536662974325996,1.5347348815552784,2.78646184112946,5.125339207021648,8.827913404948982,15.984437082306288,28.838353239590205,0.0,0.0,0.0,0.0,0.1288330053076814,0.37487952696861965,0.04608830165409082,0.17496939980063947,0.017539137594842748,0.049955713527308036,0.3857177646907468
Train106.csv,0.5298765475213448,1.5602028841203757,6.003237939180502,11.525014636479709,7.791843337109208,20.555057162761152,0.1407823839589608,1.6150810230333603,0.14609858861653224,0.6692853994675917,0.04113631181119197,0.2750940198162765,0.025501369499804246,0.12084111166189995,0.03184376707634834,0.1516582219339772,1.436362246720635,3.5364114798511928,6.14564213636881,20.44222381013575,26.88671085242947,114.93356144687056,0.023808374424197372,0.10221103564538918,0.4941696909902348,1.8414130540546225,0.03555873686772889,0.18822223557549841,0.468328623044886,1.8920322273973906,0.10643100908909303,0.3625860677956451,12.84736862393026,0.5369923192109798,1.3833810047137567,5.996067334044126,12.565482366949727,8.539947742114506,41.56344194277555,0.1058767506300729,0.614344223000525,0.1862224159477232,1.1559717187516974,0.03536991252641555,0.239376198292806,0.024335969097142623,0.09155364354190837,0.03067189646107004,0.14622037095392815,1.5997222149545616,3.1340542684323904,5.740624674170132,12.875705224914336,21.364538689801947,60.911926364635065,0.029738242118834107,0.16949888524906967,0.5849628268366531,1.8388633504684568,0.0410644077749263,0.27354652759997944,0.5512615707683228,1.8534786660823934,0.11965106179063599,0.3666586228921617,12.84736862393026
Train107.csv,0.42744379204786204,1.138377693085958,6.984333188789435,11.625692287301232,12.873137393127092,32.407699531098665,0.011333973500952992,0.09519305303560432,0.12115856763742301,0.6262778515677301,0.06149802101851,0.2738742272978752,0.009216602798261624,0.04848660654090351,0.01307612841397226,0.06639390094967178,1.3311762764793384,2.2970769170642322,6.0183134431635645,13.172132103573103,21.74136069799634,84.82044995447744,0.020256854035952405,0.12279913297495265,0.02255794250129551,0.08340148843235161,0.44062113922251045,1.2417395527604644,0.3006637168594963,0.8274120632340033,0.1369334391090706,0.3675169153010402,9.761626506404285,0.4148616237698779,0.971043317962947,6.73466370230763,11.082628070319979,11.499191226584161,34.99095015274723,0.0059321392932760834,0.02362725358613011,0.13351440551595567,0.6910686700534378,0.0466619020635478,0.1861188809339374,0.006491229650622062,0.029905879770985293,0.011241654568796059,0.03337238869267512,1.4554695229939911,2.3465681744073934,5.9092426140556595,12.483468112263456,21.739816800380027,80.07788857888747,0.022702960343577445,0.07644742270717642,0.027485802380666564,0.09012521252971371,0.4408583430187404,1.168219933436354,0.3414655442428157,0.9958137703971182,0.133890962082736,0.37014591763580956,9.761626506404285
Train108.csv,0.43315489872904156,1.2266566853898941,7.23175132846079,12.316561157505687,11.911950327770969,38.01128202639638,0.013485123164120746,0.059376394211287944,0.16706414609270104,1.2356431019133676,0.035362796842395836,0.36285775948555044,0.007163130948631121,0.04320675309150425,0.015167277188957672,0.07787554481438147,1.3118298405450943,2.9274682349640675,6.020747744176027,18.244269877413846,29.400450198147013,314.5609189673035,0.0212856392210744,0.13081612212654464,0.22313293294581277,1.028737913758488,0.293033633878578,1.2821694725642234,0.34026721649640035,1.752914216640527,0.19360842120066307,0.8388708132866575,11.215485773315562,0.43714306401171565,1.4775771232589079,6.8429961348501855,13.960471638068745,11.093802840643713,37.568098568342045,0.04081989920323509,0.5127062701827146,0.18445672871710028,1.1578017268493774,0.07584917381431523,0.8021149508703305,0.01108869211243132,0.06890342159691683,0.0301459507554934,0.2124154019252222,1.489703706282504,2.501646241925449,6.057189051975733,14.27949141826052,21.633060241277377,57.33011325064391,0.035052039289275715,0.29776722487775786,0.2670030276870185,0.8896134510640565,0.3278107652691309,1.032383965815801,0.4220197461763013,1.4697579851225242,0.21493953173097818,0.725133682457005,11.215485773315562
Train109.csv,0.33268862990554454,0.7846576284072633,4.830995132024365,11.93143257165137,4.9450008794295774,23.062651894198453,0.048558899638108007,0.3811854177129775,0.021233448595244175,0.1648630096447281,0.002859129006841876,0.009274728678680882,0.007701629108912644,0.035480592209529045,0.04189866719046144,0.15430518339496696,1.3418093715694923,3.031439170637017,5.406043776351924,10.437504039361636,18.96082944081386,39.08795182655354,0.012280032866618811,0.06628326874879975,0.43109291561012664,2.314502255192465,0.030168907354442817,0.16848676091991086,0.3970199277689363,2.0899860013995637,0.08125151117165047,0.4431181869982424,16.55619328441821,0.328210641159003,0.6349866159598027,4.608663212118317,8.447935416311298,3.800011945534762,6.662807281071023,0.04382401698927636,0.3141510438713427,0.018635490312052125,0.0933625378502651,0.003325438131178084,0.007205997148969696,0.00805679132428206,0.01677375115423706,0.039997409095772686,0.12625979383785846,1.4275591541967723,2.5341559289542523,5.215521150510607,10.105785243655625,20.844912173933743,90.59453721711144,0.017860211221837154,0.08005557818013881,0.5042900642528745,1.7670886172755467,0.04566369855573127,0.14828533977812144,0.4767525247185995,1.6634765965718266,0.09668306446911104,0.3593295599103886,16.55619328441821
Train11.csv,0.07136734885179821,0.12818766201386614,3.5275121402944536,8.33541744824233,16.993891492847162,49.95987216042165,0.0,0.0,0.0,0.0,0.0,0.0,0.0,0.0,0.0,0.0,1.4085757216607042,2.898793152429962,5.092773383301083,10.027992758383467,15.537976056032186,41.40559365686214,0.0,0.0,0.0,0.0,0.0,0.0,0.0,0.0,0.0,0.0,0.0,0.05590059566354382,0.13494965524067606,4.529583769677801,8.842973680915371,15.483212351465498,71.02166371636986,0.0,0.0,0.0,0.0,0.0,0.0,0.0,0.0,0.0,0.0,1.559692572335654,2.8134192527434334,5.175423890739195,11.021073624949883,18.98265009989928,113.15120125953663,0.0,0.0,0.0,0.0,0.0,0.0,0.0,0.0,0.0,0.0,0.0
Train110.csv,0.2782725342229062,0.8968481933761216,5.058659250014917,11.174550409302185,6.109560190748324,26.32784758197588,0.0059382136272037155,0.055027860431357614,0.04675415454131295,0.7386464237874097,0.008002952068837324,0.12107632142120774,0.007549823140745318,0.0753964549969434,0.012747663809613664,0.09945644045258353,1.4251850280436202,2.9923708289335784,5.098319088792484,8.66888427945882,15.844231410099248,49.89648072270901,0.011990524372966088,0.050646459871140054,0.5578015641640093,2.2585008825603863,0.020511258238250046,0.12327806335263271,0.5077985268071799,2.4093233566401717,0.09912587123529003,0.3772960849129928,13.203415791337102,0.2735728141676115,0.5673441914793339,5.24578932692209,11.540806803414409,5.776565814086113,25.7006430302455,0.007463600167680075,0.046657985208655814,0.029946684533713134,0.09974287285654979,0.0078260724639415,0.09758079481682268,0.00873559316184511,0.08221511102426142,0.011863447019902466,0.04591013402284748,1.5298789568690747,2.7464303804704673,5.345507936535479,11.177654080180574,18.007208420305872,48.88705204358797,0.017373348748605105,0.061101653718980214,0.6312985965142618,1.801653963632364,0.03169966121096168,0.14233989471793373,0.5757883753188163,1.8978740767721314,0.11221958189623546,0.3400532709278439,13.203415791337102
Train111.csv,0.5706767067676032,0.9709557755183437,5.619465047125154,10.546954084968666,7.028478103485519,30.102881659102483,0.07087189826631006,0.4101148106493883,0.1596191977294693,0.3944443872316197,0.03383093664926832,0.12018517969692222,0.04492743743348139,0.2227986836235227,0.03106855173074409,0.14739627801631036,1.3876203305597226,2.503307898884183,5.606193847347887,9.883944469239315,20.723397789793637,206.44958614692925,0.04427656016494892,0.21168195683477814,0.42969051793761304,1.3151523725156689,0.04103312831650463,0.15949971239917188,0.41401569258009263,1.2980841337990265,0.09996000395844554,0.2818149009935692,14.093533709854212,0.73933486882908,1.860998867089656,6.365750745789798,13.48971319330599,9.07773463382485,46.8651904687366,0.11895009519906069,1.3323698967303816,0.3490663428924915,2.0234281970482466,0.09713240246002755,0.5212375637410012,0.05812224288009464,0.22157643907526473,0.03413519345584362,0.15311098826020714,1.6232581452687964,2.7819003593122003,6.311208088066426,12.255941628519613,16.419977993941714,70.2650766615554,0.04675742168474353,0.16438134101901172,0.5424054627744853,1.2677335574135058,0.0808912715545327,0.3880361075880936,0.5280040410280076,1.2965296455237012,0.13897513684356141,0.3616716398075224,14.093533709854212
Train112.csv,0.07170898249286245,0.12723720750791023,3.4839992352149913,7.659266284382724,13.11075731917316,21.694337770122036,0.0,0.0,0.0,0.0,0.0,0.0,0.0,0.0,0.0,0.0,1.3127090646181,2.8447505217884514,4.802418985292157,7.623289585888396,15.67847366187733,34.37763784974738,0.0,0.0,0.0,0.0,0.0,0.0,0.0,0.0,0.0,0.0,0.029670597283903602,0.05445818635379601,0.1357806583475056,4.436252915039505,10.472174745050827,16.68592381941594,87.67892740313648,0.0,0.0,0.0,0.0,0.0,0.0,0.0,0.0,0.0,0.0,1.4023914712419188,2.749675192399503,5.050686615218488,11.516518074303566,19.57448275711276,144.45779198614076,0.0,0.0,0.0,0.0,0.0,0.0,0.0,0.0,0.0,0.0,0.029670597283903602
Train113.csv,0.353683396368227,0.6784025850277415,5.824270866490908,9.993662244237868,8.22113597554503,22.465718915902748,0.07271182071379836,0.31703481252223714,0.02361909287068112,0.08858655635041393,0.0036836349135786726,0.01124105983648956,0.008217813899646428,0.03139541129781848,0.016797675625750463,0.05102107070071977,1.2832276604070296,2.8918811053600546,5.8833560476164495,12.812451120948042,22.495517252138225,74.46009113612772,0.015019806070637505,0.060951301141968284,0.48070704109766454,2.29839805089842,0.10724404520207445,0.4952156933349448,0.37233031594490545,1.5978733638897207,0.0597264104691027,0.22746386221762208,16.97158164639286,0.3305648399340627,0.5924457983181708,6.102769714213207,10.707631900726968,7.317438255279701,22.046191653715226,0.05135792919849134,0.21438392043473922,0.025439333962592445,0.08984821863652033,0.004135691621751561,0.013844426201206636,0.008000496284607111,0.02632272331166952,0.015995990769105843,0.03966803091162987,1.4209843013686725,2.4913410913912983,5.390812051653992,12.41990110223003,25.197129547177536,195.4898423514335,0.013871439842762658,0.05422530173826255,0.4889089225331086,1.8344076225134447,0.12297763024979089,0.4945017322848654,0.385466342311405,1.287561108209482,0.05645624018929113,0.17458809662728586,16.97158164639286
Train114.csv,0.4569049471622395,0.9659975543030686,5.849190414884574,9.317611997511031,7.966389727501887,22.176565740263026,0.04971134221214247,0.5347004311794903,0.1110348208521782,0.7978584923059113,0.022534960608738958,0.1097277462032794,0.030177637779144097,0.1250691218478682,0.01884557282589468,0.04785082444809413,1.3915508642572185,3.5198038018950597,6.402425340334257,15.855005728634959,33.40916203737094,421.154585571008,0.051397805329973484,0.6430763473212616,0.4031245240100348,1.5112439747147737,0.04310170851979962,0.4118560006004667,0.39995074514166135,1.4958435290659318,0.10245461166758427,0.38771997577238515,14.152874904422019,0.46402791807091565,0.7873913565125422,6.344774623133837,9.46949539197405,6.914187439325926,15.758912478541315,0.052800432879750045,0.3536483396324424,0.09535917525448603,0.289161574069671,0.02415212874662253,0.08515609126525824,0.034902843256541076,0.12091374314136456,0.020078896210620242,0.07491322456164078,1.4604106647664383,2.7627526011347294,6.050704059703567,12.715168102476333,19.379444014248552,70.98327862907509,0.028087989197006807,0.11829360889786139,0.4912874599954997,1.2961561531404406,0.04127641041007817,0.18459243456325952,0.48612642527556105,1.302763362982452,0.1082941537826788,0.25231904562301033,14.152874904422019
Train115.csv,0.42744379204786204,1.138377693085958,6.984333188789435,11.625692287301232,12.873137393127092,32.407699531098665,0.011333973500952992,0.09519305303560432,0.12115856763742301,0.6262778515677301,0.06149802101851,0.2738742272978752,0.009216602798261624,0.04848660654090351,0.01307612841397226,0.06639390094967178,1.3311762764793384,2.2970769170642322,6.0183134431635645,13.172132103573103,21.74136069799634,84.82044995447744,0.020256854035952405,0.12279913297495265,0.02255794250129551,0.08340148843235161,0.44062113922251045,1.2417395527604644,0.3006637168594963,0.8274120632340033,0.1369334391090706,0.3675169153010402,9.761626506404285,0.4148616237698779,0.971043317962947,6.73466370230763,11.082628070319979,11.499191226584161,34.99095015274723,0.0059321392932760834,0.02362725358613011,0.13351440551595567,0.6910686700534378,0.0466619020635478,0.1861188809339374,0.006491229650622062,0.029905879770985293,0.011241654568796059,0.03337238869267512,1.4554695229939911,2.3465681744073934,5.9092426140556595,12.483468112263456,21.739816800380027,80.07788857888747,0.022702960343577445,0.07644742270717642,0.027485802380666564,0.09012521252971371,0.4408583430187404,1.168219933436354,0.3414655442428157,0.9958137703971182,0.133890962082736,0.37014591763580956,9.761626506404285
Train116.csv,0.20700241677984002,0.49548387962105545,6.2932161477552295,14.420832277807431,11.797684942388516,37.061889865956815,0.0002015462041382774,0.002226734247073024,0.003283412047177874,0.024554206363377528,0.02164990501520761,0.17778851235810084,0.008222152763774878,0.04822528540570677,0.002972478479439577,0.021453587830608575,1.3149881310692222,2.270939145699804,5.638590944643003,13.946547844720572,29.732782875125118,172.55809586148754,0.041171166721180416,0.13679170010892305,0.014980132608680174,0.04790612466387704,0.014287839623648116,0.048381515904349755,0.46772263365545075,1.1608708079192367,0.013743205008811488,0.05438402141914005,4.3912483980177335,0.22243944901743237,0.4941470782797178,6.838920528910201,17.143867182432622,17.505270484211508,103.40614047774798,0.00030067072731827213,0.0023310993718747256,0.004309499342355888,0.0232197824527096,0.028482503466672478,0.22636644271912135,0.009555619932189131,0.03469609849812983,0.002473003816015545,0.013302572415153086,1.4047964757522164,2.3130136157905814,5.378278342252414,10.958749209715716,20.704749118414046,122.70702866540674,0.05477443043855866,0.22540873153478946,0.020127111162382343,0.07107095463313741,0.018125360092993557,0.0927938471653858,0.4920574242932086,1.2786304667367505,0.023409828597771312,0.10213530512375579,4.3912483980177335
Train117.csv,0.4162470792395157,1.2480739357750235,6.610738999910221,11.385189658087443,10.456463976294792,41.664112202724525,0.09001586980968067,1.012890194367563,0.07193038753923162,0.403265346961586,0.019292457930764957,0.14168463557763591,0.02064283901840782,0.08799579447201869,0.027450371711609273,0.10085850104762369,1.5583376743737984,2.8777609401246713,6.0167608009407445,14.964153738228624,17.85123119280967,99.14984077434124,0.025990099322053456,0.1514121341555335,0.5797472249767293,1.6179517115477544,0.03495404873353703,0.13769151598120283,0.5457625495453963,1.377579144709685,0.11775905883103491,0.30490936111771894,15.369369393062065,0.46383406972876684,1.2768207260860993,5.955245428025737,11.539510925636757,8.789691215961792,40.47481677639268,0.09383699844995318,0.9641284675487131,0.11792530478267171,0.6149778735781812,0.02482958645851964,0.21022695467852381,0.022233969394004453,0.08169686109423939,0.03086326240054961,0.1211544165751185,1.737120441905784,2.814015480868717,5.881844947651263,14.780776377820159,16.960013011817367,60.13095540761055,0.028836152196414378,0.07595370537413411,0.6550682857577043,1.3020322187582085,0.05072230811752163,0.1463676291835258,0.646768246705873,1.2947988646678443,0.1458295105930441,0.3839184878923474,15.369369393062065
Train118.csv,0.07306365722664418,0.12981728643299698,3.5344840910089568,10.295854551037955,11.904402629494985,31.685106859535097,5.6920937885653835e-06,1.7100738818841998e-05,5.234290752197019e-06,1.792580220678073e-05,8.744007338109603e-06,2.6032884787695432e-05,1.3871668055884243e-05,3.38759856802131e-05,1.566443022492849e-05,6.227578909544283e-05,1.3665759401758533,2.904850748552419,5.425148417999626,9.902196562800238,20.28944652685066,69.15219920415686,0.06995208593627283,0.44104453189944043,0.029004606018133976,0.20356436742035022,0.015312426101796079,0.09797350594394731,0.010206390950345996,0.06751726125580104,0.008269134617805339,0.05214529000976033,1.335176877775662,0.0570547900379717,0.13280285070933026,4.32537310947181,10.813005052813315,13.301376620822463,61.166273483572226,9.249537382314041e-06,2.541905121768863e-05,7.939560188461002e-06,2.311074839484093e-05,1.3012900592040613e-05,3.5314085886522836e-05,1.8061851522801305e-05,4.717445553281342e-05,2.1576389057384963e-05,0.00012688146408324524,1.5194546519796273,2.7304937200536914,5.287676225363265,10.49731779486318,20.602596170414415,73.45342128715745,0.12762625238795336,0.302930572459521,0.049055925853785966,0.13588719072406444,0.02597224506272669,0.06285828506288238,0.01773873390966614,0.04260828985370806,0.01341180844782344,0.03444488653487421,1.335176877775662
Train119.csv,0.3566977125354719,0.9296265189422718,5.597734173243394,10.5409372460536,5.705215474131099,17.70046193326169,0.09127185734581342,0.4228055361620857,0.035702815964056486,0.16608212641911266,0.006182910014384096,0.04368705219501075,0.013030553588424539,0.0992037840238943,0.017093709743708642,0.07089654724271473,1.340838580826871,2.9953658302665676,5.7412719966613075,15.31613574164535,18.04015301205408,102.92587646615306,0.02360101214108771,0.09158012306055437,0.5133569710158443,2.390525776098228,0.015733530036469566,0.06069660736224753,0.4675002472803721,2.1444866592004135,0.09569209379825414,0.32332843746624024,13.50012176417614,0.3406434514917133,0.6925995222595642,6.335809112504549,13.199951746667857,7.3952638661874355,27.20728670017767,0.05594792160972976,0.22788543613225673,0.04904007346227183,0.301323469744921,0.0067016602642750375,0.034645320849770636,0.01626860013943581,0.04574742142728801,0.021781402724285692,0.08356382484467004,1.493545077760054,2.5279203844905025,4.8578903150955846,10.184878332484024,20.65895594528043,177.47607068175884,0.02407235913997692,0.1623473655051535,0.5991296905583853,1.8459516595904077,0.023452809309619578,0.1353657032282256,0.5479453684756908,1.7862310140203246,0.11430176544167597,0.355286560650933,13.50012176417614
Train12.csv,0.38049864868875094,0.8673975234833895,5.4952602314532415,10.53936115943919,6.837129436192854,25.98874405453155,0.016696028390592796,0.07871408213110746,0.07227965729792422,0.4589341643165009,0.014571207610273446,0.07345741616715183,0.022829984839176344,0.14491838666285364,0.024483644883331386,0.13244563936579182,1.2533379141929029,2.976566157000841,6.199285413915842,18.279220928863747,33.214430750667006,163.65332488414398,0.02431848080911542,0.23419715004440433,0.38914562243296813,2.073524082023885,0.025064204952594538,0.24224285050256836,0.3824247107342032,1.862990207606658,0.06350686594940537,0.25564013078898146,14.449580877261054,0.46368367298571345,1.8432592450055834,5.3454133842051945,9.645467025056021,7.187815646703571,43.95141090500683,0.05243627142614253,0.5536251869823765,0.23651399644424229,2.4033174296947064,0.010749068406325078,0.046055261664942684,0.015336985384989323,0.05183995979314878,0.018585416100459752,0.1005116198837415,1.4698684665143131,4.0720608172611765,6.1816781072732265,14.395927904365784,28.689833787981446,240.15124690593638,0.03268982314445512,0.3229293110151568,0.5142536482092235,1.3884029083037095,0.04356737197511023,0.29113534495976184,0.5067427833147785,1.4862313980679898,0.0856552229119589,0.5207806635967391,14.449580877261054
Train120.csv,0.11051751675414806,0.1869996069429724,3.9425767664100606,8.469001256018384,5.674471644735099,20.06378396498277,1.7750129096442823e-05,9.138947701939081e-05,0.00010767988159080075,0.0005402481169141044,0.002022905551765544,0.014022436125239004,0.0006977080608744294,0.0031009523221027014,0.0003399155424356753,0.0042751190869284444,1.198288617489161,2.833813315762389,4.928226538743586,7.785172705456482,23.987046202216252,94.26560397634269,0.011617858958223988,0.07026340089419564,0.007833406272775163,0.053436366808671094,0.02799556368580587,0.20359558289819935,0.3646720758232702,1.9515102618191316,0.0125635663870277,0.05367120015169758,5.222025121967034,0.09998295782057641,0.16543418941204563,4.195109390203485,9.254784630847341,5.789595718364922,32.433807201890616,1.907084179585329e-05,5.533918628899508e-05,0.00020269494019805933,0.0014843973645793456,0.0024468854819266095,0.021621356612716545,0.0009218063154105265,0.006844200035807997,0.00016872078190221037,0.0009375753371739658,1.2505953793579965,2.4266101139798693,4.574863699221168,7.110836588654145,24.208411678071535,91.54717830021983,0.01475868948757345,0.05884237508877317,0.009757706876936853,0.03934995963555211,0.034790882455178425,0.15270006926856067,0.4109955832033837,1.1313528328390017,0.017190909299112666,0.07494474409834503,5.222025121967034
Train121.csv,0.32393433663338145,1.4708924595923207,5.006913836183564,11.3839153376484,6.036798236804375,24.89389972585474,0.021147992517287943,0.28154259997378367,0.08000795439398176,1.830490548038979,0.007427043197062643,0.10494482171109429,0.006523818829532058,0.04932918726486809,0.015659333236725484,0.08830178605316853,1.4579147456757635,2.9012495034359986,5.686418694915945,9.873430606049105,22.932776610752835,101.1175241470769,0.01979873544363326,0.10381031564899038,0.028230269655549693,0.27558196568256976,0.5861196856936821,2.189440820054314,0.39503427144557124,1.7011265074724433,0.17780782494523698,0.6254208076842068,9.702285311836478,0.2619108471452024,0.583492109851724,4.8074626936322815,11.199239688633272,4.53496176982004,17.992518521635773,0.005708134723374071,0.06934110946298244,0.019905048177807527,0.15707918387489025,0.004750205971208843,0.038351728320150456,0.004854213272956336,0.016316614852809427,0.014671151738334037,0.039763349023506075,1.5293550805902019,2.778195954608533,5.741149810813791,13.583731517222668,22.114920755290488,112.28870653844427,0.023922501916348267,0.08328138276841733,0.026899908691236707,0.0978703749677304,0.6632313917521182,1.7844425701850897,0.4718243385751947,1.3498139624224867,0.20591831373590466,0.5513997632329477,9.702285311836478
Train122.csv,0.4471397117663808,1.1214543802627623,6.615632979127437,15.156599552572708,11.487385922465661,55.22738552155052,0.03708969953639975,0.30141197541590886,0.15969578659240113,1.0310811476688289,0.025676266797329685,0.17859213637753768,0.008440282865040113,0.03919952814932798,0.013978363749802714,0.05730770233526183,1.6327088499666036,4.499759919332019,5.617771962654432,11.674041545619891,14.43607233355662,42.793774377522155,0.03346765791415464,0.21968891886398292,0.24229023231323218,0.5724371989452729,0.3686624933931542,1.1779211096168816,0.5287514164547467,1.4635779702566116,0.12403306688187855,0.5703264221580457,11.571532940722404,0.4864980218790528,0.919658104727817,6.514416856256451,11.087818321501999,10.017681659767165,28.770209173897975,0.054217635941681934,0.5303884216616733,0.16788547553662303,0.5250609872943582,0.02853373070827174,0.19008475352345908,0.00968844362299763,0.04353906262201788,0.01524156238941463,0.05273723638557769,1.7417325619528425,3.784629417029175,5.841542793043343,9.871376370151825,19.604830285202574,95.80360335657468,0.05364845158120644,0.48832171471553937,0.3037339329840988,1.0193025617956035,0.41479791358403056,0.8569542278396733,0.6312613621954892,1.2294252179643452,0.15182515547570147,0.5605535375026645,11.571532940722404
Train123.csv,0.6961825081213269,1.501258158530587,7.0646704424386275,13.507748404766572,11.809310779859262,39.706851461929794,0.3439670860488375,1.6889817345514004,0.1276334744355238,0.6896459996428963,0.022617984590843083,0.10042186887207424,0.05895323562594367,0.25554724956638647,0.04285620594881186,0.11389661332805089,1.5109753277401772,2.881615416033999,6.108427096721224,13.596197487075315,19.556064966382987,79.20112446799973,0.04838233611750793,0.2721728354298834,0.3576258358235752,1.6241860044620107,0.2604325345974114,1.2013162654936187,0.19847276136449865,0.6052864057596272,0.06163017142506466,0.21530033250389613,18.395770316020233,0.6769642084894,1.4173297808554564,6.442531992889567,11.553084737959907,10.10163209741223,39.86185651845581,0.3454247133307997,1.2610778071873778,0.11354432473536868,0.5776333950222643,0.02266665592458163,0.12540201587396252,0.05093810739574381,0.2507371429119163,0.04438719267690406,0.12417953412608665,1.5612942032025514,3.027216964035641,5.856313701523966,9.549938711351318,20.028155408790205,93.31645781846515,0.057451507963955914,0.26109472232151154,0.42544173513306105,1.2984840647067486,0.32095683385940527,0.9945310800875923,0.2228640813841003,0.5940674013289214,0.06319364086930593,0.273430866914701,18.395770316020233
Train124.csv,0.1787027791495563,0.3459260512734454,4.296640638460753,7.323590415175522,4.556062561294068,24.290116595293124,0.0006610580574558513,0.005321681192337943,0.012483576351879914,0.0714267451583344,0.0048418975159819745,0.033945633939569744,0.001698022909123762,0.004415402773813088,0.00136658946482065,0.007025489295915041,1.3485709470234282,2.227825823650525,5.296041237561994,7.9045435185691915,20.525770659143575,73.93198186603838,0.01066869272898302,0.03721900640020999,0.016456044920003996,0.06436940325643675,0.4822389631780897,1.5273686692757418,0.3141962881094496,0.9244433587440833,0.16096174808337424,0.5341974386694351,9.998991284675514,0.18682994307575407,0.33949320899986146,4.854154663663385,8.445880066375665,4.750148479078355,15.796160230664256,0.0007394064814490566,0.004153140859822844,0.017578115966832633,0.07629894658791984,0.004865536969171933,0.01770886170635696,0.0019365027220567051,0.006879155873766906,0.0017320032672443536,0.01267514251358194,1.4757933239028385,2.7142443207850637,5.524758873882695,9.932365854145218,21.43074732086539,68.72313851022014,0.01584190885246494,0.04604443691984195,0.027124678409184755,0.0796570984354973,0.5638120106271469,1.3214140586990515,0.3945261844692971,0.9689484564805276,0.18639392398465648,0.45337149460632675,9.998991284675514
Train125.csv,0.1738279856711631,0.3395956822160713,5.598682027117588,14.19987582806695,10.041849931279053,55.36157280902757,0.00014475414632991732,0.0016950198217310479,0.0012172770858636553,0.013298244647741281,0.0074320512247642145,0.03299576130496801,0.00898447215052672,0.04787028827330171,0.00266799439657475,0.024548459687012667,1.1830289667070042,3.012712989891285,6.204540602711736,14.322201433994309,34.936001806186844,238.6536957662504,0.028281403637078054,0.1295861973778278,0.009227156186566244,0.03268412415740593,0.00842621770274419,0.03302826026657118,0.4143354537960595,2.2013553609910987,0.009950294395003147,0.03890900490713455,3.9165188414752756,0.16394358196817446,0.3673852428658065,5.4500031174394765,10.166966680717605,8.86619162056596,34.87427049897961,0.00012201980860183973,0.0013403475302398232,0.0013850628028168168,0.010130509636201442,0.010671825706561437,0.07665245349152373,0.007526336897385633,0.03502569353967993,0.0015955596022759193,0.009504069266917698,1.2883348117628675,2.565565932612646,5.853285087906862,19.79664773499482,35.6654483675919,224.51657805680034,0.04100194616124282,0.1422248034744148,0.012165009123749303,0.04180268824425799,0.011118743275047275,0.03461785708782628,0.43052549862066286,1.8483775956843982,0.01733691074462615,0.08325302123555206,3.9165188414752756
Train126.csv,0.5227004655048408,1.2183653762537492,6.063032703798251,8.990765690074348,7.352519577594322,15.679440976424665,0.18585460266083453,0.8830870104303766,0.05065076345135846,0.26993727882753504,0.010652476361206222,0.06191526553172559,0.029625793459937946,0.17495462719392005,0.02632444783516529,0.12510261148133664,1.3746219757236404,2.90428288603276,6.289724449806458,13.708794792536525,21.56036303528616,102.82122741937557,0.024574660157181266,0.09582177623088159,0.3653784082305884,2.184888298260617,0.24858016119147713,1.1474720908265392,0.18708296764902937,1.0666932612333142,0.04203845245162281,0.21304626559869555,18.36609971873633,0.5455947252694862,1.604117221400526,6.952510475250425,11.889163716721118,10.332599853022298,34.88128669136871,0.24447172861750577,1.3350520234964782,0.08788009052400189,0.6152185509329404,0.01782114742860775,0.14235779754221994,0.04116712297747884,0.36582297212486525,0.02657572540250589,0.09639879415193611,1.4457829414314223,2.5199496816302234,5.674970767340451,13.143439510445203,17.819646485057376,51.64735979000143,0.04206070844418848,0.19272779626852365,0.44157395005517136,1.4934709589912953,0.3231583640042531,1.0682218533213985,0.20850532318923048,0.6685011074709181,0.04063781394240389,0.15487044960293334,18.36609971873633
Train127.csv,0.5741066678998888,1.695068218720738,6.213937545645715,10.30392163357254,7.128980903900581,20.782681782307684,0.11619691590097626,1.36240811457436,0.15652952722584604,1.1934997681603803,0.03988478523859869,0.24078263074101955,0.07216361693274972,0.3423522434963984,0.05971057842738636,0.215000594963348,1.419801758657521,3.7235203447622354,5.65375284540697,14.062984768390042,24.736820002319032,157.4787060183733,0.03726565416859369,0.4681483240986539,0.4912823924379614,1.5219651077744325,0.12767882930941285,0.3913565738096627,0.3895574228390771,1.282105249771591,0.09418980349948064,0.3237399645660674,16.79355806268944,0.715134641696366,1.7988617197020618,5.654288444723992,10.591648073032482,7.907566997740184,26.495541198416973,0.20280901588115563,1.4354824767016012,0.2646169368210644,1.3639672493269723,0.04046029635415869,0.20837040735021445,0.07372206419798716,0.3419130066858009,0.04989940745851023,0.16312429368184667,1.5993376781280473,2.8373635938811677,5.533622720423154,13.389576777780302,24.919901513222793,153.87439647287292,0.05895033620086745,0.5131447326153868,0.5599908684519594,1.402333079200667,0.1805193961233412,0.5876596028774468,0.4522616768375246,1.0632199879452997,0.11059360885505501,0.2984838480497728,16.79355806268944
Train128.csv,0.35183177517017405,0.6652075376265925,6.241272622770597,10.942760922981776,8.24431043915645,22.782798146052382,0.06706165927638572,0.3311439786147604,0.02031304763135296,0.04740041055966754,0.0038171659489695193,0.011217507984000692,0.009494102672919665,0.02785709256735444,0.018522396231460455,0.06996007811513956,1.2385159743056016,2.559362240760681,6.026195847388502,14.344705541639557,22.490073823153175,58.15271965122094,0.014573089036799278,0.06264854347412818,0.3435189012870097,1.5647687708446543,0.1811348456099836,0.9003118547369465,0.19450075492025024,0.9376800404976404,0.02931609419278302,0.12621992330146922,17.327628813799702,0.37665499180212936,0.8372600823835005,6.367663134522796,11.596617657915747,8.287286037034125,23.916658575390365,0.08091130532164482,0.417173361185436,0.022755079776824384,0.1126670489000218,0.004556333951775583,0.013519003323934261,0.009595573816674675,0.026090222101185955,0.020965012456957866,0.09830971668561408,1.3848257771322035,2.773158588622985,5.8576421763364745,14.560299769375655,29.742220803278254,171.70935901215574,0.01751130974342033,0.05112259237641669,0.4150577469936422,1.3323566288986124,0.2308226218497998,0.7918761018166053,0.23358656492780733,0.699808172423208,0.03128847095798823,0.1043857005354255,17.327628813799702
Train129.csv,0.39000690260140414,0.7950666890873261,6.427151258364973,11.920379683706175,8.340845380192821,22.604859708837846,0.04118615868534278,0.19650074322904842,0.07617260353228375,0.28853535190042406,0.01077684063604246,0.04590063199045395,0.01836368475966426,0.062167186257092,0.025941194837791202,0.14054738358922658,1.2882925065836135,3.0146117954233063,5.225914092413415,11.274305429181666,15.381651339017122,43.065593793845004,0.014341348111058989,0.06271187949027004,0.5023461845998805,2.224800370704181,0.020056612905696183,0.08854870610832455,0.46476024820926387,2.3338261642168407,0.09069331596587418,0.2827279777644426,13.173745194053199,0.4063440986182526,1.0249448842838085,6.932172486936555,12.754120830564801,10.243005245682738,41.927964810310414,0.054462068638602035,0.35986907478678715,0.09403480752045587,0.4775754185094038,0.015775255309080763,0.07760804303032263,0.023246336449510047,0.12221171671467809,0.0331153113842167,0.15578899091106654,1.4766584316662974,2.587833870319398,4.743678538345447,8.859182674579174,13.440576804059223,38.821675648292,0.024100336754863762,0.16931960316851197,0.5383151287254222,1.3834234979616442,0.030365933500048937,0.12986156950615807,0.4950125038094577,1.3708726592673601,0.09276820260452377,0.23344994124677643,13.173745194053199
Train13.csv,0.07099926062282821,0.12653057496354092,3.566612069044563,9.172484759851379,25.264751700300632,160.69426504564558,0.0,0.0,0.0,0.0,0.0,0.0,0.0,0.0,0.0,0.0,1.2292124977296734,2.289451728772211,6.188727531891843,23.718472541689447,59.50976160957562,450.1409500390504,0.0,0.0,0.0,0.0,0.0,0.0,0.0,0.0,0.0,0.0,0.0,0.05459590626055201,0.1352153957366146,4.673078649806535,13.210652080096226,16.220414502946774,95.48194636119047,0.0,0.0,0.0,0.0,0.0,0.0,0.0,0.0,0.0,0.0,1.373585338206814,2.814461413549307,6.091951280039154,23.282046284929518,59.680454550380134,418.72398660119296,0.0,0.0,0.0,0.0,0.0,0.0,0.0,0.0,0.0,0.0,0.0
Train130.csv,0.7102698329185477,1.2602665223262781,7.5475686212144,13.141332138435311,14.192687388613002,34.267516094057335,0.3303730017796102,1.1314437135250133,0.11441745058398285,0.4891447436045566,0.02147781418612863,0.11759833414196076,0.06432951072342223,0.1884752888101875,0.08167952529801611,0.2241528572254786,1.5347033994539006,3.7263724300608168,6.570223030609915,15.500294788645101,18.16312401431148,78.65079494631685,0.053203237900599464,0.4385452557670787,0.4457543380268982,1.260959222941592,0.30617082822209735,0.9741083920011823,0.24489186963964346,0.7856522399876562,0.07377714071365081,0.5604893176630821,18.603464497007558,0.7349814923658615,1.379142735548311,7.797034099617591,21.8524027109993,14.633705803676676,101.1642598342461,0.3254726691277406,0.9273578522444504,0.08762009653108502,0.2571940176703021,0.018927601702188705,0.0793575672256986,0.06561549583179017,0.221322020183194,0.0799373701028919,0.2156482219749027,1.6091105181222698,2.940982935056625,6.0717825242358305,11.883488682206098,14.798599422239398,28.04851296649043,0.06016339872442844,0.16320346013200712,0.5583927643912807,1.2534673363108741,0.39911400571269373,0.9592992372074243,0.2889630796680096,0.609429986706583,0.07254168233876275,0.15152715670195951,18.603464497007558
Train131.csv,0.13567353630130563,0.19983879536563048,3.803623096141381,7.7043690089249095,4.546134003928746,17.984570316071707,5.0742694943441114e-05,0.0002296481470194613,0.0007554368675460777,0.003875745735881475,0.0034411719353980384,0.014415125078535783,0.0010834027667009556,0.008110996745917292,0.0004178180296473265,0.0018496652671781155,1.2526926030089762,2.2250380400288323,5.042102208073036,10.304897631442158,18.593519676611166,71.27037771405483,0.015410405763915608,0.04022706304886046,0.007988526842511653,0.020102039955304116,0.4189446204132299,1.4241255598253655,0.011058169919147343,0.04010333417472587,0.25164789282193634,0.8307134062260711,6.497860805174889,0.12759698915685247,0.19267896909633567,4.25093197194801,6.800950063198781,4.644324089908442,11.646699026321462,5.656783566338145e-05,0.00022401941830475983,0.0006395214975804169,0.0027853411447394177,0.003285387305386119,0.012002255612259637,0.001528096262111615,0.00823866452016055,0.0008586839115919689,0.005025844784882831,1.4455427608576734,2.7398668044017427,5.074598600604124,8.321853283371706,17.683372476757732,36.169648571005226,0.025151212075676898,0.0858958299917507,0.012527554013308177,0.045369703334583525,0.5601288325893172,1.3257870405234826,0.020851303585012155,0.06572617682984773,0.3581644302091616,0.903906667731385,6.497860805174889
Train132.csv,0.4157158482058564,0.7565001696594613,6.425583527034407,12.737537896739623,11.531438225120953,43.27757738267654,0.010242993361877945,0.047642990880753786,0.1379311939797101,0.5011496729764383,0.020788424813763348,0.12390945129932512,0.006075748839922898,0.049676604365438456,0.007029925852781581,0.015584950711416329,1.3970036126964414,2.380882200486857,5.204072827189909,7.58673467008297,16.797388385022924,52.44287559908584,0.01351495760812098,0.04026266490432182,0.031008305475615262,0.21763547693371957,0.4967790296466034,1.563328051924056,0.34791973593239617,1.096195474106886,0.15405892413380795,0.38092338229106854,9.850638298255996,0.4160853124796813,0.8790571973242711,6.506857790380359,12.613361169784296,10.558702423422382,34.15339831419053,0.015074619333780313,0.13655791499832284,0.1454306653783204,0.5709069612341012,0.02506443648914767,0.1559506274279973,0.007258577834287231,0.03537795067935487,0.009649983590489842,0.03371252814013226,1.5311597600206945,2.729053149459023,5.749614399567772,10.619542604672503,18.817040585348856,55.02238775449422,0.02517318891774687,0.19981007926077393,0.03167776285417856,0.11108749870586092,0.5201498866177322,1.2446499315738644,0.3946040284883323,1.1201512351155842,0.16200872985340267,0.4160420994175751,9.850638298255996
Train133.csv,0.405749504612186,1.1566705454441595,6.011426700853158,11.950662581292864,7.995642842667277,21.60993277615018,0.15829355283186752,0.9837205472996061,0.02926469776866059,0.1966668106016394,0.004582788435832641,0.018338620471383474,0.011365253382122284,0.06862948579095403,0.0307538191268483,0.11476214133464795,1.4340626262831044,2.613564560020732,6.049234552103358,23.714326484445056,38.525210820963835,360.3511102119684,0.023817150483668247,0.11585778935714024,0.4597574271144407,1.3924125994523715,0.3001959895971683,0.9763841191254554,0.22334089365078322,0.7203486909153448,0.05203383304769313,0.14554430219275383,17.654005383922645,0.38804743242826323,1.3112611202953954,5.698186038610682,10.349611810927247,6.082667127380562,17.425184695651968,0.13738419104801475,1.4557235980314536,0.024885308387408385,0.1773249405123026,0.004100333337744769,0.023728840512157894,0.009835348234383747,0.044040268071535715,0.036607384988292926,0.1299812767852525,1.5081741794318404,2.8482235996121386,5.679711917022537,18.98018712362872,38.04838053674081,351.35849692759996,0.022603575826256907,0.07435220083150292,0.5211604632794238,1.3399038991090286,0.35986036011936795,0.996682056421819,0.2512278525874731,0.6817189891463133,0.057461393584099005,0.1740191131639083,17.654005383922645
Train134.csv,0.5755305007034259,1.0486128886350228,6.171615326426887,9.420472397859708,7.997868997238249,24.667937396777823,0.24235156428350935,0.7828821194227844,0.0802512205160893,0.2680136063843974,0.014779690265385614,0.05739259488048467,0.044787708348135474,0.21057271313907824,0.03332505738503293,0.14366425285013562,1.5662341969080025,2.8721843698131946,5.54240577124917,9.453070829073791,14.95604706617133,68.28860935921125,0.046744456882616844,0.2146369597947353,0.5240337146971813,1.1905263476947752,0.36232410125300224,0.7575643924406713,0.26877567357730703,0.5660153601462227,0.05983906010066857,0.2193551198832328,18.45511151058804,0.6390832428288983,1.457460151114531,6.9151906119185504,11.430389717793286,10.685464911142258,37.12712212492294,0.30746248130939463,1.6803340634527753,0.09941938514415219,0.6654840222309786,0.01927586546812336,0.15979317900721973,0.047647001633598224,0.27708232808032934,0.0332939492544612,0.12319089236644512,1.655424690761937,2.3911925091041537,5.7665303042567135,12.067097301533792,14.472293746364063,53.02804214281197,0.05029591920473843,0.15689404504547014,0.6054552192022946,1.2881602109114518,0.44963518123265,1.0395610109744828,0.29822609845885883,0.602202427733258,0.06534501003826848,0.18784779319053505,18.45511151058804
Train135.csv,0.24993329978026568,0.4661099954677507,4.2793251905980405,7.275771761354844,4.04136593672251,11.92027000165963,0.000875745124417619,0.009950132800481777,0.019680736731305857,0.17007494978351606,0.010822974828426724,0.07081504852039505,0.0026243054655116687,0.017367775170195898,0.007179410075371201,0.04981570140049405,1.1790117523406551,2.3104047401029812,4.650979477515589,8.833650160561703,19.468354967809425,89.82383029478571,0.012928510677162363,0.04769050600320249,0.014593382248397136,0.052946303044724904,0.425890273563745,1.5245196578298508,0.2703576572419405,0.9728694078870447,0.14642427661077215,0.5805789857790024,9.286896949861827,0.2676211224163221,0.609035996750494,4.739264971539351,9.680866361279191,5.782470061204826,20.61502517143729,0.001219681492587501,0.007186507835148115,0.03179512355389903,0.19910294672906376,0.018846433465657397,0.22453747148085107,0.003551735422150052,0.024677539547770553,0.00833433249362268,0.06838436644274497,1.3662301339496066,2.722196874080174,5.272225533216854,18.54216345078153,24.980686429980178,99.82122762660696,0.019192626703252058,0.0901116897185778,0.02040805458815168,0.07708273577459814,0.47853723019624883,1.429970817321444,0.3413769704345821,0.9962565811860397,0.1590488715623595,0.47093378566633143,9.286896949861827
Train136.csv,0.45582055332094673,1.2866346210152264,6.504602429845249,12.732574240740684,10.72007765523663,46.965440569866495,0.10829402876533692,1.19991534208683,0.04798365681060768,0.5178169728577849,0.017062608087506644,0.17979937951578867,0.03635645782670261,0.07774354545266925,0.05682992852402356,0.16093113208954316,1.4546461794182892,2.378021225939602,5.868533231343275,13.569259035026226,21.25415792162005,167.99798158456414,0.023073084289614777,0.10590336920498046,0.5352782560214813,1.6613934691019137,0.13661749237479204,0.3310273274598348,0.4165010739057057,1.1431649036938374,0.08814847564074764,0.260972444602124,16.941911049108956,0.4573440925661254,0.9442550955946236,6.16948539453366,10.91871010545758,8.147577277142812,23.365465494178242,0.08030917883060801,0.5813640042407938,0.05035594716678231,0.23648206337390007,0.012633753936274934,0.03489446307438468,0.04056265526149999,0.10978680476575552,0.05826923842126831,0.19157672759535183,1.5768746367562683,2.809538094896384,6.434450881149574,15.839042662775928,24.834184560210957,130.8343909811441,0.031993542685017355,0.1476333295297448,0.5785632070099131,1.3170575207807953,0.17177051505840407,0.48379889581922286,0.46231292472508384,1.06228484582101,0.10358852766580592,0.29625818106250745,16.941911049108956
Train137.csv,0.39228363682979106,1.791006988870647,4.5771282887052385,8.757484348908127,4.41689931874263,13.499355316045307,0.01602660216657433,0.2203435815240106,0.15070922117770436,3.2576087584389306,0.020140979263800044,0.2252418708441024,0.013403184226213668,0.06652614415697884,0.028130459686288058,0.11561717544147586,1.2965367698293233,3.206257035524706,5.613506613969638,10.027850080185134,25.901873405674717,179.01712736497637,0.02050319147054888,0.16530839732022767,0.5041339491812773,2.275651986086224,0.02581258783860073,0.17592669187996537,0.46717988328876914,2.3714945791793096,0.07613667963569337,0.2817999038913316,12.461650859239512,0.3860265222854339,1.012094059853676,5.495035920840052,9.371777451233127,6.261047193501842,19.724409682969824,0.025994793922236255,0.297509902595904,0.08299229847880063,0.6007778195254041,0.020832868096143726,0.09892547237039459,0.017829301075261865,0.08936459397414823,0.022650598515175868,0.08269633597548436,1.4386736900869723,2.566421023925805,4.9864699978790235,9.979613990536928,20.38427600938921,121.81789311313199,0.018965013257728435,0.09052062177919569,0.5428989283126746,1.2932914569008822,0.02740713144930431,0.07816356372178714,0.4978409303842173,1.2898943954607223,0.08504567317850448,0.2652007700013601,12.461650859239512
Train138.csv,0.07177591265701735,0.12641251707632348,3.73924013085107,7.810801997706133,18.27165928539499,62.00048067271411,0.0,0.0,0.0,0.0,0.0,0.0,0.0,0.0,0.0,0.0,1.3640120864510354,2.2440024915235544,5.644169825684536,12.783662663682241,23.406334332185544,93.33240243249406,0.0,0.0,0.0,0.0,0.0,0.0,0.0,0.0,0.0,0.0,0.0,0.05506307763552284,0.13486758811531877,4.487514367750475,7.810474230268791,15.344635767078474,34.46667157807207,0.0,0.0,0.0,0.0,0.0,0.0,0.0,0.0,0.0,0.0,1.4960624866188892,2.767547203435028,5.513093169613658,11.601903462572906,23.056466397814535,85.29256772165337,0.0,0.0,0.0,0.0,0.0,0.0,0.0,0.0,0.0,0.0,0.0
Train139.csv,0.2528937540059752,0.5930667760990119,6.805027842555999,11.708665593026627,15.745695237568846,48.10194864779797,0.0022806997787520925,0.024693466181305017,0.01692658402924256,0.09104965311511173,0.030224035170926818,0.29395533061821183,0.010719145852917146,0.07265176711874516,0.004808297906152181,0.036526102231357216,1.4016870770802936,2.369018777983006,5.29819237931107,8.420642553939187,22.108240635676403,107.54247046470407,0.01669194380747102,0.053025671722450735,0.011371585930894617,0.03584026050645446,0.020864603404795606,0.07968060311817232,0.49091320030744146,1.4160448185988395,0.01579559846973715,0.08041374973588776,5.044001538263612,0.25532167551585333,0.6061608450508382,6.688033674606917,10.57259217347255,13.481139263867114,48.149666488004556,0.0012469261899153354,0.005719487307104554,0.01278892470226205,0.054585560814407304,0.032561244921739646,0.2981252142261926,0.0125363500584883,0.06421945714839855,0.0049515950921308685,0.03525033838619918,1.4999840957459094,2.7884015253771706,5.553319805335029,9.550795939595002,20.623234586172366,79.80686602060887,0.024660125146546606,0.12263526464573474,0.017358904419930776,0.07173965047736654,0.028079669168364046,0.086458969087626,0.5474329767560402,1.1265268280983851,0.03360238671685379,0.12840781855715439,5.044001538263612
Train14.csv,0.39373462014951044,0.9147806281018374,5.534732042048621,9.95201018635219,6.163513937174068,22.79915037235312,0.0842529540961443,0.4962686201516575,0.03214306100487882,0.19087983068007203,0.005512104752728803,0.02435817346446289,0.009344931367525226,0.04146606957855954,0.03685598290232711,0.18624161652492946,1.2635856513794803,2.760511830626869,5.731435502324615,17.76717178360458,28.47985404345002,125.88886510122403,0.013975258621931639,0.07097684453180328,0.3608993808630095,2.0370113988810945,0.01972705238951465,0.12068745014536571,0.3344363973995784,1.7276150438147155,0.05526131341491072,0.23631021967571997,16.318828506146982,0.39917852467135745,1.1792014617582671,5.769006064313665,11.387141901078008,7.466621056244412,36.41285489906233,0.08932129516446524,0.7510823702894822,0.03176702772895629,0.2810380201134784,0.007062519911376618,0.06143024141352924,0.00905434899396251,0.04413036205286466,0.03551311163438915,0.17538940949180135,1.3478019386415785,2.8022452323022886,5.379923773606422,16.410122641697228,25.33493167704837,122.66958911250069,0.014773365571362204,0.05347672115338449,0.40936980342666585,1.2894950496102573,0.025819499594406187,0.13390957130199826,0.3797890468320466,1.1332320544903016,0.05923162097759278,0.19810792633418198,16.318828506146982
Train140.csv,0.19850003086193935,0.41816113402808025,5.562619187800793,10.985932730031616,7.372904374706782,24.390972923152734,0.0003402224407477411,0.0035744116459632035,0.0058050136286906355,0.04519371163753123,0.01806121958857674,0.08082957450457515,0.0021456158381696604,0.012500275260837563,0.0011478845693266133,0.004104211365628918,1.3160079450266682,2.9370080911387224,5.34462191789947,11.12073516660611,24.22981632597663,200.88455943175848,0.02209109836059865,0.1195038703267345,0.011456691627495318,0.062484265198816044,0.4809936843555847,1.9457734178549644,0.01669096481254457,0.07154211072020697,0.3012533409901804,1.4071623093453383,6.1418136377680455,0.2027273630445043,0.5866852249137157,6.21777351595203,14.08758955752585,10.43485320499894,37.54237400043104,0.00042414683035153577,0.0035124785349114336,0.004740358981296565,0.027385712609795883,0.02866682597965268,0.25341875701180333,0.0028587461620559573,0.017503984844754912,0.0010185601757847378,0.003554545220216198,1.4445672772363385,2.6047787017050092,5.69224939202853,11.619575618575693,24.364965503284253,198.04798734366713,0.03076356079063307,0.10073133283905204,0.015755405517051947,0.05157838978860071,0.5639997971445894,1.4581543994090156,0.029541893961595175,0.11235353859460417,0.3570024006789297,0.9427313557767907,6.1418136377680455
Train141.csv,0.26649513190240803,0.7965714961247695,4.584317661310238,7.857737025754754,5.231035761482354,15.567337139775002,0.026980698628867192,0.5169474273502006,0.03349346382606827,0.20212461657883302,0.005301882997273219,0.022578048649053932,0.0035705275367506014,0.009961032331418582,0.00797104426043862,0.02283697829228909,1.4619530882214327,2.9349851013638903,5.346775501578324,7.211612929287771,15.896951623941789,39.05344303264356,0.020542819850761406,0.06603537633235843,0.023941072335408386,0.07702640492329413,0.5630006750662073,2.283548425896658,0.37865515224453017,1.5530921077072095,0.17262525977696874,0.6162581008032438,9.464920533565248,0.2700034556665726,1.0288441221442,4.628965272547447,8.074891985082026,5.013897403982128,16.217708711279627,0.03137450982965755,0.5588786932446975,0.06597835047511329,0.6417774801681717,0.006671440294605058,0.05279821488456027,0.0040628975819093855,0.020203532058344374,0.009011202634868334,0.023904606030790154,1.548012838874016,2.7738760829744815,5.980827242407283,18.1246289050552,18.40406853250017,70.23775521143135,0.028743247480528592,0.06827087213733912,0.035504700648388496,0.13135411213403222,0.6453391708555001,1.5554662142738216,0.4697504916402613,1.0985112731478277,0.2079252250228027,0.4820615941159723,9.464920533565248
Train142.csv,0.12827308629043072,0.24904970516715053,3.696200701657666,6.148183336640215,5.366720852149147,16.562266237407684,0.0,0.0,0.0,0.0,0.0,0.0,0.0,0.0,0.0,0.0,1.2769743797280415,2.3328772660429253,5.451361966555265,19.589468171632106,35.73160943093821,371.8654045899286,0.0,0.0,0.0,0.0,0.0,0.0,0.0,0.0,0.0,0.0,0.0890117918517108,0.13403469492093845,0.6513307667033847,4.092989795540735,6.556740769399024,7.033056409199269,40.462172387758194,0.0,0.0,0.0,0.0,0.0,0.0,0.0,0.0,0.0,0.0,1.3662286316765426,2.0060691129537003,5.932686091664978,25.888243140485436,48.60716691253264,605.5729486012584,0.0,0.0,0.0,0.0,0.0,0.0,0.0,0.0,0.0,0.0,0.0890117918517108
Train143.csv,0.5558541005294315,1.3088129173191798,7.168090308333936,16.411447045351924,15.070995095786909,62.54341358705093,0.09431694220448053,0.6663616871167732,0.17477536234849328,0.8792613247923312,0.04116915858946326,0.332974977349422,0.022277192260597,0.12996634274532953,0.05122840304353827,0.23879650628956428,1.3221834590163242,2.267230037550431,6.859661121582565,19.713514134681155,26.394487748769308,163.61392067296717,0.020744484449281262,0.10411877495603482,0.3870533830989904,1.2700404863890076,0.04742201464321144,0.21159906562435557,0.35836904081990073,0.9993928005331917,0.08820163251502325,0.2562786604462524,12.75835683207855,0.5408718053024473,1.035584559091299,7.232238910475879,13.672226206704455,10.993197340132632,35.59348084834561,0.054405635981510506,0.39764221977973335,0.15690790269233792,0.5161967691712348,0.028285833525797957,0.13690346019830946,0.015337328557927458,0.057164529693108174,0.05138299405331252,0.17248691970861807,1.41502349752012,2.086481826997209,6.347837288372187,16.974465880422716,26.278219148379023,190.60127280532825,0.025297668081079402,0.11289219300891479,0.41402951162942736,1.1457125893327356,0.04195743595388664,0.1248473334204388,0.40171129790534843,1.1784446838288174,0.10229503234938533,0.2868023174814987,12.75835683207855
Train144.csv,0.1877244240031247,0.3220350885879679,4.584831124563016,9.854042729930818,5.336983009471249,17.361447256370003,0.00027434732502389125,0.002705732464483475,0.0032432892664454147,0.022758627201852316,0.014353451862741385,0.03492368866231354,0.0008379165068999452,0.004659275111001118,0.0010208063061062519,0.003848361751712485,1.2669281043216563,2.9072621105969247,5.201433545605173,13.32389652630371,26.911655690097575,187.15309275188244,0.01863694235765901,0.08037087133661534,0.009551538237901547,0.03922001745177479,0.4622659139735154,2.078081990571336,0.013176929752739406,0.04793363047236452,0.2934507958599597,1.50162253974821,6.26049602690366,0.1781587991201513,0.2940942380684445,4.513311603973106,9.39072371615536,5.059651903116446,19.938097259148314,0.00015905049446983844,0.0006228417150190497,0.0025382132822176625,0.007572795434525247,0.0152931034522393,0.04787859954281258,0.0008228048735531225,0.00266399783295411,0.0011948077052186742,0.0028222019387913392,1.3764295764321184,2.2113774033854083,4.885356945836792,11.31696503624109,28.140027777896357,176.2507210915431,0.025579491302666083,0.07658450654004721,0.013165741858457118,0.040165201162563294,0.5368465170116269,1.2926503280972745,0.021041513311795736,0.0737525044356803,0.3422409048045688,0.8272204903791887,6.26049602690366
Train145.csv,0.15911601627015193,0.3531675574728146,5.76756911641856,13.289387207210172,10.56239862624933,52.020670406245735,0.000212647812927214,0.003571872411288653,0.001795536046818597,0.01426935726129605,0.00772444673110562,0.0619470573132572,0.006973780133768622,0.05249161596123351,0.0024166883347913753,0.02221279125353614,1.3630528519780065,2.777758010787303,5.213844643070194,6.899289388767361,15.979683936879665,31.723574139994287,0.04563816932287579,0.16656300485374267,0.016753128322396317,0.07085560438414797,0.015386479554116681,0.05423034902838131,0.47797712912000023,1.5454804423017252,0.012625325288452161,0.06794400139069563,4.3912483980177335,0.16638430079795485,0.5569227875435913,5.540179253894852,10.528379318464726,7.821539896528172,45.84082099221994,0.00013255964801863526,0.0006223666529020554,0.0023063814960534402,0.021063189706671256,0.018476287303052324,0.2519515934550663,0.007553637927520498,0.04849099741219226,0.002246150885449903,0.031221063925569944,1.5008944183491857,2.7591208901482522,5.034525700974445,7.78513474977779,16.061851151384534,32.4642375825824,0.06311421930117922,0.24693090121445152,0.02258987977690083,0.08442649237561252,0.020749646726990475,0.07785311075970298,0.594533258278167,1.2882427603942355,0.02357024615179889,0.09714429868722133,4.3912483980177335
Train146.csv,0.5143086515404307,1.3005261786853515,6.98758173913742,10.643149729094846,12.294354189766157,32.589571472536655,0.04599564346037803,0.3945270426920082,0.21527614705851666,1.0232534528685933,0.04198236485944029,0.23683176285343888,0.014869972300054126,0.06835054786137018,0.02260784568782536,0.10400152896323281,1.4262182452672056,3.994870792046279,6.542747450237002,14.858011869504466,27.3830638930978,114.76669777116908,0.03421645516772576,0.21957513277560492,0.2089736246366794,1.2515025872801262,0.2959403161983031,1.5310569270336924,0.35261269880181,1.9585002196397068,0.19628485068977963,0.9388488214213793,11.245156370599465,0.5419057274252401,1.4856386327378817,7.036500903431024,12.479237558278331,12.524324795458869,43.94696447589522,0.04712203700302377,0.17922295390356122,0.21162798699201746,0.8802492756439778,0.038636442675123034,0.2859444478454705,0.016845115577953117,0.10418008701486763,0.02360102314527532,0.1688887815463584,1.6003843504420916,3.1015941608648263,5.914314398292819,13.86535385541598,24.598189784768863,95.4103682387252,0.037730791764111496,0.26903242945325456,0.2667767105853982,0.7517640768478242,0.35793225910632376,1.0530366733629068,0.45339908003514207,1.392006728503751,0.23588689000001847,0.5016047097833021,11.245156370599465
Train147.csv,0.2102794583888959,0.40505177514243257,4.120925037225121,6.773041753489751,4.806856029335804,37.289111579378094,0.0010074661548161471,0.007866273387869105,0.01722793677122115,0.10981938017078052,0.005500257153089631,0.02532904618389404,0.0037945602803795735,0.0186371434839997,0.004515830108147425,0.029525344784737045,1.3440470341502837,2.8361961257326933,5.440119163309287,10.73042811174402,19.853619957084696,60.1752204591961,0.0107744003949543,0.06496400556531605,0.04387365096638191,0.2689327307567294,0.4478256058574716,2.0109697966452957,0.3126751910209412,1.502515133164544,0.18452804063384481,0.7127254448164025,10.948450397760428,0.19722439454275312,0.3272368809727417,4.16408399302312,7.033547055509578,3.528691134763898,6.6372280102942085,0.0010128837892784885,0.006475938802933102,0.017099542864631542,0.0781007707127975,0.0041088506943141425,0.012809238830605692,0.003010404568363152,0.016644571453735928,0.005611690903075453,0.044286842416623354,1.4302661963698313,2.42005908629406,5.528022734709447,11.080378244634312,21.150243661013775,68.07327924942086,0.01246363122510542,0.048231557820923636,0.04589449834379267,0.1782079600467333,0.4642123216571761,1.6752555510263547,0.3446328778178842,1.2495154060402625,0.18975184778849674,0.6136611200301211,10.948450397760428
Train148.csv,0.07144919230011568,0.1261440612559298,3.502411654788868,8.884636741940914,17.184780946824205,55.84417128921255,0.0,0.0,0.0,0.0,0.0,0.0,0.0,0.0,0.0,0.0,1.2350367292572146,2.2110955380681947,5.308220677494143,16.926637587943315,27.93568159651914,272.7707687050959,0.0,0.0,0.0,0.0,0.0,0.0,0.0,0.0,0.0,0.0,0.0,0.05368823455776086,0.13576298835609663,4.337112202180245,9.788805459303433,15.072761461519471,69.85468452079269,0.0,0.0,0.0,0.0,0.0,0.0,0.0,0.0,0.0,0.0,1.352769730032291,2.3650054442845074,5.368798874058039,24.417120735673908,45.4510213063946,625.7336177718611,0.0,0.0,0.0,0.0,0.0,0.0,0.0,0.0,0.0,0.0,0.0
Train149.csv,0.279963841825459,0.4999705991445542,5.774458428876,13.784424045060312,10.545210049537294,46.39023859288062,0.0006004245783134683,0.00606511939831474,0.00935563629881061,0.06081239456304433,0.04204634649539525,0.15911175497755234,0.015909011329023857,0.07224260481264352,0.008150653721985576,0.04701936813674945,1.210122290805673,3.0060981918358456,7.289750889661,20.993338544503935,42.91415078257643,252.18604828620033,0.011334360529918801,0.03187972721521514,0.009341301236545054,0.028018270337537104,0.1480014239495132,0.8123309649891549,0.2330507763416595,1.2861330520385532,0.228596508858613,1.535295031006713,5.607742886657781,0.3100821810711698,0.5643747928741515,5.756723863714797,10.689946360095762,8.685595723911803,27.440793133106077,0.0008228962181342509,0.006520084611180804,0.008427793008441938,0.04573754985711915,0.054656587988354516,0.2787306564425195,0.020632567226315957,0.097500203723226,0.010329810614754485,0.04468090784372265,1.3236435033875469,2.58538891196947,6.846528462869683,23.446932538304065,36.63569432549067,263.4043792829687,0.014440336550832452,0.05174944626233623,0.012019923635729568,0.04202985101018501,0.16009955341505658,0.7303979398814829,0.23945551856313207,1.0839355136918647,0.26490342673372486,1.3728349101359871,5.607742886657781
Train15.csv,0.4364506209278285,1.28254508647527,6.291072216621824,12.16377194221999,9.02378302430691,43.71649501408056,0.06006849399423032,0.7174972975332631,0.07978055531699946,0.588489979015767,0.0241877448995296,0.22249170171406296,0.03047906244248638,0.1790214690370546,0.04020383876838954,0.17759860718677098,1.256162792263135,2.0569441952595406,6.571360544954525,18.274465365700365,39.83317419598619,191.53615316297046,0.0228781763937759,0.11740173312878628,0.3194147179523172,1.0914225213576745,0.026298577700304967,0.09763574555596127,0.30242966762921536,1.04530120036833,0.06940412242213337,0.23887862314944774,15.933110741456234,0.4067073739972358,0.8931087193963931,5.761050651118216,9.68084645330775,6.245887723092606,22.479670162985794,0.04873914122178613,0.26761257625329776,0.06025262514790842,0.516380870774997,0.015165228104194649,0.15797409183903807,0.024933898140966807,0.07730519261759762,0.03112333974395903,0.10101643542516789,1.345322134881497,2.703346764282344,6.353089334207139,20.895290036092636,40.309699329059065,279.36176675463423,0.02441473178178761,0.26048843002492716,0.3314596294948149,1.48802437797489,0.033537869539994436,0.32280852951066286,0.329863751836927,1.510346679373764,0.0689858620909791,0.3890039796891163,15.933110741456234
Train150.csv,0.5834515101241777,1.5116065227635063,6.225265306977642,12.672990710589284,8.591695972563931,27.087851276655567,0.1561501652014654,1.3150690722686376,0.21499144639322124,1.25467333988706,0.03502157951574769,0.25714225656912804,0.027478427255578725,0.1329672226324712,0.036458828523491575,0.17432922399303014,1.4076612987235553,3.0246325922925617,5.304851209329868,9.0459154970562,15.040159162017867,51.932652865591756,0.02513497027523747,0.18410000691625913,0.5091127344313053,2.2458531680389635,0.04088982319426335,0.25087551695784327,0.48711030933777033,2.362426945698792,0.1021950499166571,0.28688346594078307,12.995721610349777,0.5765129127872033,1.4510342313197615,5.971623223682253,14.381257137967737,7.49471630064845,36.71908867170732,0.1909290092517793,1.1416657991192538,0.14938229533621714,1.0312181764060684,0.03255043769745709,0.23528021721497405,0.029000833859362002,0.12609089473929913,0.02847093656536094,0.11969163355258716,1.6015550517269994,3.087288037062931,5.045176090555474,9.64127890555067,16.744554454047698,97.45492963241878,0.03209876400646319,0.1324911243779938,0.5687364197490393,1.8275769548033127,0.041753010895610565,0.16713018238442642,0.5386047139171144,1.9265550271476661,0.11781275222509023,0.38709345672549184,12.995721610349777
Train151.csv,0.18849325058749405,0.46097520900295197,4.893538988324622,10.889185398364997,5.806049344019934,30.743524691186312,0.0007954572349475671,0.005294535263490171,0.014101319085050537,0.057017415777139833,0.007696239828767578,0.1354353372355696,0.002403895037860129,0.007573686155450181,0.004508579205822426,0.026974541758586396,1.3253613496801289,2.32056756335582,5.915591396315782,14.466324736073696,28.792226291378576,225.71715301834564,0.009387174971997645,0.03295242285978967,0.03485086351342179,0.09804069191094157,0.46769418884701647,1.225263518496345,0.32324432108413814,0.7288469586189239,0.16534328535624648,0.48041566920361245,10.384709049366261,0.18254834419017754,0.5808898692024671,5.107523248186736,10.780368815603032,6.7856499234449625,31.62428832542417,0.0005501350961224286,0.004552230800391991,0.01051468841143029,0.04550155886501353,0.003866991243106325,0.036837114108716144,0.0028404132603751784,0.01075280637335615,0.005023699140750518,0.029292407845334618,1.533400958581203,2.7371149939828747,5.810768647315798,14.389367067644608,30.100353219849286,166.0605485079479,0.015009330980213658,0.037523191988025444,0.05540820630875466,0.13910576787730028,0.6035980293348457,1.3481079469923347,0.4598095001918066,1.1419648430750462,0.19736448259603356,0.43622149159156703,10.384709049366261
Train152.csv,0.3492542400370794,0.7826503696171241,5.177375970473428,8.124659967685526,5.6380208590331025,15.866502886159683,0.06925119778279791,0.46334880640220233,0.02048621748095447,0.08318212918593723,0.0037059056788449774,0.014381810545541973,0.006334137836662162,0.024334355294262807,0.028658060085645254,0.13149918682137646,1.3420913406492765,2.2895907583425803,4.887124670441658,7.630013333518851,17.561888948225555,52.829203490721255,0.015666081409257685,0.07611362189789184,0.5018371021061628,1.498394176736531,0.027433074735024963,0.13084250586409074,0.46187273972426734,1.4214247180182695,0.08062532634921145,0.19742340781126128,16.496852089850403,0.3215946200089108,0.6220264509179299,5.554697192849034,9.222645829481449,5.52305068142898,19.936244423961973,0.04855189591258639,0.31222571701550805,0.018422182028800412,0.06718358494985684,0.004230493130934501,0.016336524015821464,0.007629044149714768,0.02477168846433307,0.02865679498603338,0.15711459509142855,1.457606926653285,2.513116257919631,5.406269204542339,9.473686118812944,18.81769227298933,63.52520551028077,0.019253804733288422,0.05516426858613236,0.5664106178335682,1.4135487635059605,0.05075827080653453,0.14590421452974794,0.5292938484112475,1.2585520358731634,0.09194098592553879,0.2166848363453353,16.496852089850403
Train153.csv,0.26351561516776384,0.629538259971373,6.1141928044873035,12.275533431020651,12.498965359327688,40.781606608714675,0.0005862618064081206,0.004369477561544194,0.008708798793912665,0.04942450243727233,0.044604945337856014,0.39899843896355247,0.02054952329089923,0.15857391467277576,0.005141874445618415,0.03948482628471688,1.3968962278216417,2.3404036060692337,5.114990160643714,8.379601228779203,21.16962249723015,108.95432938518023,0.037374600808936356,0.16338118435553012,0.015312182071700226,0.05779083013275359,0.018907320480894364,0.1186074398403784,0.5105768328308202,1.4427969132574288,0.015845554771650068,0.060462896294175714,4.717624968140672,0.24195499198812204,0.45809673755581576,6.5333806418834275,12.64331720638413,12.505085117916456,43.86736732629612,0.0007807646657298746,0.005413769148789688,0.008803537682231348,0.0491595938812412,0.0258176445544597,0.22191307824307144,0.017187405618957183,0.09594880991719991,0.0038399276377070754,0.02124362522269123,1.4727940345101915,2.52134908701771,5.650157040518297,15.56158226653516,25.096483797484886,106.12936816506611,0.0507706483645727,0.1258976937512083,0.021519692664813676,0.08171320728197423,0.023935241707216545,0.07509857041457903,0.5368929784855286,1.2285673125192091,0.028539361859942224,0.10765215080658468,4.717624968140672
Train154.csv,0.4686826163941368,1.2111973022358768,6.6719532701411355,12.238625590986413,9.433092925908767,27.342996099681592,0.06987043615193764,0.7595980526671776,0.13299070269417165,0.9172807965177778,0.01889270510289834,0.11355362698436561,0.02424048290331415,0.12344083586480932,0.03177443552942716,0.12772079153160504,1.3020487866705226,2.3472324566426765,5.329263722681688,8.70505160310542,30.533567750814502,305.02881290237576,0.018260727226268154,0.12037779862700448,0.4466040311603065,1.7000556493964516,0.02454168130943194,0.2983783547079299,0.42049877506135214,1.679345487189306,0.08138124570819948,0.24801033780460374,15.339698795778162,0.4098054218454442,1.0275962794807298,6.738449363126401,10.85392815746828,8.365976867071394,24.54452040500289,0.03872342695284656,0.4253277681988585,0.07581790433888252,0.43961515523988354,0.015560827565955896,0.053227435266577285,0.01907526356402137,0.064241291334816,0.02667462396660482,0.06810340989121225,1.3305020844601583,2.787524517875239,5.4554124350440185,8.93200732578146,32.0217657653309,253.53271825059275,0.013396645537334788,0.04941931322687549,0.4959053998911662,1.4845687760312194,0.020720553401274138,0.12030969233192672,0.4623796002094302,1.427142858283236,0.07993465809956123,0.252125160201227,15.339698795778162
Train155.csv,0.07014469231651696,0.12966349735816035,3.2397550675366213,7.894716622991808,15.578700165426579,80.09081203190094,0.0,0.0,0.0,0.0,0.0,0.0,0.0,0.0,0.0,0.0,1.3142326990642608,3.0750582783495357,5.4473579605817815,10.71430450139833,24.617974089277833,138.47744609020947,0.0,0.0,0.0,0.0,0.0,0.0,0.0,0.0,0.0,0.0,0.0,0.05325708755989007,0.12755424794667897,4.389624293961797,13.031551473445488,15.971140221356213,91.71186840801099,0.0,0.0,0.0,0.0,0.0,0.0,0.0,0.0,0.0,0.0,1.4189451705037701,2.542851566948927,5.03823986091345,10.492678232076553,24.419914455560292,135.1339118474793,0.0,0.0,0.0,0.0,0.0,0.0,0.0,0.0,0.0,0.0,0.0
Train156.csv,0.18533598572057597,0.32891894970657165,4.277608196231727,7.738291241107032,4.628380666536916,15.937005805788965,9.550378442811053e-06,3.156493509034709e-05,7.505132603153422e-05,0.00025417108401462504,0.000788542066426914,0.0026007306317361164,0.013261472841862004,0.07015723837817033,0.0053965034823244004,0.04694314886506077,1.1490934588065453,2.9801177796868026,5.923609644476893,16.75895984014865,26.265820713917655,107.19177308168457,0.04612845830766578,0.21989851521764123,0.020279838557751513,0.07558540390606226,0.006838660736798805,0.02568023917166657,0.007250487993083298,0.027268663931688985,0.3904655950776603,2.250942207727823,2.017600615305445,0.18118226946908678,0.3695744785565528,4.792225413883636,7.06686624863669,5.345795182469676,12.64465596574182,1.0660532526788025e-05,2.886936284446601e-05,8.932139781754847e-05,0.000380620020854241,0.0008385171466921984,0.0035497484448493368,0.015997298166156453,0.10701580605195175,0.005084450583770439,0.062224317838353485,1.2615824098783757,2.531394586436758,5.054805180330382,12.102641430524253,23.434165507775656,102.05013720382445,0.0656710984303809,0.26828688202130263,0.027171960212236453,0.11595983933761395,0.008789946908085525,0.03646107849657942,0.009528725427065166,0.03746463990431913,0.3940199294833017,1.853342897696379,2.017600615305445
Train157.csv,0.07095945735304315,0.12631434613765777,3.4156151488036697,8.247479328536002,17.71948444738334,85.61803993366357,0.0,0.0,0.0,0.0,0.0,0.0,0.0,0.0,0.0,0.0,1.2007456055573729,2.0070337908035656,6.070558524838188,14.48647348361239,29.719020979184712,147.39192630501773,0.0,0.0,0.0,0.0,0.0,0.0,0.0,0.0,0.0,0.0,0.0,0.052567920578986405,0.13615415342904275,4.119236353389826,8.877031782049931,16.966344462325754,88.73730331575115,0.0,0.0,0.0,0.0,0.0,0.0,0.0,0.0,0.0,0.0,1.2951556032089355,2.080021881632607,5.990466929604523,15.457659178154351,29.536031097507532,138.86854834599546,0.0,0.0,0.0,0.0,0.0,0.0,0.0,0.0,0.0,0.0,0.0
Train158.csv,0.45352403406830777,0.9254251753032179,6.389151017225421,11.157762898699731,11.082814714770443,30.811750509257493,0.008016100951991723,0.05168549041448141,0.13852579585472574,0.42529321263518755,0.02996320009402952,0.1601198123906964,0.010988821857323031,0.0625062994911057,0.015425110312102606,0.09513501411270361,1.473368214559637,2.998138935775607,5.649043308209151,8.426019530058857,14.455553011015072,28.080321350556876,0.019424057143685756,0.06376997601577011,0.03700309604609288,0.144436160081072,0.5441067440766469,1.8228156121928891,0.3874746609090882,1.3112137524219787,0.16517137679690003,0.3941256320775661,9.939650090107707,0.4899022507312552,0.9740526906713721,6.344788758683547,15.387412457983048,10.510535971961762,65.04906568453984,0.013906336049519328,0.22776979242900197,0.17534050373563273,0.7534080586303726,0.034808723609229,0.18777584086416413,0.009525372470906228,0.034109304846948484,0.016847130090771795,0.08351334640873118,1.6720858958993992,2.803043744494728,5.791535416252369,10.645048051556667,16.68008286880566,57.57641666353193,0.02575780382630317,0.12388568112497987,0.040226074097940955,0.12786791252640872,0.6551117978079168,1.3131988582941592,0.484040061331145,0.9565070009173073,0.20281933014769538,0.43682804350519683,9.939650090107707
Train159.csv,0.23386182425489413,0.4142891065835655,3.8018177402985813,6.186676339831544,3.6754305190052676,16.838126464382647,0.0021022543502785115,0.017793289394632195,0.023132361920420487,0.10558928215725857,0.0034646098043781574,0.012774773012603794,0.020128785691927484,0.17639847323144356,0.00459647833934705,0.023683530888796447,1.1382155807280472,2.412347292267117,5.6719052720915,12.743647609441775,37.892024083065124,275.0790614441123,0.008096081686033176,0.028792127422058982,0.2609311480875644,0.9597260561743252,0.03880817275114929,0.23135942066728676,0.2642510849423958,1.005787710944564,0.04788607827608962,0.19990753879838516,11.749556524425826,0.21442103762450082,0.40929334787158567,4.634355475049055,7.2437206077729295,4.0092911105333,12.235254140774366,0.0022077875207536833,0.013997117707146258,0.019655012294802113,0.0720552346698861,0.003373797725616176,0.009097879970770426,0.012876142046499334,0.08961367428033817,0.004772849941998248,0.029346703703366374,1.3518318346859288,2.1597216239610137,5.460772605441761,12.417518987333096,38.7943879560551,266.3206526403796,0.014756759751043751,0.05086676429511028,0.3900968373802222,1.1871240285225042,0.058548191151557016,0.23284662535340195,0.40662658642924826,1.2384086813513282,0.06637152965286867,0.21806176199930533,11.749556524425826
Train16.csv,0.23269256430933763,0.45404739877224326,4.1851422044001785,8.245321222034475,4.660691223288635,16.838661145368505,1.2007515721778292e-05,5.004849894030528e-05,8.906729796776021e-05,0.0003161132838988411,0.0026448283142040197,0.017060873624148196,0.023062659612282987,0.08956498073514868,0.009825833605281602,0.05834711067217929,1.229036022516036,2.509596172505022,7.663542305439977,36.02706847060928,75.86966201471768,921.7016780366398,0.05758728970436928,0.20539660188563988,0.0313651250915893,0.11206996896019104,0.01167525039035292,0.04210787606678965,0.013184866140365953,0.05637444309734316,0.3572494033364837,1.1863169131771505,2.314306588144481,0.2257313617120429,0.4932556369476795,4.744900990870375,8.472095452704023,5.781238668434067,20.620672261481896,1.596971815545931e-05,7.136935122192685e-05,9.749754767285576e-05,0.00045677273086889463,0.0028594540289286364,0.01815680345126862,0.025502389512653236,0.12102757560444168,0.010369986285353893,0.08135543611195789,1.3464784045446327,2.314300889428721,5.768772097899264,11.974727001967645,64.27576233831238,844.4261406369566,0.08675886729121765,0.3017349989942341,0.04045210083325979,0.1490198042448123,0.014876275139185423,0.050465919746364385,0.017206661243522357,0.060904739664611456,0.4260971330006772,1.3143413641783344,2.314306588144481
Train160.csv,0.4221259029268267,1.2684266199743492,6.793547299926308,14.238270448009787,11.928915970215655,53.017252610352514,0.014010302309925582,0.11083717376734761,0.14284708630880535,1.3406600632409171,0.038070361852663215,0.1655060420824653,0.007025197614133466,0.03432400350003839,0.015870930333198016,0.08892406746095663,1.4198866372371792,3.104516030766309,5.682810458349168,12.634063913555426,18.99200257150375,105.39048326022616,0.019398371892137625,0.08102303406112052,0.029211537310629858,0.13402908010540726,0.5156054709383775,2.3196019039618188,0.3762951212091642,1.672954557184447,0.15518315482233308,0.4861350910682494,10.147344271095031,0.4152811087090432,0.914805566722223,6.702403015223409,12.325057383625628,10.375352219398158,34.01916121779614,0.01344486634270984,0.14547940683015342,0.10803550108261122,0.399768608540968,0.0391427444272999,0.18664970275871232,0.007670304012118441,0.029303423137002342,0.012717739537548602,0.036275615197834114,1.60057280519792,2.871315990332368,5.97365576155058,15.287886423191326,20.78538832481877,119.22997357899574,0.02643667863432249,0.12633569657808486,0.03778860198040207,0.10022774179252626,0.6484315966591957,1.3132133864763356,0.48245139422036415,1.0604462041086007,0.1992949846290236,0.48318391239837866,10.147344271095031
Train161.csv,0.07010770579908665,0.12744748623547544,3.3802378360452923,7.818368769671519,15.22815625369346,37.66998832981591,0.0,0.0,0.0,0.0,0.0,0.0,0.0,0.0,0.0,0.0,1.3525257362937095,2.6985798147165423,5.445833077680387,9.574751937196034,21.283028240100272,64.42786729865557,0.0,0.0,0.0,0.0,0.0,0.0,0.0,0.0,0.0,0.0,0.0,0.05257776559541463,0.1351038792748533,4.11789196241976,10.491307899679965,14.385384391728852,39.72575477519391,0.0,0.0,0.0,0.0,0.0,0.0,0.0,0.0,0.0,0.0,1.4569435278851894,2.0503238821912904,5.53666790938252,10.457342154525444,20.507035802725284,67.13049175979306,0.0,0.0,0.0,0.0,0.0,0.0,0.0,0.0,0.0,0.0,0.0
Train162.csv,0.07162575898238885,0.12883710451680702,3.7251945157982496,11.647436162240535,16.04185906734095,51.41005088748035,0.0,0.0,0.0,0.0,0.0,0.0,0.0,0.0,0.0,0.0,1.420876403988227,2.837027865571339,5.503268634505401,11.211668434669162,27.881769132589497,125.52373232486828,0.0,0.0,0.0,0.0,0.0,0.0,0.0,0.0,0.0,0.0,0.0,0.05530686685202022,0.1350142355760093,4.577147287939004,8.478183866088742,16.766135495658958,55.48939734927357,0.0,0.0,0.0,0.0,0.0,0.0,0.0,0.0,0.0,0.0,1.5263604964974582,2.7932832580830613,5.715757308003924,14.760101820876773,28.34101573440707,138.47993878379643,0.0,0.0,0.0,0.0,0.0,0.0,0.0,0.0,0.0,0.0,0.0
Train163.csv,0.4608142066270161,1.6312800795606326,5.073822850062378,7.847644652974183,5.326690476491288,16.55931791064369,0.027597271413038374,0.4179978306712187,0.2228157721628051,2.5106214830060036,0.021937424708175224,0.14032765620971513,0.026579162310667228,0.18716036513584736,0.050699193295496645,0.345964877291153,1.2712325343666144,2.9115623968471778,5.140887149674717,9.158579071645848,21.746465039915226,89.90342888309125,0.014155774472027023,0.12715129787585652,0.4292185652319364,1.487675977064614,0.03228335167363566,0.24052356573669723,0.39345841720384417,1.2936414427927119,0.08857342637302221,0.36794502463128315,12.906709818498067,0.4328406189521832,1.1654192551161429,5.734739673634675,12.253144047359493,7.448890656150931,23.920748015496727,0.031285042460501525,0.5261547160103204,0.11684521616582436,1.1132855689609578,0.019379988504922403,0.11462214481455543,0.020796006328175957,0.10544340320195268,0.031541648336356407,0.09729515676782516,1.3907578330908943,2.3550794827002877,5.053461142367678,16.479981582856958,23.843438546419733,149.7522988146507,0.013654759850621333,0.10011713711528336,0.5159226250236197,1.3680399771011644,0.02890834903846634,0.17009247592094767,0.4799239143760367,1.256091318383607,0.09346725386156887,0.33264064375118524,12.906709818498067
Train164.csv,0.7555630189218068,1.6617761943664267,5.391185977506323,8.778145819403116,4.735260811626199,8.234180371142921,0.15878528086668914,0.6438208107540393,0.19963768920825542,1.6326130597756425,0.059941489578631,0.20661743124640183,0.16000493122827317,0.6679286604475485,0.06384309074219333,0.15657327232397802,1.2406135650614165,3.304016162327659,5.976743741098171,16.596919765215713,19.21675870764938,82.73623125372436,0.042906165296010636,0.3441852933240701,0.39462426366135533,2.1023713420745613,0.26763009978599284,1.4439713100796543,0.20369427972667636,0.9709463627250351,0.03970838310708919,0.16579602320085282,18.514452705155847,0.8274467904544764,1.5862927156473134,5.155829309254443,8.520957771771917,4.702371060497741,9.152821702755125,0.33326748372158843,2.2115411977500443,0.12445758703526864,0.3895469324087752,0.059837258322372855,0.22229478816317896,0.14401260042457753,0.5165165362710838,0.06839098724957253,0.1896701340715853,1.6225780361006397,4.232663422765431,5.182816590117119,11.742517185902264,16.788234177405215,54.05386531850316,0.07418234966518027,0.678569750411215,0.5051036214792097,1.2305113514580048,0.373778799635876,1.0468999513074702,0.26015575524386303,0.7855143013158733,0.07376798969775626,0.48250951135858205,18.514452705155847
Train165.csv,0.07157369971929294,0.12819829798043206,3.7137209132359157,8.44882728911005,17.223984854174404,56.90401414861207,0.0,0.0,0.0,0.0,0.0,0.0,0.0,0.0,0.0,0.0,1.3919108518202097,2.9815846600222295,5.145311752690138,9.819933093054729,17.757640535980393,57.141416974462565,0.0,0.0,0.0,0.0,0.0,0.0,0.0,0.0,0.0,0.0,0.0,0.05529253459778527,0.13507812314670578,4.3530313913648335,7.614735135913391,14.14688569257583,24.68817102841242,0.0,0.0,0.0,0.0,0.0,0.0,0.0,0.0,0.0,0.0,1.525951633438931,2.7977365653220208,5.118811978611539,7.35784009713363,18.4581132941262,41.3830197758816,0.0,0.0,0.0,0.0,0.0,0.0,0.0,0.0,0.0,0.0,0.0
Train166.csv,0.1727261788909513,0.22444458597035033,4.151405762729607,8.810812049443856,4.229820278448257,25.764034990061,0.00033276682161350316,0.0016934145242106843,0.007759352447882672,0.029729497628745896,0.0032844763313418382,0.011536024283979172,0.003286847860051493,0.011040875427750577,0.0012044201033748602,0.003150632847357945,1.3483476484103927,2.971937192853759,5.518118736859634,10.803093324390993,26.270058998192624,102.84951108060304,0.01740070990633228,0.09479114529921236,0.014814776440638394,0.07897483856545646,0.548427922652493,2.265378129576669,0.35957882083301584,1.7901526134507955,0.1561740735494431,0.7147262633229756,8.901179185171081,0.16984023879887766,0.23946891346791097,4.609516452355272,10.468902935668362,5.446965280694794,34.497155635616544,0.00040121955121786223,0.0013350997935862026,0.008359241873718982,0.04073450237154515,0.004439082826990809,0.021596104714674436,0.002929901812454446,0.009931110321855464,0.0014858014388217625,0.0030131697805878895,1.4302882629724305,2.7320907588474053,6.251244832132306,18.870646977088754,29.246083337443572,125.06262206842875,0.023649644712661753,0.08233892931063182,0.019767731251974313,0.06365342585629974,0.6085670953612545,1.8027181411559106,0.4205661393429878,1.3705261600498344,0.16411178175656171,0.5588521557911758,8.901179185171081
Train167.csv,0.28705096371943334,0.7729655665911775,5.098266618332925,9.96504508308057,5.934150160600231,25.84894968955784,0.01920289302066915,0.07465678944673143,0.0518030595234546,0.40349178196350394,0.006288145957207076,0.04418969190499095,0.008213660768198662,0.03658017419884451,0.0070146086013370135,0.026703144984403775,1.3108766785577504,2.911612500912623,5.598288771313905,23.50138761278613,26.787949233406,178.9677711939644,0.010743844399477662,0.0505882854618869,0.4635828224521958,2.263278599460885,0.014230980076341175,0.08510530348213222,0.43091794351635554,2.082750379297883,0.08046296982529061,0.3696627102704456,14.212216098989826,0.3212822805510694,0.745391135396004,4.759785427068323,11.235765205098357,5.172730775379783,19.455599699139956,0.0258411899049871,0.1813102385139139,0.06622055578825767,0.5621212635688477,0.007062419534645581,0.04496415058807541,0.007105407045717955,0.02055430394240874,0.009726267322341713,0.0723079366777815,1.4719391092759244,2.550137793567249,5.1120076473880225,12.755865562034359,22.801825997223247,153.1011552958045,0.01607093198240052,0.03953708683480804,0.5605949556164889,1.8294640411213676,0.025455187531763623,0.08425748152983238,0.5346430958245275,1.7273244854564787,0.09892016997207165,0.2875092365229787,14.212216098989826
Train168.csv,0.4436716211822976,0.9368428470216958,5.799575836392634,10.311305523562687,9.419353459132175,32.799517755260105,0.012357221037594067,0.10957959764179244,0.15542777742483765,0.6409014027984362,0.039933513304761206,0.3203899708268568,0.011103194909604184,0.06162455574856201,0.013787873205455542,0.05601016456737595,1.3057321692370443,3.0394366458161253,6.147447237141998,16.44504435961128,19.792185338636347,103.05751010288398,0.018360005110923873,0.10245069751758014,0.034068071245958995,0.12726623552788313,0.41763474925450694,2.459793355723953,0.2883569787316854,1.7681821675708336,0.12845226751879024,0.5239395611548197,9.96932068739161,0.4260844176236337,0.866643434260523,6.285642400688213,12.661987357932677,9.875051847423862,45.87161742365112,0.0037786330161155347,0.030992010620167647,0.12482971541599586,0.4873272334420717,0.02680131728208302,0.14628607768124668,0.009032171699139245,0.03401642545645795,0.011998517857136896,0.04524897398025716,1.4768077985541415,2.617522323598825,5.944531550335832,17.436183672895236,24.153161863457157,82.38525542536905,0.01807977591139283,0.06389874963169676,0.03120255009859486,0.09299503215940232,0.48753853914486023,1.9523073203906973,0.3671401561636408,1.5325462637641378,0.14793979460227652,0.4122431936011948,9.96932068739161
Train169.csv,0.5207786940287521,0.9261734932282404,5.574974205955264,10.078283511475393,5.719107373422208,19.572011653492698,0.04468922190815792,0.34922408005505706,0.1414236505825917,0.6719896746577471,0.02836451189886622,0.13379937786649704,0.036707697862078156,0.15630653000729905,0.053899360161925494,0.20982667525753398,1.3031408140007823,2.192656835070586,6.422502310438196,16.610760146302784,42.62714783692415,640.169727219736,0.02146402148234576,0.05659909512552529,0.3652917805014603,1.0920227900773065,0.03695028948542915,0.20880548513809405,0.3516526584975923,0.9962144162498229,0.07864052704422726,0.23301711738626366,16.200146117011368,0.649374982452303,1.4076910741349344,5.391609591412441,9.764333582669122,5.346673365200069,10.268224422210235,0.05160846286787506,0.17873661883863629,0.3024606681617983,1.4517516798486285,0.042090878510508065,0.12527429766323034,0.05110516893404072,0.3277358568499459,0.06279449275754959,0.1981382180896571,1.5236823951829437,2.5483568069995655,6.266917852792197,18.256645526239,32.347189356482275,250.07761374845944,0.03653217318806069,0.10737876885737849,0.5513046766653737,1.3161572148547631,0.05484243148584766,0.12630770097312363,0.5350638613862958,1.363661841136585,0.10765182049614946,0.3630664258484261,16.200146117011368
Train17.csv,0.48627428320918065,1.0049980253228672,6.403973858648943,11.235199784953098,7.832517719095193,27.996185859393663,0.07153173476047955,0.354310007259291,0.112006939186502,0.43493935784053145,0.018863587604156296,0.06416664438220801,0.03083087372948996,0.11791614295540735,0.024099861461999994,0.06860056002323654,1.5520354396778044,2.532423774521995,5.695364032775856,9.661514944980677,14.17340732372926,50.194253801756865,0.0343656646965715,0.20430745182402282,0.5282411367459823,1.0853981810894193,0.04564040428853862,0.20304428936218955,0.5088551147372375,1.1709109356522527,0.11393434990835408,0.25900987047453405,14.093533709854212,0.537821870998409,0.8432639276048173,6.148035134621846,12.926425761464515,8.244197778667854,39.62001862157231,0.07258622695234139,0.28297002565205076,0.1660264324119427,0.48589907971398716,0.02044200631888575,0.05594385714797539,0.029289093533336093,0.12845012722555654,0.023245575427920842,0.05196457751586063,1.7529653620779069,3.678181028060896,5.5116690183885515,8.177311500010486,14.61293302728618,48.71483986573736,0.054095611059949034,0.3336518731935952,0.615705914287264,1.2431876742817853,0.07111469708360946,0.42616579352560413,0.6049239668916954,1.2824085966010796,0.14334857669153378,0.5088801314147181,14.093533709854212
Train170.csv,0.30438394459645124,1.584489913399739,4.780805041713116,8.436768439598215,4.566991407432904,25.25684726710868,0.005803767744343434,0.04315525373960643,0.08028876162939694,1.636774293838877,0.006824970721732371,0.07647225197936,0.010196157598553083,0.17289250164421058,0.015259559544179149,0.24446024745558528,1.2533890732674173,2.833527094980209,5.851139163548528,13.551195968647837,32.31141061279795,200.03134865345865,0.011110432899669696,0.07692433631168752,0.4079586076518994,2.1900112199340196,0.0143863339601052,0.15486029204427962,0.3767049360999772,1.9615657177967345,0.06598105071808935,0.23623386698406862,13.144074596769295,0.27018482317024434,0.6448088077203924,4.216592658871659,6.388559399822738,3.468404004574225,6.047029016181627,0.007060769358827335,0.04310649338519064,0.0330026941526601,0.17356478328428396,0.005333823989274058,0.030269381554671286,0.008971592022800902,0.07691723005476153,0.012751766896834063,0.09498952861643888,1.3116052156812525,2.4245995055646645,4.943967532142586,6.51524535146832,23.603748885732635,107.10911697993681,0.012325794631558964,0.04896491524304434,0.45364411758373374,1.5077799144544413,0.017628504670711906,0.08930441757118088,0.42782543948138013,1.362401103804819,0.07582203912805029,0.2309476718846865,13.144074596769295
Train171.csv,0.0774621280757029,0.13535418046893782,3.272315951674045,5.521306978263361,7.379365952980893,25.11564918491217,3.402143510476377e-06,1.7257218601880986e-05,7.83307975167282e-06,2.20865308529072e-05,2.519653388674446e-05,0.00013376132934988957,0.00010900547798669386,0.0012127916130674375,0.00016430949187200213,0.0005383970699683689,1.1774789495386058,1.9780360108437327,5.204295485921959,11.236234959171158,19.507660384291576,46.125967337793874,0.016131307782624765,0.0816590442859604,0.009905007068729554,0.048150127442567824,0.006487621841665124,0.0324974655016238,0.022220010935006786,0.07302708017988391,0.29591756407787806,1.046843965319399,2.670353755551324,0.06251495253553031,0.14510119672238386,3.9690047303182756,7.526967129665575,7.725025173521026,20.320960901422385,5.78613126704697e-06,2.045493470968025e-05,1.2805311304582542e-05,3.5041088774500404e-05,2.712228277219678e-05,8.206624535954802e-05,8.465138861862048e-05,0.00030026034487123476,0.00026163754987295533,0.0007502431014579935,1.3789978811858763,2.357384751730004,4.893810865067221,8.347087219676505,17.715790536861455,43.061982027092924,0.031091917534268387,0.1437107765422523,0.01864920931995847,0.07541502056833513,0.012362520141267711,0.05021906494280228,0.045182040558892286,0.1606857890639492,0.4432537368662376,1.1897011990987332,2.670353755551324
Train172.csv,0.24137921620626945,0.4237870403012645,5.26798855657672,13.756749352062078,7.137732060859572,42.42040977167661,0.0006864721104182959,0.007362868168000244,0.005943232397962026,0.03734379683430675,0.03151022364213064,0.12148915260298432,0.0118668370400296,0.06774175668215704,0.0049765084901940235,0.019576649629516378,1.4424725362304436,2.8523208602617918,5.769577992112853,18.750958849454893,18.068095396040334,82.7456999822351,0.018645045637022285,0.06412268339634138,0.014526145112373032,0.0525759867670747,0.23243154187451437,0.6205284075977288,0.32733919530324357,1.0829020918671395,0.3637630257564306,1.0079953117010276,5.6374134839416845,0.2878267432267664,0.5779045818892469,4.973282427737939,10.635143774721525,5.762159563686288,32.31016599282867,0.00048291262632986156,0.0042005392378329925,0.005969503955838452,0.024282815799803733,0.05222824160937803,0.23022576821758947,0.020553143913940877,0.11490509704360018,0.01061306742147664,0.05738510582330057,1.5938131656162053,2.773395121613294,5.258095841206289,7.907903650343523,15.655333381888367,34.15153387004662,0.024931303962433718,0.0657860803597765,0.019944497562026917,0.05178357816773209,0.284311676395978,0.6030131278224126,0.3916983103663225,0.7722796274981638,0.44067228132622294,0.8990008873510319,5.6374134839416845
Train173.csv,0.4120551168981875,0.9223065012978251,6.097008753929273,12.34144794112248,7.158130527665735,29.015346853080974,0.06926884920574296,0.6469099651192043,0.02547143874786682,0.1526749873663565,0.011282165684148752,0.04233380665137713,0.03581577153441272,0.11114763889432575,0.04794509759336346,0.10604800054114433,1.205308324055276,2.9124790650339802,5.722342678419347,19.2301970006202,28.15444860924506,138.04741450418467,0.01453010635002681,0.08322298680076322,0.32548662406690687,1.1800438444760146,0.20950871831081141,0.9568081311213739,0.15738666026525763,0.5288691435820639,0.03249329461091747,0.10459025809549938,17.416640605651413,0.44366492225760784,0.961654101258821,6.222192771105743,10.69778734853087,7.147656591402846,24.64026627282418,0.06249002573179359,0.40061601304587635,0.04900456605571281,0.6042303809528791,0.019555750620931296,0.22582045554401053,0.04064681932030762,0.09650403831117943,0.04976233784597906,0.1853618645317549,1.3003090814695506,2.4575540959689963,5.426658452549617,12.248550606780721,20.58512002581856,73.41419048153885,0.019443360320519847,0.0857590401617001,0.38343957458810873,1.4134568317407847,0.2641267987934884,1.099431622983325,0.17995369977843406,0.5957660797513005,0.03555712283888085,0.1190832504861998,17.416640605651413
Train174.csv,0.3675115248651117,1.1358407749411303,4.796104335535311,10.591992370835287,5.306078372184199,17.087105487298558,0.032330980917513706,0.3715896894706523,0.06140725384379141,0.321513249375392,0.03809276770590507,0.8922257296505239,0.006837773314295479,0.02852424870318812,0.015837368625251404,0.049814908522914265,1.34058702525306,2.987547641039107,5.886488046870304,11.815962854553383,21.050668580440426,50.331931876527456,0.010009694835707648,0.03920712329874734,0.463916947078968,2.058724039773886,0.019828009999887784,0.09767412449611755,0.4210683427477818,2.117066676244376,0.06478122436263378,0.24405169541413516,12.372639067387802,0.3427927067923715,1.3490582788722574,4.5589727069902555,8.594222955534352,5.386412886120068,19.07259718326416,0.03834652851938668,0.4623111733672287,0.09537358179953043,0.9295237313456757,0.030166173887664904,0.40675589113789684,0.007069216810907974,0.0666581278693808,0.01306281736289365,0.08119350161671084,1.4043612904544451,2.1859220160644184,5.612231210147722,9.645210028666654,19.78166262182961,48.09030662461665,0.01168219547600733,0.049371207420896845,0.5060350137508065,1.1824243654445992,0.026034240733724318,0.10236097390491031,0.4658292271595036,1.242847774967488,0.07008391595119728,0.22477393818169591,12.372639067387802
Train175.csv,0.4202597787488103,1.2923697210521936,6.8720984118593424,13.455645781206377,9.801492994291126,32.0473362478874,0.036515767087595796,0.308508908566479,0.09909294993498323,1.07298462211401,0.014048239690768722,0.06102194876561622,0.02208206183933833,0.1394659975268589,0.03806460970183692,0.2572777472469321,1.2605604395393653,2.94314150899379,5.642032670239993,12.157230816808593,22.017334885967927,78.76578699637034,0.011220080163364819,0.03941332643376966,0.405973038217413,2.203430585144455,0.014103066484756961,0.05528300346334221,0.39947257058603247,2.268240456437699,0.054159045292135104,0.23720380555392756,15.07266342022303,0.3685515692698419,0.573872130740568,6.678015413189188,11.699473076999064,7.832242116542287,20.502336246790957,0.024399621399152284,0.08574223626157829,0.051249061322050614,0.16638801207336218,0.01272536300730592,0.036574059105758415,0.018327545429079904,0.07134947142267474,0.03092520008742817,0.10469675308252831,1.3991462785796607,2.5700419727100408,4.984376004651139,9.033848979075525,19.99519237790642,68.03319169112365,0.012597509738106595,0.040813617359107095,0.4751431511755688,1.7929380045900931,0.02060427789850504,0.1329019205264569,0.4783414975411703,1.894704956539258,0.056726402519197416,0.22787972281961397,15.07266342022303
Train176.csv,0.27473869957940866,0.8136560578624212,5.146937818548901,12.265535249048524,5.9396841814478325,22.864224390262528,0.004075862290375694,0.03256692762337388,0.026322588474592547,0.1887647818921696,0.022647102313228744,0.28040117765130634,0.005034263384897258,0.05532741239966178,0.004837383085887205,0.0341797368671274,1.2969162548790907,2.9199898574723173,6.3949680997575795,13.385618382068092,27.653989572620628,97.68998509852013,0.019888201665567026,0.21257195548272273,0.016236733140291892,0.13971856720728895,0.4710020097644059,2.1627838644794153,0.25625979821295225,1.3404513853236855,0.19205654002919365,0.8513045247656444,8.693485004183755,0.32934228358257,1.5887694372718386,5.49469939580638,14.982566516362228,7.52064448324424,35.55139459268667,0.01937794925035421,0.3351715811213269,0.12061215771094673,1.5600356906872324,0.04935779585554145,0.7907196655122506,0.01109988688921178,0.19802861635026392,0.008014177046066148,0.10393274263095194,1.4421231859407617,2.5022268063709636,6.396494846652798,14.938208545516474,31.28644355762344,115.69162132164531,0.026299121071387863,0.2944752373295946,0.024033229663700598,0.23376093621587385,0.5517631396810209,1.3989798787482526,0.3159200526500383,0.7852486215701497,0.21923463610839955,0.4870898765946017,8.693485004183755
Train177.csv,0.5784968810173599,1.4714153535886763,6.132380101105287,11.465817757791742,7.693087043018026,25.538622013212,0.17670282141394084,1.394250049091175,0.19672477013315345,0.919434809851403,0.028419065412675727,0.12304656782559033,0.04377478635306013,0.2247573230750236,0.04999452027922459,0.2991149340831393,1.2871854063441335,2.926001946614368,6.052881645014125,11.580255963278134,27.44269903700296,148.11942864016336,0.02677493639207233,0.34901584949227116,0.47486863937015084,2.219874744144746,0.030747504125213015,0.2937859561809155,0.4550630264545304,2.3087672459964175,0.08347421108747777,0.3636054209525997,15.666075365901103,0.5182161803074211,1.2941376568328138,6.423012126911866,12.905758616523434,8.854044771810848,28.7907651419087,0.10850398946542544,0.6134023159212747,0.15366027612618816,0.8246472532632236,0.02381888540972273,0.08261517121444344,0.034923055501412795,0.19478574887495032,0.04250438020485123,0.1824446602563007,1.4597731913239862,2.5024733110580484,5.9527693270969735,12.371875624467856,28.70634941031106,143.89534901057064,0.022688021758168017,0.10324828050009516,0.5606874641089743,1.6079497890620804,0.03533181713579968,0.1493812460158291,0.5364774492940628,1.6757796734333084,0.08877199274828579,0.265706771364659,15.666075365901103
Train178.csv,0.07087655191786518,0.12878591527266522,3.510206474007222,8.668008591076468,14.651709211470958,79.36810146966877,0.0,0.0,0.0,0.0,0.0,0.0,0.0,0.0,0.0,0.0,1.2560944439816084,2.9588115503180665,5.504362036117443,13.314094370311164,30.402178749324946,169.5535439729733,0.0,0.0,0.0,0.0,0.0,0.0,0.0,0.0,0.0,0.0,0.0,0.05299865646388903,0.12667381665896893,4.2105972626385935,7.462562464605689,15.976232781425967,71.8135049565264,0.0,0.0,0.0,0.0,0.0,0.0,0.0,0.0,0.0,0.0,1.3628245282781888,2.4853813244549667,5.916762054018145,18.666931919258428,31.780878097216842,208.7820037337491,0.0,0.0,0.0,0.0,0.0,0.0,0.0,0.0,0.0,0.0,0.0
Train179.csv,0.8034242850066127,1.8533043776180975,5.194706773140707,9.72171547767114,6.238449700562798,20.308032340527063,0.03662575769856481,0.18402894412138412,0.3649799377862202,2.238723318328547,0.17855455538077025,1.4258267637686495,0.09742922337271523,0.3192332120904644,0.0666881513359056,0.34846719537208126,1.4435172184793577,2.6664599205626542,6.455630412944716,17.84856813600636,16.72237080059345,86.59185290650149,0.03114661810123968,0.10567615483009729,0.3474004964468827,1.0995269155567,0.0648710016601491,0.33861516171644224,0.3324777166418107,1.1053265238295449,0.10104589275895332,0.26322777928479824,13.381439375040525,0.9439617654061023,1.8026209554815342,4.889226003496033,7.886026296588674,5.324185639205597,17.94715946678016,0.04338842374362065,0.2601314203639699,0.5937054783007992,2.441655869629544,0.22510638779831377,0.8493554704726087,0.11231447853831578,0.3337503772607541,0.06769810415593569,0.2723764283291934,1.6613218838406971,3.144922326926219,6.160197827069551,10.847310499918693,15.066089706521536,46.44751471747346,0.03940753432835977,0.10620503570767144,0.4545482671688013,1.2047991118774932,0.10953087185577443,0.3511524505608541,0.4397020263281209,0.9796990312308516,0.1304454524372653,0.3187171023839698,13.381439375040525
Train18.csv,0.33600968764123595,0.8339500956224178,5.516034328553243,10.815798526655346,5.201520307688892,14.145897752147816,0.02042833781710446,0.1287040391656607,0.0591401322487069,0.3664213781983123,0.011549532579000094,0.06567778488367165,0.010380290166659546,0.0393726432661041,0.0301240430852548,0.23461230909595696,1.403566243992707,2.8791466538818975,5.279280837755029,8.344761568650329,18.099852547179168,66.27234065362778,0.015566640048229496,0.09847109608109013,0.506929614094048,2.1643167368196163,0.021791559955340482,0.1785588923155884,0.49501176290423604,2.170787008699155,0.08192724433669939,0.25447313859752113,15.250687003926451,0.340620126803761,0.8551175777139393,5.4269638773218505,8.333592286706493,4.663703512540968,8.201573837624089,0.021811606217061782,0.14401506545018353,0.0666933668297417,0.3881632527326714,0.011060514023118998,0.12394269915523354,0.010169516774814515,0.04315567643325768,0.028448274346726626,0.09456734523023101,1.5100597040350794,2.7109831275727982,5.208393402128859,8.638862386902861,15.914706228121503,40.55935209268874,0.01983888088587968,0.12177890680345656,0.5047945721820692,1.7215503177338027,0.02357578310210791,0.11547768826305088,0.5026895337296244,1.8256399365483171,0.08148516583046496,0.2782271078219222,15.250687003926451
Train180.csv,0.5538698138252272,1.2700040611724048,6.34478453638453,10.947845773748702,9.309845683206218,34.19368002099243,0.18643599435985353,1.111972338592805,0.04145977556347755,0.37080556189249614,0.01159082468331388,0.06373173117214992,0.04066885429367002,0.18938243393189003,0.059537328561942805,0.19087367183425574,1.4004784680429423,3.7995556132326165,6.493895686197825,14.372316619165705,26.488814099910194,212.1353835606286,0.03566985319412774,0.29253121800379134,0.37371806846222794,2.2404008103265904,0.25963569807635256,1.1625820710717525,0.20420289104772268,1.0540972414045828,0.04920086780426665,0.4849649339875258,18.54412330243975,0.5696445798985736,1.0653921972124574,6.540048783175809,11.082169923292005,8.87508167652267,22.416990100950624,0.228192649272196,0.817822055425186,0.05333946431702966,0.23607010897919745,0.01357714897046559,0.05850230462255749,0.04550286655765924,0.12270377303390398,0.0579907653103936,0.155073984273165,1.4693721333574004,2.8728056235196364,6.044231702039831,11.05182531668726,20.836089272278436,74.08771392363455,0.04985795961928296,0.26305891400984605,0.4235872145886872,1.2174204725158937,0.31973702115651104,1.009767146641775,0.20749723402060732,0.6450880225893385,0.047395791645172686,0.22801590685643386,18.54412330243975
Train181.csv,0.07052683002127663,0.12295898447195044,3.231603366001301,7.591834142973885,15.052903173190456,38.52355783492552,0.0,0.0,0.0,0.0,0.0,0.0,0.0,0.0,0.0,0.0,1.1714853189719934,2.296753902876073,5.2135437293001345,10.927606350323453,19.57657553908018,76.77849189363637,0.0,0.0,0.0,0.0,0.0,0.0,0.0,0.0,0.0,0.0,0.0,0.05522506181196914,0.12734800694377185,4.5828342229289145,10.327129452574411,16.752307461290684,55.70668076878494,0.0,0.0,0.0,0.0,0.0,0.0,0.0,0.0,0.0,0.0,1.4120359479032818,2.305195542282929,5.180530949056403,10.309494136937444,19.06853097136723,80.03727303741358,0.0,0.0,0.0,0.0,0.0,0.0,0.0,0.0,0.0,0.0,0.0
Train182.csv,0.2581687680231532,0.6106105407595949,5.234948220743946,11.222978594795647,9.25900648005749,55.885466358916055,0.0005995275539976848,0.008702420161728609,0.007340053691251151,0.11351384788188736,0.03329016579406655,0.3052041781102668,0.015609303467593639,0.08837419448109528,0.005807011606413309,0.041259737579390166,1.2822615934668544,2.308912042276356,5.539411677423155,11.409405458403494,19.797961138737108,67.20329229365203,0.014467407184703808,0.047458447399287854,0.010804519145569574,0.031995861798021746,0.15884537190436054,0.46601634028213884,0.2963979497235506,0.9093739391819977,0.26530428500483705,0.7720525179718757,5.5780722893738774,0.30383960833198503,0.7200429109859479,5.123012184762397,10.982703903934624,7.631808306468285,38.78046755961345,0.0008504906974118252,0.0112443804232015,0.009262615602855774,0.1567426654717294,0.06166981547027986,0.4244101568759305,0.022934463776525756,0.17458714826306534,0.011509595348213466,0.05360800317254397,1.381227702578664,2.331227689666967,5.5132860210621395,11.836694770722236,29.39679908429427,244.89276035141296,0.016530769688744736,0.052817670743843345,0.013797974567129978,0.05146271980209021,0.18050905223549582,0.576157776922902,0.2867227963964447,0.7963160937615621,0.31096453167858834,1.0440345161391917,5.5780722893738774
Train183.csv,0.3976240774611459,0.9385580053329171,5.816384066765882,10.04084051452816,6.712917188547694,17.179992766669965,0.09900203927323643,0.6474481268058154,0.02706359951764914,0.13908733808940973,0.0064278983996088855,0.030523802666198804,0.014837093239257935,0.09256767146663102,0.03557039229173488,0.1581156854197615,1.4190231013678352,2.2663365200483856,5.700552423604654,13.226886763561987,18.154021815377796,76.51583708298347,0.019700214217298485,0.09580009499574486,0.5173112507270015,1.2103226681397927,0.26826104200963286,0.5929231320330204,0.28637858099595026,0.6449220731461139,0.04518648284917097,0.10901451226225527,17.23861702194799,0.4322458771159797,0.956333863875549,6.068267177688368,9.400656837526439,6.936837778293521,19.4460910691751,0.1190682337034896,0.6314772876519319,0.03185347558873604,0.16973759099720603,0.0073675943000177675,0.03213932991031369,0.015605599145828266,0.07366288311823725,0.032803557057136695,0.09042065137824885,1.5646563753296316,2.135027908588355,5.871660054597162,10.67833453372454,17.755920390479442,62.28339316807944,0.02626655149388689,0.08607763453726539,0.6061538245016292,1.3870669566577838,0.34736429795979296,0.7797609465814421,0.3436775405659731,0.7527903840324038,0.056781802643441695,0.20250719702086184,17.23861702194799
Train184.csv,0.07076856731988548,0.1274438032019858,3.4636149003987113,8.532869040433217,14.858280462425206,35.29720699011875,0.0,0.0,0.0,0.0,0.0,0.0,0.0,0.0,0.0,0.0,1.3361376762118882,2.8597201597624604,4.732626629736352,9.457192974716353,16.032157477688635,55.58837385525481,0.0,0.0,0.0,0.0,0.0,0.0,0.0,0.0,0.0,0.0,0.0,0.052695101753644606,0.13565488793621458,3.894601436431638,8.783007715147965,12.222535206038582,40.97324254593415,0.0,0.0,0.0,0.0,0.0,0.0,0.0,0.0,0.0,0.0,1.431313066251447,2.274294924205622,4.489457757955316,7.265784479629579,15.37449237920305,52.61678056355344,0.0,0.0,0.0,0.0,0.0,0.0,0.0,0.0,0.0,0.0,0.0
Train185.csv,0.4961481826742129,1.1439795287220502,5.863323321027549,10.35061918256,7.814087094379428,21.604322673540064,0.15333205937785718,1.0911822947727385,0.03341030334837937,0.1763372314588886,0.007683578730090078,0.02444268311074506,0.036177758284184305,0.097802795384986,0.06012981418222402,0.20005735107680855,1.509851862325497,3.452295510101128,6.028692802780082,12.441850695818678,16.033089696729004,57.96060965491944,0.03875694657848019,0.3220410710757506,0.5098501350010924,1.1755870868264728,0.3525850768428834,0.7245320337554911,0.26039764220184214,0.7413230169190823,0.05558124243820338,0.4128101250720178,18.395770316020233,0.548602354220622,1.111726652534154,6.478165985183373,11.702731881481107,9.857755008516753,37.19053505518274,0.1969298380917971,0.8302406407714318,0.04851588835074313,0.3358865853672134,0.009768372785461828,0.04364880228888417,0.04308161399327959,0.16566674266683956,0.05671615387225032,0.16431201241840462,1.6734649172874732,2.378333115087039,5.799253219299798,12.198739946121044,15.388511266229447,34.28362254204919,0.03720215073840768,0.18560329678708593,0.6005166995067883,1.2579668287350607,0.44650919463148164,1.0868598557281077,0.27754581830427666,0.6087749734693042,0.05391375004210784,0.1474825260393187,18.395770316020233
Train186.csv,0.24957183323389245,0.6375319898283272,6.409953473825572,11.727985794713831,12.35628748043003,59.25062150225062,0.0005704913123812912,0.005146442891558789,0.0077003985242078046,0.03185628973714642,0.0262317022983422,0.38814046016457354,0.015167179413877756,0.07515401713521513,0.004457733402049322,0.029978000597806004,1.2402140154679961,2.5646425541848106,6.1795977022446005,13.196328314049751,25.14587175733005,103.55119464493845,0.030388534948437875,0.12955603431754367,0.014640112188562558,0.0881007279037168,0.01769216985928091,0.11999726932978937,0.37550980197246764,1.254833870825617,0.014291478605664612,0.04545175887143245,4.628613176288962,0.24662386977584128,0.4459889444137761,7.031922626073473,18.88405297337291,14.62822311653191,82.46342048552782,0.000953540856176462,0.009224403434106755,0.010813789537567923,0.0531570583664711,0.025122832230352825,0.10621092400293664,0.013004293583441445,0.05627608783910402,0.004780736029481166,0.02093397932080366,1.3439063465862193,2.338037245637515,5.653812248844136,11.638911053886057,19.00921029443559,52.0710420197123,0.038551508072056026,0.1360873939510461,0.016721193635252284,0.05731839980289795,0.0199147450345921,0.058585791733650076,0.43846375287603523,1.3506482059289695,0.024964244358758658,0.09174043748033887,4.628613176288962
Train187.csv,0.07157369971929294,0.12819829798043206,3.7137209132359157,8.44882728911005,17.223984854174404,56.90401414861207,0.0,0.0,0.0,0.0,0.0,0.0,0.0,0.0,0.0,0.0,1.3919108518202097,2.9815846600222295,5.145311752690138,9.819933093054729,17.757640535980393,57.141416974462565,0.0,0.0,0.0,0.0,0.0,0.0,0.0,0.0,0.0,0.0,0.0,0.05529253459778527,0.13507812314670578,4.3530313913648335,7.614735135913391,14.14688569257583,24.68817102841242,0.0,0.0,0.0,0.0,0.0,0.0,0.0,0.0,0.0,0.0,1.525951633438931,2.7977365653220208,5.118811978611539,7.35784009713363,18.4581132941262,41.3830197758816,0.0,0.0,0.0,0.0,0.0,0.0,0.0,0.0,0.0,0.0,0.0
Train188.csv,0.3065306582316866,0.9332481127530056,5.844333795022198,12.06267728513357,8.628791909653385,51.39122343773275,0.005146784511481009,0.04682184796949774,0.06589162671080871,0.6109105094516359,0.0109048420775292,0.13209887063305,0.00969925931589679,0.15943987465329743,0.024452406561732157,0.324678432424397,1.1551484419068823,2.8746792417387512,6.982900052984493,19.37912590472158,60.79477362892789,407.1136155163254,0.014262531331032403,0.1131008692907377,0.35837019887647115,2.0680082184113733,0.048908956137814194,0.25838879250120567,0.3584368695325356,2.0535069908454697,0.05343037410747105,0.277365695234864,12.19461548368438,0.42637692650700604,2.9512902595208894,5.781109976020496,11.051127901779756,7.263692609518866,26.264603144058572,0.025086586382878525,0.5606947442886943,0.5350214274693039,8.500084950742025,0.017028612616443395,0.1839430214702382,0.019283261931549802,0.29297142310927976,0.03394312099361979,0.535485082700712,1.391388999019965,2.5049547716776592,5.445349148383398,11.003474387541488,52.975488591691686,414.3860599362322,0.02338785694829651,0.2155162364642626,0.4387415112783985,1.372489604813398,0.08237906227582664,0.3895802540846521,0.4594545822676354,1.3888320787192256,0.06750731498541701,0.2516351657222207,12.19461548368438
Train189.csv,0.1351419869764091,0.20290865747858633,4.051012690631514,9.921814455963577,4.5524961224779865,20.444222142715173,1.9399919090797835e-05,7.821693371486196e-05,0.0002226053765566839,0.0017526270274232651,0.008902071487595458,0.02944465322954269,0.0012190502479735548,0.0046143493242150994,0.0005276743060666517,0.0024799144522236888,1.3216308297036525,3.0023051510309218,4.900901715265939,8.186686438545054,20.009242854606747,167.39316438584845,0.03765795382131582,0.2114299363483591,0.01432616775489407,0.08976905279180805,0.013870252393038001,0.050870093953489966,0.4972909097052378,2.314504864311438,0.008641000713080826,0.07627364581839019,4.628613176288962,0.12243333527228412,0.24345316419043525,4.374800410266191,9.106873627399434,4.908244576567356,18.86269308793914,2.265212033210867e-05,8.71282218854988e-05,0.00016717967355112315,0.0006026210250603965,0.008509540708049589,0.03385375223096193,0.0013731161160047485,0.005084235189003018,0.00054407642315986,0.002199969062691992,1.4072849511752064,2.52535641050358,4.56884505327181,6.651740196543646,18.889908528766224,154.16679794326612,0.04585887476221847,0.15431606258951158,0.01732415099931075,0.06442264726457349,0.017326915326474967,0.05317510297364001,0.5426919328255354,1.8307961688816958,0.017845794092224684,0.07007501218258963,4.628613176288962
Train19.csv,0.07011061133673938,0.12240134558202963,3.156803494258816,8.797670772007615,12.882578699165585,41.65263319242629,0.0,0.0,0.0,0.0,4.315633143800912e-06,1.11664134808229e-05,7.019842773230629e-06,2.3543977958407894e-05,4.75991676042319e-06,1.5372949231809625e-05,1.2002475253005613,2.316293784462135,5.065239816057391,9.446177671292713,21.200697562723683,100.36654938432063,0.0,0.0,0.0,0.0,0.05768425983419389,0.19490435583327104,0.030573722092386044,0.10872315397606566,0.007115890293398236,0.02251244199008248,0.5044001538263613,0.05277866728417594,0.13031204543731958,4.293889304253634,10.579249964025072,14.56913759856395,44.14981109296898,0.0,0.0,0.0,0.0,7.329443703691561e-06,2.7780609159923647e-05,1.1181677250224102e-05,5.012510917111104e-05,7.227901217378381e-06,3.3346176110942184e-05,1.343007943343792,2.0825396126497813,4.917735181032524,11.852093456948637,18.79860453260504,66.99227906853105,0.0,0.0,0.0,0.0,0.09412711658356732,0.3639474883670659,0.04628051945768041,0.22123437091340362,0.011221777412418501,0.05019680570704873,0.5044001538263613
Train190.csv,0.40034512616028894,0.7682129755846293,6.136962838729831,14.403992251759007,11.057727173886107,57.23284475523365,0.030858406042084924,0.11843836943549398,0.0949077581507368,0.416737525649851,0.02398728789157628,0.10778923490680607,0.008647374824597126,0.02462730924745168,0.0216539520188217,0.13856837012045672,1.2673676270637064,2.322144732204015,6.078842572079399,14.141921601924931,46.04112568962173,932.4462284319526,0.013946280190470442,0.06888740467806928,0.44189959860177436,1.4824204627209394,0.03026676859319087,0.09537440529244039,0.4004213480857811,1.2722452023901667,0.07362225344002273,0.23416367515997968,12.402309664671705,0.4848948251282459,1.2796655837011628,7.153750345198985,17.676216128767642,12.081928214102382,64.15758607609264,0.06294134644457916,0.47203087268634986,0.1409885846112654,0.8565767416287149,0.05165188451400987,0.42904567386762804,0.016839354153822195,0.09378959468910872,0.025311407268233783,0.13220955998564776,1.4143522033560236,2.816928264900621,6.201620223523939,13.703950972109356,26.933277447207256,181.66429959058354,0.022149682996032316,0.14591608921147728,0.4937542108916536,1.3930144707300283,0.04595228847051432,0.31213828600460464,0.46433345117232205,1.425395703213354,0.09664948246414912,0.457502083605252,12.402309664671705
Train191.csv,0.07156878184429968,0.12959153634915732,3.472793188553009,8.399200351236916,14.857145863641684,39.71983397439026,0.0,0.0,0.0,0.0,0.0,0.0,0.0,0.0,0.0,0.0,1.3627240621503436,3.0443270471156354,5.179567909998916,10.841400881054529,21.28727284609015,117.09371039314541,0.0,0.0,0.0,0.0,0.0,0.0,0.0,0.0,0.0,0.0,0.0,0.05479412106104854,0.1356245120870366,4.553572038716053,8.138434574843483,17.491127566628116,64.97612661958078,0.0,0.0,0.0,0.0,0.0,0.0,0.0,0.0,0.0,0.0,1.4961260351851688,2.7989520746271603,5.345930005913566,10.871472882611961,27.669209889631063,140.70708081621487,0.0,0.0,0.0,0.0,0.0,0.0,0.0,0.0,0.0,0.0,0.0
Train192.csv,0.07003637345333635,0.1283598793841788,3.29126435586185,6.595658255368398,16.599736681693983,55.09120518543877,0.0,0.0,0.0,0.0,0.0,0.0,0.0,0.0,0.0,0.0,1.2567218076726947,2.9674533948837984,5.267619883335875,11.535421991718936,19.956663762797593,72.06427259361196,0.0,0.0,0.0,0.0,0.0,0.0,0.0,0.0,0.0,0.0,0.0,0.053475551919817906,0.12733197538082824,3.9798226194741297,7.565649822656163,12.041439904200981,21.353692304307494,0.0,0.0,0.0,0.0,0.0,0.0,0.0,0.0,0.0,0.0,1.3910702794779257,2.5418305611272527,4.486702734196121,6.712296042654868,17.02814128771525,68.35699929731216,0.0,0.0,0.0,0.0,0.0,0.0,0.0,0.0,0.0,0.0,0.0
Train193.csv,0.2647353064900839,0.546042448916767,6.678464296496249,13.016431833646521,16.86853565687176,80.92793708656816,0.000938986471144512,0.005868981785130579,0.01167736753259313,0.05876372329879863,0.03196856326511759,0.27143117560920504,0.012176585600688532,0.05723083481437797,0.0037859573233724212,0.024161003957277542,1.2643054275511665,2.9694605504034715,5.988043247303865,15.047990080368209,33.97964869185222,133.86406611115822,0.015388176372538948,0.08378097487110785,0.010665193475344845,0.05598924316951509,0.038138734631096266,0.2633940825261538,0.401393190534026,2.2070292983610935,0.02352601276207087,0.1566978323455497,5.340707511102648,0.24720858459171086,0.6271471691801872,6.605478785375819,14.111032773243167,13.550159631093766,92.25708757642931,0.0012190071073705233,0.007402660781355206,0.013880666945321453,0.10080155075543612,0.019513833184066222,0.13852781945749407,0.01763484364890391,0.14191299606045754,0.0052669951984465795,0.03203523831178628,1.4416938461043807,2.752100275246459,6.1166060788012935,15.093175482657996,57.1823287121681,472.82277157080836,0.023286136000516253,0.08143890364093043,0.016474867788186763,0.08916056183416149,0.056517879491943146,0.20070460232628778,0.5088060058487214,1.427664907655658,0.04274673856536452,0.12347891319872648,5.340707511102648
Train194.csv,0.785571244917999,2.2537241520036786,7.190320785649219,12.870005594431772,11.228461316215991,35.08809990977601,0.23339564746752522,2.2680238531869064,0.39978587172962216,1.3324647464016346,0.16006657678363878,1.1862804806712939,0.05649332000627318,0.3758112411133848,0.07975268494414285,0.6407939202905008,1.5498604525506714,3.20746423537473,6.698441492238796,16.677155843892578,19.77864729872054,56.46882467004419,0.04389435943297516,0.3351362622467177,0.489057143361039,1.23215672395998,0.07480276014250845,0.3036693244395842,0.45468890558340336,1.2009002167593104,0.11559589582081503,0.33163775867897516,12.669345040226839,0.6579862841752283,1.4003543130803513,6.566102001843115,12.210444507313603,9.073345717086639,24.037196157201482,0.09926199811893671,0.42488848477960883,0.32787239620079933,1.2494881809882614,0.09686655440565294,0.6149900933842816,0.03851186279755047,0.1595907814927061,0.04972686422657215,0.25786285376832796,1.6441908524331432,3.3296524737881885,6.293810116375897,23.431429907902462,27.430447842404902,199.9147818210344,0.04217523489410641,0.17038933543249146,0.5750698398441723,1.4750832295870107,0.0738287486035738,0.2608964780582414,0.5163286315664447,1.2826685218155423,0.12712216638650653,0.3752871842102546,12.669345040226839
Train195.csv,0.2264914186492875,0.8641739885445507,5.48262665317107,9.559519014062722,6.384840616482165,15.342595470063342,0.011072747562016675,0.2040629502773424,0.037108303521105196,0.49028811734531375,0.0035761483930933664,0.03775625232623477,0.0028438728256856226,0.017858502909750894,0.008271420698276261,0.054430948083164024,1.4382697605659072,2.891387743453896,4.985960311934001,8.015647738058885,18.11608165908984,103.03178237554215,0.014310010266266592,0.04853445666233659,0.01675131321095049,0.05970215008504608,0.5398051843916271,2.177387621408651,0.3552216946170921,1.4765411834486826,0.1676079336911161,0.592522137311055,9.257226352577923,0.2013466559813082,0.4076702162023264,6.120130675563358,10.953576392469476,7.264369244126096,26.940588043974394,0.00861824070255566,0.15177183808460862,0.018600591283035955,0.08872675778268921,0.002979365516750671,0.017666321002689115,0.0031006183618794737,0.012305176177307907,0.007142649291313025,0.033823417395315386,1.5183780038250254,2.663201357918035,5.06788254411601,8.335248279245858,15.554824559673635,46.212061637625936,0.021068159361475353,0.052479520882703044,0.023676078239886694,0.05929715624226052,0.6393132851235259,1.7717726272332204,0.442757971759566,1.2572487354303972,0.2155939949594991,0.5409587097274774,9.257226352577923
Train196.csv,0.07071486522275958,0.12643202425780797,3.272719498625044,10.91363889567062,13.461656635562433,22.563276529248995,0.0,0.0,0.0,0.0,0.0,0.0,0.0,0.0,0.0,0.0,1.2180462028059256,2.193164551830246,5.466693047594604,11.832905352573743,21.746662928128366,74.01355575355092,0.0,0.0,0.0,0.0,0.0,0.0,0.0,0.0,0.0,0.0,0.0,0.05257672011033382,0.13472338028155517,4.212957983064314,8.366223793740458,17.071184101855334,77.19553406077233,0.0,0.0,0.0,0.0,0.0,0.0,0.0,0.0,0.0,0.0,1.3114761450693035,1.9710721860319163,5.520878368790519,11.738887479846891,22.35103328696578,80.1154044221419,0.0,0.0,0.0,0.0,0.0,0.0,0.0,0.0,0.0,0.0,0.0
Train197.csv,0.29561879460190177,0.8317711920708584,5.407077350776316,12.412777647804493,8.97624706132446,42.37238703563068,0.00599743400514116,0.08541507511338307,0.06854405176566311,0.4325396014617165,0.019741660466333757,0.12731089770034637,0.008672674364106299,0.11069695085344797,0.010888652122672062,0.13002357361663966,1.346869927918083,2.9614315325373743,5.226506416240815,9.414744352386595,16.634535006653582,53.56198285177534,0.014977061782459115,0.08661892031556834,0.04619474645860266,0.2645239820273204,0.4254403814984954,2.0185444629354294,0.3352637737098022,1.839100966632136,0.15006351585864114,0.6081975515912215,10.918779800476525,0.3611278523743857,1.7685655733612897,5.7567864176769685,11.30586554485186,8.521870726591562,35.728040004060674,0.004243586787204124,0.03758194748462169,0.16220203551369794,2.067591847187595,0.04811356720820745,1.04757651500377,0.012853152209944235,0.22566075757000273,0.018053776255247206,0.36129945976348704,1.5172863072538014,2.564836515543667,5.079348916384506,8.455503837302835,15.412143778703976,37.175737194067864,0.022544753567121212,0.09052951787747486,0.0681556016860994,0.17755645913970897,0.556728062015435,1.4920098236062438,0.45760207305300593,1.360634126393257,0.19749172294557094,0.47446929508352237,10.918779800476525
Train198.csv,0.39968653558863887,0.8668125476082127,5.1581371268097636,8.683813925233707,4.647564796266863,10.895567511748988,0.024545005473028958,0.14816234979367168,0.04960839686984404,0.18153185208829276,0.01221921445048249,0.05896871156872008,0.01959385499356084,0.2753379818077355,0.057918744150650264,0.2312734654520176,1.4643107408179437,2.490035706617383,5.184722912535394,8.152073923084346,14.940929734754715,37.750530241039876,0.02293856268156967,0.15114735319558587,0.5276914112347247,1.4933653366680764,0.029381695569869963,0.22975416182318242,0.5066407477317914,1.3963832178838642,0.10050799066224106,0.27321288761125834,15.755087157752813,0.5524827389864438,2.0717043426620343,4.967196163871096,6.730216584637738,4.466561570696808,9.378348025484275,0.02781261825832695,0.13752040173577243,0.2855849332534645,3.2403268324922365,0.025702907527693157,0.16789728258420752,0.04008975859184673,0.5204278874030221,0.07685294682067698,0.43294321395915825,1.6420030827443695,3.203655050197576,5.695633979108785,12.749636183107402,17.459417678700376,55.99766147623942,0.03265439919573851,0.28478772927632057,0.668088505507421,1.3838992593666588,0.06623067891545097,0.771612062969549,0.6498033662131395,1.3727054581382019,0.13497853610376812,0.501920759419631,15.755087157752813
Train199.csv,0.8148781643018344,1.751860523647197,6.007097743699692,12.747528966453693,8.076109971954939,20.531568455831046,0.12496975182922165,1.3274052123330435,0.4013024113339981,2.1007568750854757,0.11645951529035542,0.6764335374246111,0.09081931631557263,0.4721696714659339,0.05793294601145657,0.2505072502608782,1.5086618313593378,2.6179512361437562,5.9694376801467826,10.986051502279624,16.91987395024475,107.05736506579315,0.051070843154511325,0.3558886484916378,0.5277526548194338,1.4240017442477086,0.06943248618514525,0.3517685848389732,0.48997256267930767,1.3144225289735876,0.12787929158916037,0.38795760966262394,13.915510126150789,0.9066570859552281,2.140100338256957,5.471449275746551,11.838001080787182,6.365013897611656,25.71323589822013,0.04935850621320099,0.24349829184891805,0.5678462699696415,3.7361195336021833,0.1977506036389694,0.9636680714245599,0.10394495868417743,0.374172530711139,0.060081961062246225,0.26228845015858687,1.7790783531406564,2.9072973327941423,6.455394476918216,14.030701250574946,19.134019105533728,117.98633418320367,0.06336130025672308,0.3582522882945759,0.6877576891226465,1.2968200594904655,0.12389753562754674,0.6523025385550687,0.6543297035120721,1.2134750719166851,0.17679909373011515,0.487377652948627,13.915510126150789
Train2.csv,0.7341673182253038,2.433666822092629,6.444321519066478,10.701197682532033,8.696118074616729,18.632094607466044,0.21489719319922684,2.0318146465950013,0.2750468964808191,1.574801706428569,0.09158897633304248,0.9025105266360658,0.05843233001568539,0.5657007094184633,0.09816401007926236,0.7527460764227327,1.4089340161981192,3.1800844755438495,6.684975788414597,13.253946049530569,27.515326396001768,277.94075229037844,0.05000056107514382,0.3937179284753086,0.4747683392610397,2.1753828793968446,0.07142144977688579,0.49588186975484233,0.4456898620529701,2.244877155528754,0.1119475021103331,0.4503644801814957,13.351768777756622,0.7580836250687051,2.4437336135763656,6.837215178781585,11.022884823875549,9.748978705883081,22.38586657649829,0.20529779983969987,2.635645063725511,0.35278302482127033,1.892709567691321,0.1329805549663264,1.1094259779597622,0.07465483848097472,0.4841335179351054,0.1078221912922554,0.6703452024536177,1.6469108904674274,2.9183216647557173,6.149614483773782,13.1845117964597,20.115256520766618,65.13677997383003,0.04696329601092823,0.3060931836368853,0.5299061643535941,1.5618380997274868,0.08812953904614246,0.600435529959155,0.5348266108829866,1.7566994019229913,0.12457504066428042,0.49126204084627106,13.351768777756622
Train20.csv,0.3404335272555842,1.0449172973532543,4.9473680311052926,13.259114953070082,6.938804952223262,31.6085583049407,0.035424176518532476,0.6227475957407346,0.09997232759485693,1.126204369446763,0.008937292024316774,0.06063911254704225,0.005236029699439295,0.021253365120610695,0.015098503000209063,0.05694350946718208,1.3622726925453679,2.369370423420456,5.451733170003726,9.837617335080306,17.718516665251812,38.28277914006732,0.01915157251667887,0.13978268836718558,0.02198189368442549,0.17306519849953791,0.4087230745603808,1.4401228143468234,0.2877288109664617,1.04675743802529,0.1333256925300634,0.4894304090040418,9.524261728133057,0.2936339240985153,1.2675811520674052,4.898361543818348,10.47597623009959,4.491189093644023,10.765832687223078,0.01733833073142568,0.23032106262757818,0.08450718749611703,1.4647499886011277,0.008316772606325802,0.06288563588723131,0.0052921874513387765,0.034922284645553366,0.01644907099613944,0.07868260911271295,1.473426653265661,2.562980568994658,5.5385533626005055,15.245258137301418,18.11661351240006,46.16706208370801,0.02136034871565245,0.075979915680966,0.026762797659560446,0.13914382487886068,0.47657210146768847,1.2566390404210228,0.36698266615832986,1.0291638000020005,0.15262455935371627,0.45450291656465214,9.524261728133057
Train200.csv,0.08051393715791401,0.13604565187646794,3.688373776586441,9.780293511020696,9.2932388822601,38.515762933015225,4.354443015067019e-06,1.4757550490819747e-05,1.2661501045418954e-05,0.00011504867920663709,3.1616748461513216e-05,0.00014713046855312217,0.0001176312368348249,0.00101739905569909,0.00022842647292562878,0.0006141859608946423,1.3508858935429657,2.9320674206896085,4.850859407450423,8.453739127387294,19.52068567621091,78.14914501601602,0.02916671860574961,0.11811776370187263,0.017629789609502677,0.07936462330080427,0.011014187381905832,0.03519383022375137,0.023416105967507674,0.09935447963715785,0.5206407116511687,2.110849681366396,2.462659574563999,0.06434140455056135,0.15022719780197763,4.378520446871317,11.051229863107363,9.021014884152667,40.042232914461486,5.509361549842767e-06,2.7734279965909684e-05,2.167682555918351e-05,0.0002300254776702148,8.909609853545233e-05,0.001671430467598464,0.000312854087295687,0.003740633724572974,0.0003085496978830342,0.001022412279580713,1.4548837287403533,2.5519818960518537,4.806732366658851,8.44566712686421,18.692017476963603,73.85638384844533,0.03578728858135933,0.17153814709926554,0.022916160106445132,0.07927743788231242,0.014786236902737294,0.05422163547800438,0.02595168195936904,0.08418229956638307,0.5729566677903108,1.2778850653747962,2.462659574563999
Train201.csv,0.3961929317358369,0.8022147582906124,6.742668186481022,11.457471369860137,12.724772677095352,31.32685235503532,0.012638518971342777,0.1088628237190253,0.11945163604513226,0.4730702011757879,0.02283098769188282,0.13495152768880284,0.006425405539903278,0.02012989246554116,0.00986400274974581,0.07241862303503958,1.38448224521134,3.69571772887898,6.228813018346748,14.681435694868757,29.95171310540476,146.74375772438893,0.022939690546904767,0.1962983920037589,0.056972842826345294,0.20963709681312728,0.41709567579763673,1.082083440063294,0.3083651333138013,0.8032330348722287,0.14140470611644046,0.41349116360645954,10.7110856194892,0.4380518613575777,0.9734613694254105,6.650293634371848,10.884564562900072,10.857960401443913,34.20688093455385,0.014278518995130727,0.18311957329924536,0.14558629058687328,0.43728101705114075,0.022214118905722315,0.09751632746800694,0.006208312189015881,0.016393612678023212,0.010737185893323523,0.06168265572669711,1.4766805357521298,2.522473670847584,5.954317599694549,17.704402537353904,29.204139259384647,128.7315672309439,0.021839317992652513,0.14884605773465598,0.06461586311482026,0.23425611025291246,0.4107625848995659,1.2122807421685504,0.35075273614350255,1.144117667244056,0.14776625484837588,0.49440631473726326,10.7110856194892
Train202.csv,0.7149768642681446,1.4706471091820243,7.665951697306321,12.38354429978466,12.872323399101303,50.48000541634173,0.35100122085570923,1.681985137414597,0.10827480235314071,0.583180915736168,0.019856115570976288,0.1007319707529763,0.05759571495791306,0.2331536620226917,0.06756829310857537,0.17302100676988388,1.5330372332623265,4.108931234643316,6.932733679334875,11.811738794480277,20.694409251176427,57.28968922727755,0.05561776183509827,0.4130326191056097,0.38165166174449183,1.6274903671453997,0.26937857015204575,1.1615428147838869,0.2223512991813134,0.8706355148610722,0.06653421718767603,0.4800377689636176,18.603464497007558,0.8005220649940492,1.4242162973337822,7.535873315284822,12.640579305638227,12.461023403051316,32.717315272220226,0.3709366297139312,1.097923100988847,0.11330605851554434,0.43282585358312653,0.021022211899312047,0.09984025855691567,0.07481464010848443,0.3213234627385187,0.06952797087511685,0.2013537635144523,1.6041180754447972,3.047302443525549,7.224800405941298,19.885019584000638,21.358102423755952,112.48070360063058,0.0644564430247238,0.18590704911979045,0.40210533195802806,1.2357217010687422,0.2895644892717563,0.8969679665279746,0.2175780834522803,0.5670933419397399,0.06159471285948794,0.21681456019337797,18.603464497007558
Train203.csv,0.2867584749312784,0.943465572405779,5.267693915971911,11.775461477761812,6.514509227630162,28.278823267891397,0.023094684521100924,0.33686569201462657,0.07314360213237259,0.8356286971492142,0.007353781850820586,0.04638171335669493,0.0038120682993660364,0.01315187669914586,0.010929922409774046,0.02692226290729112,1.161780811231666,2.3254945379025735,5.895373151564845,10.19107573769119,23.577211165370016,76.79976663357846,0.012345105924361381,0.04174071235025643,0.014735506599290871,0.06808864952313158,0.3402597988757567,1.069337735513189,0.2307540537018479,0.6835863520844286,0.10900747611727232,0.35306623602684006,9.494591130849152,0.26936057632832544,0.8443992377472459,5.269973331234154,9.853154073168726,5.286416743518586,16.078542880030675,0.03949313662814165,0.5768460420261328,0.03423960983249237,0.22864156736378688,0.007696731015470535,0.05986303490714871,0.004252899597641758,0.025905310278325308,0.013626260646264267,0.07537748550260934,1.3604598634598326,2.0280426525920063,5.331098460465184,10.152177797535437,26.629571520034613,132.54700467512654,0.016468480502155332,0.07077990416817985,0.01752672603372435,0.07144584029300048,0.4539532543380342,1.2586602279124108,0.3309762027543254,1.1077778879942384,0.1395214773661616,0.33456161333644074,9.494591130849152
Train204.csv,0.34334303687844897,0.6116322501302675,5.635711581683303,11.646981474741752,9.23029525960143,58.948527123138135,0.015404202934705413,0.06089894491049053,0.031976458656472945,0.15721367403558562,0.006004380649461654,0.022743580556955943,0.013613203752137953,0.05899700905768724,0.04856760571751466,0.20839512313280903,1.2542620900924217,2.833839917592591,5.749098232292907,18.451547186906303,37.588968525603235,268.10219516572164,0.009826150949995657,0.04249109875849087,0.4510958406474924,1.4921079048946913,0.009675965625104565,0.03194683021098477,0.40938658676093653,1.52844946305922,0.08186788516253982,0.21232448579502924,14.034192515286403,0.2989520899076431,0.6031126386729622,5.172549080985476,10.716258660208208,4.8446093178997565,17.490288660230362,0.009525590905533964,0.041550029160249365,0.030488180244928307,0.286899509712021,0.005832917324785407,0.021584166607090803,0.010372409249933278,0.04976853413407916,0.03624075947214753,0.15405362079825952,1.4281569770726006,2.5441321042651905,4.904203030582254,9.026953655439605,27.437130692821786,173.8496510462208,0.012101880270151395,0.044808324665417607,0.5210763372896927,1.349366952639007,0.016200779170083272,0.07502908934605285,0.472840678950012,1.1255788505544793,0.10302254732141705,0.3866236111378152,14.034192515286403
Train205.csv,0.5159658107819818,1.4470811641377364,6.04844441267835,10.468608227843736,8.249842974042933,36.05507017414678,0.20493828114336257,1.1230204360694647,0.06875552465889276,0.6073443783562548,0.013087338511512375,0.15200296714833156,0.029338506789850855,0.21378978545204882,0.02234452238999972,0.10127202072764972,1.384294687464871,2.300064749298692,5.859798855294352,13.991801761543599,22.27788270803947,84.44837743766479,0.029602838196461263,0.3189541022966257,0.4181240720788851,1.4344709025524107,0.27477542199157623,1.0652965077976058,0.20810965271548623,0.5895648580728908,0.052886711418586564,0.17324851581319528,17.505652397503127,0.46820457687404066,1.0028371944697625,6.869210369193107,12.941287066093908,10.9010000460529,47.53402489651197,0.1470204760783613,0.7726249335105705,0.059727412948792975,0.30597905048403834,0.01047628501141238,0.05844690013744041,0.02335833494843452,0.14627357249066872,0.0212934615879947,0.09282377841848445,1.437091081893291,2.746826125763647,5.845945137800978,11.101417505556245,20.928840550848044,74.08221348372747,0.02472738397250628,0.08091150589405251,0.521611433822016,1.2950063169399757,0.3637697832273678,0.8970475368334287,0.2471919784795831,0.6394159046384029,0.051512116735286086,0.17466122943156456,17.505652397503127
Train206.csv,0.07070823064360446,0.12709073165037013,3.2763262274374996,8.795134357925171,14.816522284085124,84.98700242733297,0.0,0.0,0.0,0.0,0.0,0.0,0.0,0.0,0.0,0.0,1.1720202913241415,1.9602225660750083,5.270786717020709,14.378855551869417,22.810598317347928,117.15583349444726,0.0,0.0,0.0,0.0,0.0,0.0,0.0,0.0,0.0,0.0,0.0,0.05278470623731085,0.13484593085760982,4.184539323451116,13.96514698950305,16.45462229988232,55.27360643461908,0.0,0.0,0.0,0.0,0.0,0.0,0.0,0.0,0.0,0.0,1.2844290982420024,2.039196313289295,5.241803180903389,10.906733167990422,24.641971176205367,134.09889287798836,0.0,0.0,0.0,0.0,0.0,0.0,0.0,0.0,0.0,0.0,0.0
Train207.csv,0.7819817826346822,1.6098021569997754,5.050931954607613,8.566940862527415,5.746954817038336,13.354412734927497,0.05180774089685619,0.31750953670380494,0.36312421679593854,1.7326823780303255,0.11812466984171383,0.7525302097629747,0.08934491478983209,0.4187083829192674,0.053530268798284916,0.21185750761033728,1.4308963927624736,2.83108559966934,6.428497997189009,13.895180696374624,18.797042196324938,101.38163247284146,0.032507029919361836,0.10193461402922037,0.448380764291431,2.1687322815141465,0.05802249406188613,0.24194727348087364,0.4249755325054942,1.8743886215910188,0.11236493101609124,0.3227580918169814,13.67814534787956,0.9333541524628767,1.7666785169112533,5.011129278463709,9.83909021959329,5.3976291541528045,17.73269415558406,0.0541201923085116,0.23102580982952106,0.5680044048384011,1.9457615255557004,0.20098610582986348,0.8836569580868795,0.10398756945231742,0.35233758640660645,0.05790788062707683,0.2906709489886428,1.6764844157638032,2.95125875338832,5.821288560874106,8.54634861527138,15.827675727425042,117.0601836322565,0.05355520082396034,0.21539400049919688,0.5132318718227192,1.6554235367171575,0.10145221133266198,0.47334266390064283,0.4784918092354753,1.5467578526705115,0.1289046647095979,0.43960281709526167,13.67814534787956
Train208.csv,0.25626236528468205,0.6224567404809895,6.308838182426051,10.668412064858686,11.78645210277947,43.21814144210337,0.0009371593906333368,0.004179949341196042,0.009436768100281188,0.03140230521408078,0.03659710598568069,0.298159102236863,0.014411857364243639,0.0627931109271253,0.0049950034365458616,0.02716682010762646,1.236773101289308,3.0205758497516237,5.787828433001388,15.197022773217647,36.65334925976717,261.9600754544663,0.014601510942803757,0.09990987547065236,0.01033171953118936,0.06610132111269523,0.0368626035946311,0.2626779861467291,0.3717922814016811,2.2159357352513562,0.02960123884995782,0.15592661907365432,5.340707511102648,0.2269268282071515,0.48816955814838014,6.3377825644321115,13.343448391553475,11.065668023045728,60.25002800222294,0.0016834089269660965,0.020949913359516667,0.011498108076985526,0.0687409628866992,0.019157386833582795,0.11159402746102538,0.012917830103784849,0.05333443051046124,0.004814602602344488,0.021238277193999268,1.394639429330247,2.576131859411458,6.024498481549972,12.19500175753624,40.28220083525038,243.80865445982255,0.020027849739027277,0.07615212596233535,0.014438844170005244,0.049051572677088456,0.050144712121991813,0.17266754341449547,0.4404006322699644,1.8150096274484504,0.04480334979283996,0.16985358486941657,5.340707511102648
Train209.csv,0.2859549575989371,0.7604689982883918,5.421440212788896,8.218612480018312,8.433322944212719,20.317921439786662,0.0009982064359217602,0.00993997064236536,0.01385424588628418,0.18737852436793817,0.05436998261567256,0.338613572537061,0.019122169573055542,0.08829288050362719,0.006349450728975942,0.043613541830448334,1.377111579435206,2.3003262845571992,5.450516653793351,14.919372384425152,19.64229005465515,81.06512023757962,0.01932767464266541,0.07299229696627677,0.0183521425760369,0.07091056292863061,0.21090287104612898,0.6926353059431728,0.2978928143894244,0.8557577044130658,0.3123650508712367,0.9873593645443126,5.607742886657781,0.3242598084407863,0.7370470013531527,5.753537284028017,10.866626769240561,8.23811995402016,30.683752433918283,0.0014551246114871453,0.022231822706057527,0.01725546270290684,0.1807319903812462,0.06945840716849754,0.29886310379150355,0.02445197045447743,0.09843444820835791,0.008213699393186828,0.0451726519374226,1.4917943271120477,2.756425238464387,5.419236181182576,9.553847409469784,17.851347645050044,105.70510211975487,0.02659786596190285,0.07842592561420557,0.022005058313893773,0.08107443996505054,0.2390970444409935,0.6288029792215895,0.3290950689783366,0.7077756147956485,0.3665958191207767,1.0441394180030865,5.607742886657781
Train21.csv,0.3258265920277484,0.6064167108102838,5.297948971209405,10.100002937913573,5.061233173399113,15.511203565149849,0.031382977532080525,0.1620271482444533,0.02253321827967819,0.10383150667969673,0.003930625010180544,0.013439826481957393,0.008252342687441478,0.034171319078955854,0.03851967561252767,0.17256561464316517,1.2494576030117674,2.2723048492188687,5.608729503920516,11.851499692780395,26.97341985609582,180.13091854556993,0.012383187697008458,0.043764126408763135,0.44732439988088724,1.3753210142225218,0.020781758717723194,0.0857419920332485,0.4158381343950288,1.3241744273047924,0.07996528523588267,0.23950168364812544,16.111134325159657,0.3374475783273885,0.7870466619076543,5.111922268218404,11.942638876985482,4.853815817457958,32.75534898585951,0.03910222351548753,0.18131341083561392,0.02033296617943463,0.07584379793984722,0.0037875729099234494,0.011334153120700245,0.007882784189672597,0.02714032432329123,0.036904775885955456,0.24098567547678448,1.3835252463544236,2.398217877698874,5.851836336981883,16.754022125689957,30.21890514274772,235.42003763193114,0.015528030029000599,0.07178859766069376,0.4958724445352481,1.3448682502254883,0.0268206208345159,0.11185986481827467,0.4826330846894463,1.2866200780833386,0.09472525614669014,0.29640732511625073,16.111134325159657
Train210.csv,0.3730294180470448,0.7559864716044761,6.105673314637363,12.695491220512018,8.268975579150265,31.540219039622666,0.05214057719959978,0.26079772406641777,0.05719020389289172,0.3200933555334319,0.008447903185743795,0.04152635259947994,0.015115645604846276,0.045435597370882735,0.022388067044639814,0.1016781420734403,1.199802028953957,2.313661654061897,6.249580241406719,12.336586253255028,30.69053882244439,180.15215869105637,0.014712165512278262,0.10432316633905507,0.3775393335574757,1.6120254222218713,0.018818748522813435,0.1703885706999802,0.3361228520690601,1.4094310257603644,0.07255076106884019,0.25156838470008114,13.351768777756622,0.3736756126624073,0.8143744213397882,6.223388197297773,12.218827948371061,7.785279695990228,23.800819476242474,0.03890314894665555,0.2190558657225266,0.06810795088654137,0.32032796431162275,0.009448466710178481,0.04778774946361131,0.018494665967613483,0.0460529820930629,0.023061585686938595,0.09391788487062976,1.3527868655368087,2.8043203804294605,5.446349900347947,11.971244038645267,26.14674416420431,187.9689267002405,0.01901193951868172,0.16426231385639234,0.4520714022022667,1.3417952326664546,0.025734323731201495,0.11096691231449747,0.3932853444756936,1.0958724809757612,0.0928139294757292,0.31501489115813064,13.351768777756622
Train211.csv,0.2946755518229024,0.7265064566542583,6.099838513099856,11.93128245940327,11.682079073933814,40.87679299725861,0.0009063637704938726,0.0101056172348977,0.011004559154625084,0.1140428986514978,0.05554505794400254,0.2956144004148759,0.01402040437840914,0.06749695955389359,0.006209843943317801,0.06304254053318599,1.4392614202522285,2.696181939362084,5.571233308922873,12.025634320510205,19.59098905742198,79.33663843384313,0.02161784752693353,0.0575125917075963,0.018539808608934796,0.07193217163100127,0.215144830777172,0.4964609519917653,0.32511000012331137,1.2268861538192364,0.3281314831249491,0.9502011381560139,5.6374134839416845,0.28996476445516606,0.46913970006999267,5.826500399452742,13.90579684914792,9.177455664534655,43.389791405795144,0.0007120422606583989,0.006154302085631201,0.010159115405769276,0.0482597054232818,0.04063987694399669,0.1628889295108636,0.018047014377581813,0.10359682494052666,0.007141396436117591,0.036048068363257996,1.549789392042543,2.8206186234089143,5.568668271584885,9.94041218826446,21.95527223013518,112.55536759276299,0.02682292513721999,0.07160784917153028,0.02132173160670446,0.059152445370793186,0.2739540275783299,0.6431490661566034,0.3681549017013908,0.8481847002635137,0.41663139183762293,0.9355469924155145,5.6374134839416845
Train212.csv,0.5322680538545818,1.144838409088576,7.739032254909397,15.835222422897614,13.828414120347414,47.85272248187184,0.07960490292420268,0.49356431966793846,0.10958662235349273,0.5533953408893223,0.019258345102321564,0.1484755271757352,0.025399646750348698,0.11877519153715453,0.06825521688571776,0.29479545863740564,1.4867408997840552,2.960843839648666,5.999753969089338,14.403553002285884,26.66591708595196,115.25656651935799,0.022348083719134357,0.1441790230445404,0.4533593518542003,1.5450562824285718,0.031607628476600355,0.17486972297881415,0.41425296653524024,1.295884771717147,0.09961599572016827,0.31517014341151717,13.737486542447368,0.5521312975253525,0.9849876208059977,7.8362286119724045,14.183756492348966,13.372172884020058,58.39793178941797,0.06818209980077439,0.27366260040787055,0.13720491917465738,0.4498732941110336,0.024558886832976787,0.1288632419194466,0.01934623403594278,0.05658380647742115,0.06266087162995973,0.29017381358535704,1.5699095558872336,2.8399781427499367,6.098277393896531,20.39412227336884,27.120290909829297,225.11075398867578,0.027400777346755317,0.13026879897863713,0.5539092316540518,1.2940805379965041,0.04187787110659549,0.19771153643646164,0.5064682880284662,1.1092665517919051,0.12916038587448025,0.3888593742141234,13.737486542447368
Train213.csv,0.4432671326777426,1.9689019575966038,4.864604484718273,10.54570483796859,5.329000407988262,20.603236228034575,0.11363741112644388,1.149902885373553,0.23674901813382887,2.101799701882666,0.016790863923639696,0.1620106818990736,0.012381132172449301,0.07320284190186846,0.019695878630120935,0.07751308894048062,1.1809386172027279,2.327051462449271,5.776166242280256,11.956911102729254,33.03743808832492,432.58634408968163,0.014147557347185171,0.07798015166328118,0.027762709338671927,0.16805221300996795,0.3290782817428076,1.0943202386517328,0.23685088796159046,0.7758094287262645,0.115380533829778,0.49570155335358135,10.206685465662838,0.2830957179419646,0.6029603743335958,5.147404337081685,12.65230120754302,4.815602077121334,17.423342954457073,0.009698674683524693,0.07690182540450585,0.022991410798530725,0.1209779300002571,0.007909990767707426,0.049129525648825605,0.007176685680452362,0.031426570879670906,0.016964875733195488,0.04361677708751919,1.2859097219352194,2.046320068322543,5.026063993027127,12.137873219176793,33.27402071584625,410.1298479297908,0.013448394362868469,0.05900048482003075,0.023613737888375303,0.14641150699675085,0.39330907973893536,1.2390389171313927,0.3018505882026135,1.1170925079999983,0.12132282007055589,0.2964835702536673,10.206685465662838
Train214.csv,0.3612431988217224,0.7027993083680961,5.584283725154485,9.2897367020662,5.278063638332186,15.318922031892416,0.025205933302861704,0.18402340078749377,0.05038845121231826,0.1961750830327565,0.011925219480554394,0.06850148568296145,0.012475301747185282,0.041051989108743234,0.0410556472802511,0.22591103218333414,1.1793829979871986,2.5979734585623513,6.320521059959417,13.929823455306895,40.216992021348474,222.32779838705682,0.01329812206208124,0.1540467383941208,0.2846421145508358,1.048461022054273,0.01938121366588395,0.2254357238062424,0.27184592291582255,0.9995401718503756,0.054662046621279256,0.2495270910106255,15.547392976765487,0.397695875491987,1.094577142759421,5.490626859815773,9.21460992760187,5.2041602404804586,11.388418019015877,0.021040008103639138,0.11604618615586484,0.11024393352745478,1.0120289494928012,0.01585543530985294,0.1551670405437968,0.016839237722618913,0.14339991719247885,0.03767221109232196,0.20116573997873105,1.374461230874442,2.479424714969198,5.970332772143504,14.03652429388419,36.98058987269217,176.78847878074052,0.020549476308269185,0.23142865575897428,0.4066299274757537,1.2817059942101263,0.030566923276732265,0.23932295921900937,0.3982690589175657,1.2656169962111001,0.0696838737750285,0.3148969971117837,15.547392976765487
Train215.csv,0.18242301725156101,0.38744811433620496,5.642465825641444,12.005998250884847,10.520935274142525,51.28157646562788,0.00016170557740089624,0.0017945217022282555,0.0010502462814549396,0.008864300504716493,0.01764015410680838,0.0909140732987193,0.0030776468464455307,0.019213858168178083,0.0020926507303045553,0.008068183360597864,1.2136964980128786,2.336015170537992,5.8804082006850384,12.223183560702086,54.857870605381706,354.84956916052795,0.01241090263524749,0.06045686312277389,0.008001082001939192,0.04065585938296066,0.030394475478834167,0.16856787768333473,0.39059976181293354,1.498867163016182,0.016613569692553398,0.07406455207335196,5.311036913818745,0.16722647306089314,0.38926848431862604,5.67037450879742,12.233785483672712,10.640202434694434,51.20915490499003,0.00016919124064913822,0.0014109078892010065,0.0010248022654140293,0.005841045335519803,0.01775502873028053,0.10461349735227762,0.003458012007800638,0.02474878855787712,0.0018070336035450674,0.008924649605963274,1.3632221341699489,2.7876615825999984,5.684429556401405,16.078739318374396,40.793204434131056,184.73663799656197,0.015810905280406684,0.05447475707182015,0.01010387901668967,0.037368187325316125,0.034944404831587304,0.13518327130760668,0.4250651428376349,1.2433857772764998,0.028482733487705355,0.12979036268094973,5.311036913818745
Train216.csv,0.24595123090092236,0.5593236143069528,4.916722198765617,9.664951692999276,5.554721407676145,23.895810245289592,0.021445377065048905,0.17753665046082923,0.013605008568162916,0.06326753584886946,0.003720602681680573,0.019581195307822978,0.012583512270720378,0.055844330048339254,0.008796577096510137,0.02383915786044675,1.269903722427785,2.9415285609374577,5.935045774929552,13.701400000288666,34.90787570312052,192.80408337662817,0.012303128536904502,0.09961011856544942,0.39175040078204176,1.8345686638028003,0.05173473294217215,0.1660180538182746,0.4003944119333199,1.7342711698852074,0.06583487857657468,0.214475198896917,11.690215329858018,0.38046621988854346,1.6588634932858166,4.863158729821551,8.119555138184218,5.461971023777686,18.54835509985004,0.16472710689936412,1.8158915641865023,0.07985232280326718,1.0771347162279126,0.006177197175459432,0.04108516877490779,0.011830936257514826,0.04545448962719739,0.008038050737764493,0.02771858087234949,1.4773644106673838,2.5014205085776444,5.718735684532694,12.218569512336106,36.130264500084266,255.18408673406444,0.022057918981455333,0.15042791755236157,0.5189344989711702,1.5869889924476137,0.07663543705054542,0.19520514405479075,0.5418411260974003,1.5494425379901033,0.10054783530339384,0.2499379994939032,11.690215329858018
Train217.csv,0.5268960409668292,1.5001524212008315,5.766394483649674,8.137666141199302,7.113450587880565,16.36630787781295,0.13770905567746888,1.4861229652122165,0.15340195348548447,0.9884665862504997,0.025555645390642832,0.16641688350167247,0.026983263689394247,0.12521496837160295,0.034019121203409136,0.17191954407351326,1.2594331644425316,2.7552232744909095,6.43137746588812,14.342681123125804,29.206367802199864,175.77117555935789,0.022662237870760188,0.13168721847141163,0.36466525412583284,1.075694819776037,0.03133299162416113,0.2954173462686904,0.32033033765459284,0.9375643823138089,0.07404361567632976,0.21622394578529244,13.055062804917585,0.5593864404753401,1.4994338079625453,6.034970173648741,9.488615548892387,7.139360510033505,17.04312342845895,0.19242846397961674,1.3870353903739123,0.14520970759651858,0.6342003342821803,0.029516907700394703,0.17572207083813907,0.028318796654738486,0.0931807820596486,0.03042984414429121,0.09150009790374211,1.4274418190325293,2.81772708210845,5.943929027940895,11.341572301575498,26.431572274521635,155.09112198727047,0.02842332795813608,0.1789670040855035,0.4122543001988015,1.2325474611713196,0.03842990412415533,0.2040719324487399,0.3638475778061979,1.0175532536407548,0.09371904861474592,0.31318707123399603,13.055062804917585
Train218.csv,0.19086779975340268,0.41569438584606233,4.314981653644274,7.774066987449977,5.637748511267647,15.252115695641663,1.110582639195786e-05,2.5276963552528686e-05,1.9574738629259738e-05,5.6440673170513285e-05,0.000665942544505582,0.004427029338214765,0.008769481481115933,0.03904616196094014,0.010742053814734035,0.11065758040833841,1.3345224121452826,3.0742158344453707,4.923821117039019,9.745421586957889,15.0283457830825,59.07134398834187,0.07098824349024566,0.40807918486705874,0.026575647325602483,0.16799419745956504,0.018533648638256163,0.10715164599461695,0.009971100517051145,0.06237325324050828,0.03777731573160904,0.23347409285799045,1.6615534478986018,0.18399114037658304,0.339526850833824,4.621894642275257,9.420416222851248,6.024549759392994,31.498394322220726,1.320446047301247e-05,3.260148783444762e-05,2.336295403147399e-05,7.693612800447864e-05,0.0006892529860202778,0.0028213495578986877,0.00957722207220683,0.028968104924900272,0.00911584499330255,0.029392370234216633,1.4693012202975118,2.808705246772114,4.6346274656599755,7.1010079376079736,14.109405054710637,35.862029733357204,0.10385610995807268,0.31402317502461674,0.03625085244837127,0.13077358139472958,0.026306283706979815,0.07980182943997073,0.013762640615066709,0.04129897058406319,0.052320979326520856,0.17121017808014366,1.6615534478986018
Train219.csv,0.07081706154742923,0.12938980957629287,3.23329696576202,8.693124367995123,13.140286937705767,35.385265736004115,0.0,0.0,0.0,0.0,0.0,0.0,0.0,0.0,0.0,0.0,1.2901413680000227,3.015991499969472,4.7791113924116235,9.100049120877227,18.27186715159198,50.56348100435936,0.0,0.0,0.0,0.0,0.0,0.0,0.0,0.0,0.0,0.0,0.0,0.053452596488149706,0.12696216257645218,4.167830235997714,9.81181946239986,14.15224457823394,37.0489053660293,0.0,0.0,0.0,0.0,0.0,0.0,0.0,0.0,0.0,0.0,1.3842248127006813,2.5011711030047667,5.039070419488342,8.315224793112074,17.47985498353201,44.83733005235886,0.0,0.0,0.0,0.0,0.0,0.0,0.0,0.0,0.0,0.0,0.0
Train22.csv,0.23160123521954853,0.6217132693516751,6.603617482030728,14.668546286301424,16.21413627119061,84.13529503215453,0.0007384755162019537,0.003649836820717004,0.007141777698117424,0.034064667112093036,0.024770013114567273,0.32236151730283735,0.01576830672694424,0.10464967063366032,0.005360307848844813,0.031094493840133443,1.3482647227068911,2.9892485256106887,5.828141896522286,10.28521694233151,25.151879034086463,132.08266164556215,0.02007256696872775,0.09183140281734099,0.013400625035965893,0.0665060608444537,0.02486059328870966,0.1509946256331648,0.5211449095760659,1.925686126616093,0.016465011775883772,0.10890962547359664,5.0143309409797086,0.19839806221023037,0.41000479672114887,6.428302379525168,13.245890485091026,10.400757009830492,62.604095384891636,0.0006092289631722572,0.003842988706043102,0.006983373933679321,0.040384295864185626,0.010665947032804235,0.0609244366598957,0.012543563968557641,0.06865564281807722,0.004821645843548064,0.019991301876776984,1.5264331919871417,2.735139846098806,5.324628538064545,9.122309389656236,25.337194614926695,112.11466063542342,0.024869954678754788,0.0671128914859897,0.017799989432411758,0.0456956934538573,0.03213116388181313,0.0747237303098482,0.5834652911607363,1.2589408551683778,0.025093571573041283,0.10034200116919276,5.0143309409797086
Train220.csv,0.520076499091023,0.9860416260641447,6.277990088440238,12.106132969844415,8.91017850948861,37.42451121207917,0.06430222255430694,0.3053608188003253,0.15999422213682732,0.5319371830156437,0.02984630121104418,0.18594790079053067,0.03974628309277252,0.1436330242603375,0.031110217923399915,0.10420067963254598,1.4366689153746326,2.6152271558392735,5.968525269277383,15.678250948344187,18.174476636541055,52.51017540839406,0.0363950484039939,0.20765044606207686,0.38043993185917485,1.5061935440123266,0.04901338907439709,0.4163621333321047,0.3642158945582743,1.392993507029217,0.09881058058083644,0.3254456990255819,14.152874904422019,0.5372192679690286,0.8878672971400727,6.168552076372298,9.251270807428698,8.65225457859761,22.61264405130679,0.09069590818167766,0.3045192623828513,0.13894943320243736,0.40581294035517446,0.022005284139468475,0.06422492859162704,0.03117198918487451,0.099759345357691,0.02635460494739009,0.07684829861317942,1.6037049005000634,3.8033435374767204,5.971668614479479,11.057653151450944,15.878447350746434,38.622965134518026,0.05127981609242227,0.5037867281257965,0.4720177567519056,1.2392367203053896,0.058796870589459024,0.45363239760154256,0.45046371370851224,1.1895587702093593,0.11280018907787778,0.44933614943539474,14.152874904422019
Train221.csv,0.3839811063881996,0.7476936183507874,6.44189630516314,11.243035277254622,11.624713321647734,36.87107641218218,0.007639295086922847,0.05170640307938658,0.10442183765303048,0.4010402069003986,0.01827539368706159,0.06940071205968497,0.0055075678305048755,0.026498904250170614,0.009325246088024574,0.051977415733856024,1.4893091504991551,2.9878880210902024,5.2590950300053745,10.590403655903298,16.798668839312903,56.92401686709551,0.016129728158896545,0.07298239045802317,0.028090825896214193,0.10297606932945927,0.5402109338279798,2.120286532278438,0.38077093968271736,1.480091172452417,0.16757729500320767,0.44600075879650736,10.028661881959417,0.4106311544191157,0.8902969592777648,6.945269337947856,12.573863752203707,11.930288401743407,35.25492969759196,0.0194470277880045,0.21724244552151672,0.11744579710509902,0.5800801615494151,0.02202658568611208,0.10486169108962827,0.005862880589310867,0.020029016193763745,0.008418177813095222,0.03276107026912829,1.6484160860410348,2.982831895544379,5.720802570034212,9.88071831762565,18.16326485061163,58.192186641106915,0.024074877880368863,0.1035935754519197,0.041925914950914966,0.19166835490987194,0.6524231947134121,1.3280353419446063,0.48612972935917415,0.9872024000090452,0.20964875030908942,0.599507793482576,10.028661881959417
Train222.csv,0.6034370423123788,1.3316809285857931,6.836208049491599,11.948244997528343,11.41452050709611,30.314624032109855,0.0316661513464646,0.1453587259410594,0.3565008825824223,1.406540293791374,0.09748980746354054,0.4662495444558444,0.014940587479908955,0.05472409955690033,0.03490284119963326,0.19245819887578008,1.3824157851572094,2.5564096403288907,6.068247928932142,14.054508014564929,24.92464270706224,74.2270365095552,0.0318651815618621,0.27526538352412666,0.39195880901733354,1.5425834968491623,0.08330691432780452,0.289157676520438,0.39973823050939933,1.4718589299414764,0.07830301542974352,0.29989756598373707,11.986921302697056,0.5234158771518268,1.2768799175890364,6.351410972787177,10.415533830455349,9.725116681214992,32.94901704750342,0.025237702199663127,0.14885090750399255,0.25330013018871805,1.2229097272871468,0.07125210355185338,0.5328506223556311,0.015431808010140144,0.059677909549060354,0.03235600110573707,0.12870543200583434,1.4718221916165868,2.8656132531419307,5.42089837001296,9.907199977130704,33.909416433050914,398.7564247564503,0.023290343397702033,0.08710487966218887,0.45515155634757865,1.2108430807419321,0.0743680252804476,0.252603665466243,0.447947851619103,1.3306461104758438,0.0789809356463251,0.2784284288798198,11.986921302697056
Train223.csv,0.09044583732542275,0.15072174281582157,3.176397177770734,5.711804494837405,4.738698526930705,18.799883822021094,1.0014338185714022e-05,3.2349763471202306e-05,3.000991328917411e-05,0.00011699406101628245,0.00035668888878998006,0.004081475288639306,0.0006787670935604916,0.005730878727464405,4.49592907107067e-05,0.0003030774311645141,1.1228688226415071,2.3186282007663284,4.550775298143567,9.715516295870358,17.572203975124708,52.771972720628675,0.027198921252719936,0.10574005021134683,0.00867040482422558,0.032003512648451866,0.0072603140792880504,0.026693945686987536,0.3473371239502497,1.1335924457545254,0.007041346060384488,0.027557622884180646,3.7681658550557575,0.07962070195044177,0.15810626797300312,3.9396517661493786,6.512417704266041,5.565028331141748,19.008415568168193,1.4335662528998107e-05,4.671202661154394e-05,4.159417551051149e-05,0.00018139174636710474,0.0004893178329116082,0.00387291789191648,0.0011005957327293939,0.013065612008396637,6.374241894216916e-05,0.0003993796433848076,1.3268204442427627,2.0722053799514364,4.544855466640708,7.240989312575934,19.33082543308729,76.95893989330052,0.04680920258347963,0.23410581653258505,0.014065166527868284,0.06856164660628966,0.012120031709890667,0.054625363178861394,0.45412439889773026,1.3600789971147058,0.015987003275685946,0.10521542064906711,3.7681658550557575
Train224.csv,0.48006483237360054,1.28834251757803,6.425514825346669,10.031031346348728,9.847984460462158,25.779414847678908,0.027997796305640577,0.23107729381616385,0.16273279662132054,0.8256297560981923,0.030053321990113752,0.19366739752363335,0.01156643049682345,0.05999084278030518,0.0160959762235666,0.08084384749166995,1.3986571499024372,4.507161842209155,6.081655070998301,10.378956366903004,25.754934677429908,78.46405248509625,0.028453993603924234,0.2853677358662442,0.17086603049260565,0.45168355596731896,0.2457941090089515,0.8105176780361305,0.35767184886324355,1.267402672697961,0.09493488122487526,0.6321956772874024,11.512191746154597,0.5745103473701245,1.3491117053925397,7.631667944067876,12.562324541097839,15.048989693805497,38.98117558269441,0.04159912446847448,0.35659137341987057,0.269297592949811,1.4543801254884747,0.04380019259072225,0.2688620494447927,0.01507411314264579,0.07218778746597418,0.01998158792075835,0.08653531640182756,1.5757877444769064,3.575911782774041,6.5869114677975436,22.034026239816487,28.397969118738196,196.09742236454701,0.04940807551461369,0.5271913146006186,0.19002359623038045,0.6216899714389403,0.26600586005292015,0.7411392041409464,0.41506141121084117,1.2944613379290753,0.11641281747644783,0.7358551957693178,11.512191746154597
Train225.csv,0.2115669267434367,0.5095906450594931,5.824071713535579,11.120586715804924,12.63144309946443,46.955725194209435,0.0002642075889896374,0.0018956879107204579,0.0023066890833167092,0.018899214545539035,0.02645875816892134,0.23095190290304457,0.014885259094497321,0.13374836733992485,0.002732163120231176,0.020870977497691737,1.3708175926658013,2.277973611403771,5.215324117848443,9.224441338627477,19.211555194951547,99.96353057394646,0.03656607522106449,0.13763291840116762,0.01181844329541104,0.040815418145856694,0.012389879472607354,0.03918089192174826,0.516009594435763,1.5092948773366082,0.011972545828144606,0.038466252575086665,4.064871827894794,0.2122564889256908,0.5094503692145268,6.413653018611319,12.361077220749978,12.714169057682792,46.87098896969028,0.0002261888570654634,0.0018817404402392394,0.003004335058025839,0.01811483433153285,0.03220821779328238,0.26974967707040176,0.013325883887205384,0.11660338543349562,0.0021090014797000923,0.009467504758055509,1.5063347322856664,2.7593544844775204,5.129190583561181,9.333692929549388,18.869577525381104,90.08229982665203,0.05643093163240561,0.16924277138413468,0.017929950923663,0.05141160265782808,0.0183662422798742,0.04836556056535463,0.6116314195099526,1.275600030557809,0.027725004078971036,0.10392359472449379,4.064871827894794
Train226.csv,0.511126447031173,1.2634687068763992,6.163449690853124,11.250756349586805,8.133903190051772,18.765582249035006,0.16813985650282742,0.6561054792483797,0.06266745574340041,0.41068669960096216,0.012291309771955474,0.08282437248154761,0.029767646729427482,0.28703006520749574,0.04705929271783091,0.15305244221718484,1.2711986560569433,2.786361246408173,6.16191928621154,10.84788966891993,23.143509430935445,109.52774891693421,0.022312453271345678,0.10730887326092663,0.40040504519755576,2.2538989309640716,0.0401589726612709,0.14609862247609556,0.377857886790016,1.945085364555037,0.06888288177506235,0.27329088559916204,16.73421686812163,0.5166758345472386,1.065007469650275,6.089891806969427,8.351566611783507,6.449993057582512,13.458178983303116,0.1340831873042162,0.6292494934536852,0.07944521402747234,0.4588002793016804,0.010926732094140686,0.03451495726745316,0.024461700284496023,0.1268484369555124,0.0447166849840736,0.13523541031859249,1.4394671297124293,2.5826509629428034,5.4488022327543195,9.985419170507821,18.16561598996772,61.49081231387022,0.026113542691300222,0.10668998803995164,0.4497804256464806,1.7957880840556357,0.05654060687437126,0.1689424849390602,0.4333523152725569,1.6220184694386992,0.0747094220238868,0.23219967274036166,16.73421686812163
Train227.csv,0.24663902876043556,0.4298696651987378,4.4136342183392525,6.954421530819835,5.1163227937614995,16.299564250543295,0.0003334126942878006,0.001619203529950913,0.006884182911998445,0.046326043778476586,0.031804421877910896,0.15523185639165157,0.0148464758046103,0.05144845807720539,0.005444613943507303,0.040935601070074094,1.4203305037984255,2.7753123783085343,5.511808557745082,15.952966782068891,32.98085222690217,385.3355652461404,0.016296326701268345,0.06396439925835051,0.013358190302231598,0.052779509432031316,0.22271873109225815,0.6974113339501358,0.3349797960366462,1.077832454000444,0.2807552062481181,0.822697446151047,5.51873109480607,0.27965583666545246,0.6007061721658983,4.813101032670748,9.408685528187174,5.971376464829941,31.955944725901745,0.0007665343756287288,0.009379145519419776,0.014369527753717286,0.1954430553388237,0.03839907777253117,0.21777317572888308,0.02241915683760101,0.09756333699596746,0.009649101507905645,0.0551304186676006,1.5278307016270187,2.7817027253926425,5.720344638811342,13.732968342747894,46.39183157076818,625.3541884756452,0.022310550612118014,0.05797915281557984,0.02033798160447982,0.06666739245472993,0.262961460909126,0.6172212979654473,0.3680404244939507,0.7706381026710181,0.33669074589857645,0.8567290797355347,5.51873109480607
Train228.csv,0.07020931103075298,0.1283724744152733,3.242493525471927,6.855644544297162,18.338053595487793,74.61442062084156,0.0,0.0,0.0,0.0,0.0,0.0,0.0,0.0,0.0,0.0,1.2991165612942608,3.0100616294668057,5.6314086976481885,15.248015586900866,36.52819066270261,222.03496417267596,0.0,0.0,0.0,0.0,0.0,0.0,0.0,0.0,0.0,0.0,0.0,0.05384653443559961,0.12804256438935657,4.127944985034153,7.608343318924594,15.888007737917789,60.2786474212892,0.0,0.0,0.0,0.0,0.0,0.0,0.0,0.0,0.0,0.0,1.4292892302197755,2.525786888736905,5.651748404748675,15.296559980301106,37.79628867303582,258.1088917197679,0.0,0.0,0.0,0.0,0.0,0.0,0.0,0.0,0.0,0.0,0.0
Train229.csv,0.07061026391443528,0.12621415082500403,3.302909407862648,8.668864748971238,13.722434827937551,28.726169764275838,0.0,0.0,0.0,0.0,0.0,0.0,0.0,0.0,0.0,0.0,1.1913872908384044,2.381438453230815,4.8156990421464485,10.131378637118635,20.120729016300157,78.11624249042643,0.0,0.0,0.0,0.0,0.0,0.0,0.0,0.0,0.0,0.0,0.0,0.05242057639706552,0.12724376568014922,4.305976159262908,11.942129913659809,17.072792947327684,79.26952338727789,0.0,0.0,0.0,0.0,0.0,0.0,0.0,0.0,0.0,0.0,1.2804727245589742,2.209748568510327,5.092132781653132,10.023073697185511,21.64363864935344,106.62063966036457,0.0,0.0,0.0,0.0,0.0,0.0,0.0,0.0,0.0,0.0,0.0
Train23.csv,0.0702160502447643,0.127791351769881,3.2694093521807353,7.0375592347056015,14.642776430181087,41.189829899818434,0.0,0.0,0.0,0.0,0.0,0.0,0.0,0.0,0.0,0.0,1.3215581598329655,2.9782443338884788,5.198134359814404,9.647245716421775,18.094959748553606,53.302819797863776,0.0,0.0,0.0,0.0,0.0,0.0,0.0,0.0,0.0,0.0,0.0,0.05296207766125079,0.12729387769428133,4.321599917753656,9.792411509279892,15.299652507446973,54.744835827840475,0.0,0.0,0.0,0.0,0.0,0.0,0.0,0.0,0.0,0.0,1.4151181178022614,2.4968758493548537,4.963643075798674,8.974600093095594,18.598362772287615,70.07065893248348,0.0,0.0,0.0,0.0,0.0,0.0,0.0,0.0,0.0,0.0,0.0
Train230.csv,0.37476821111607106,0.8922199056322003,5.542146256925503,9.019179278234125,6.87329524787433,17.516356124968784,0.021589962599275238,0.10150101908852793,0.09591777670009706,0.6773228782516592,0.011359740353330719,0.07457598294338126,0.011112885492610556,0.06962633160934494,0.020729210181581696,0.08476931714583405,1.3819390115365215,2.358248356373842,5.367279570666462,11.566061797977621,17.82567877296298,53.82910816017207,0.016850985547445317,0.0960040324784302,0.4748641205938062,1.5541527586100279,0.02385626176847507,0.14301479681149035,0.45548258354300025,1.4703434296484397,0.08631349735375049,0.2668821599294906,14.924310433803512,0.3495356139152138,0.7876493528064488,5.561697334658255,10.47738083129192,5.229878372167108,10.926075036863942,0.01960879636754588,0.10201293176309537,0.09418145521410598,0.578074442298874,0.010110275872229103,0.052724318051451675,0.010162731049268165,0.0481752539559721,0.019317021303871647,0.12204425241327103,1.4681954038440947,2.7463430804260307,5.693811970739162,11.197223775442533,20.440394705540577,96.08790251966788,0.017012636447539878,0.07690928840321182,0.5904266651343671,1.3391999308891875,0.02555254956245751,0.08331922478476605,0.5706195987642696,1.3645545431145676,0.0972092119906409,0.2988936408333757,14.924310433803512
Train231.csv,0.45802897701809264,1.208774647062005,7.011904820643672,11.854951398984715,12.674978270002146,37.311635988224836,0.010959877976273256,0.0682754328920676,0.13185308405303234,0.36708757471252207,0.03574289691218446,0.09897508075775653,0.009204196209588962,0.04493187952824472,0.013461207151614574,0.042028895496202444,1.4730639942658004,2.729261729111172,5.4941218791817175,11.19420148687419,17.966066224902093,80.13070050372139,0.01630583657435033,0.04433701479202959,0.051296397702469666,0.1561232058548716,0.47983523230367264,1.5023883290003437,0.35959996777320746,1.056131596845119,0.17464357737365716,0.37388641718683396,10.918779800476525,0.5181590333010287,1.2891035998179121,7.3344929447517755,14.679338837183082,13.813672464336253,55.12780987125206,0.028520403708906253,0.18596906845136524,0.22740813558073086,1.138380746942498,0.04018812720456079,0.19584626793739093,0.012369687908109224,0.06312135832914431,0.016675971479631953,0.06124562418640748,1.6371540532143203,3.138005131831267,5.884707577164333,10.559699201275336,17.287060299912135,72.22613045111294,0.03512953872934654,0.18342881885275408,0.07429321668961834,0.24983491535158936,0.5210568894182328,1.0798733013072663,0.4263403837708912,1.130396330280011,0.1971533607854474,0.49314691307651976,10.918779800476525
Train232.csv,0.11014167637179856,0.1819086046405612,3.389230434567143,6.5909074212193755,4.828325428924578,22.986947372911267,1.9293757107937107e-05,9.674118730714903e-05,0.00014261457821727587,0.0009919548594082258,0.0007692588261724962,0.004259673684662583,0.000781959219069328,0.005408574194060915,0.00020422129284957652,0.0016799579035551599,1.4512321303756266,2.888733213855431,4.740353917420712,8.39853510915701,14.614212562217752,39.92195357128888,0.01778423388680176,0.05827669203107505,0.01263113297922111,0.05796261230302429,0.02399030868191373,0.12719015034606185,0.5851716654308092,1.9778134989514076,0.01935209731936645,0.08248608234125407,5.073672135547516,0.09466525063599876,0.15915675085780268,3.7862089561948626,5.475147441242113,4.742791459885906,16.34384945235098,2.229875399270159e-05,0.00010011462001104418,9.118974595509576e-05,0.00044275402255233696,0.0005721962176787635,0.004050454183657374,0.0007583324393730384,0.0028649355143312927,0.0002097227987104288,0.0018304468696141924,1.64294608802556,2.8008121424930494,4.838743359175174,7.274743490294815,13.828791702961713,31.828155432072517,0.025237687536390697,0.05457172165053202,0.01697003505412939,0.03489143021694565,0.03176165374922779,0.06549104196279673,0.690156194969404,1.222610270075765,0.03039281815796806,0.07443221601362492,5.073672135547516
Train233.csv,0.33228652218895977,1.345192683707208,5.071431804252571,9.977198103631924,6.60438141024333,44.25824150534012,0.061692966033184096,1.067115989814106,0.05465003608427449,0.4092549634520957,0.03735556303936098,0.581672788799212,0.011382495916603565,0.0597457801392639,0.01711526717234037,0.10847897245845987,1.2646900611015832,2.5702929394566127,6.061328460826749,9.223800451410428,28.764440648441283,118.94116746373354,0.024761660320503417,0.36074437338469767,0.38766827477728344,1.7135162650483888,0.032141846376204465,0.2992234277277256,0.36116902217613306,1.6863844188367012,0.0718640175874427,0.24809313136836184,12.699015637510742,0.3391766659302449,1.4961488877935247,4.818866257029086,8.453101100103204,6.24999681199392,31.396984543648408,0.051419281020925856,0.7526977203377504,0.12675491452766263,1.1791328658417182,0.02748598318777971,0.23327729555185603,0.013622265725681544,0.09613052891667191,0.019556276379333645,0.14762332580624327,1.3756886241242756,2.8005939830704634,6.191559027475066,15.433595005449416,30.579216633536163,137.1214801520162,0.0187499613107961,0.10222772850865426,0.4768324095172711,1.364296868228601,0.036670784600152675,0.1944608853398521,0.44694587115760354,1.2022940037321008,0.08857223687352875,0.3409639805906357,12.699015637510742
Train234.csv,0.2302931533652493,0.4912486128265752,6.883040680663183,11.851731449829789,13.383873996394575,36.15907189024213,0.0018485072766611153,0.01994396974818245,0.012041774721888401,0.05662960290879284,0.015544524473965184,0.07921517840025653,0.009465974997532316,0.032942838378536614,0.0043036950755227996,0.026272004894336242,1.3841710711866,2.4828866212942864,6.255582737047893,19.83778933442714,26.454725361639568,144.97488144103048,0.01486810746310013,0.04540718129481947,0.00981902881031554,0.03249411994372027,0.03642668544307958,0.12363465698571474,0.47328756619034823,1.469760904185259,0.11234515390843054,0.440088175874048,5.459389900238262,0.22248925253236773,0.5314128009198316,6.170093344051088,12.284013071226443,10.883327305456225,36.30623595471695,0.0012952112595930325,0.008257834690646651,0.01204866041065742,0.05272112584766214,0.020701908887621488,0.31635962009695107,0.010290935402511001,0.03775132710969132,0.004741783641818164,0.02366041855645552,1.4890427529710146,2.7507260377430116,6.199711409815743,12.658855306988269,31.061439814585903,230.13989848283663,0.02362037835665675,0.06292371155048314,0.015349445000079722,0.04430106623092183,0.054334622309401295,0.1669670902330114,0.5528423844632285,1.1703224109205117,0.15307953382924427,0.38733442158114373,5.459389900238262
Train235.csv,0.11126045985487654,0.16845504096140831,5.099777927520096,10.072582773813922,12.231437114103299,80.72987079883633,4.709191799499728e-06,1.7476430906602274e-05,7.843989728787695e-05,0.000370124312807822,0.001387688536333397,0.007439367422484986,0.003486539185436602,0.016076621106236325,0.00026730336961335147,0.0021158665799460856,1.2749285901430596,2.6188202021209177,4.5890759957412754,8.650882423091103,22.29952413490655,201.17273429886131,0.01924343549105525,0.13531328991277375,0.016237508426684182,0.08184903714827811,0.00928201678004864,0.04890867465511846,0.44644439532657276,1.7023528484781802,0.0025034497758573953,0.009644181018429582,3.530801076784529,0.09807337270202157,0.15663052952071266,5.034876937920922,10.499341625728869,8.056396638089126,27.11873732040512,6.161100770193095e-06,2.1946379171592486e-05,0.000142935326305011,0.001854068376207906,0.0014507401831820275,0.008869503159072093,0.0033390511028222073,0.012733011941957579,0.0002575733902614218,0.0011839242342255017,1.3870026378735605,2.7772128373423173,4.507867546462973,6.954090007142744,28.566734743978188,215.6196576852777,0.02255346833272407,0.11481733737953516,0.021246206034178993,0.08449789905877375,0.011614256476368552,0.04629096288771267,0.5079798593928257,1.4385584881325975,0.0032810643063121803,0.01171704243558842,3.530801076784529
Train236.csv,0.24511152946227593,0.8149487293387504,6.896562646059268,14.436712882526992,13.392257441930292,50.15136425892317,0.0003598646500897209,0.0022989870486898874,0.0064953259519034785,0.0368558713517819,0.04939906109580279,0.7762698490514208,0.01637877158757696,0.09603686701791529,0.004531150158019025,0.025177673139637098,1.1657064341017163,3.0112425456107204,5.695814391352076,16.263601525091506,27.68374012180199,130.0148546568003,0.03148440301105938,0.2523333483027171,0.011604615404917425,0.09014401886685208,0.014295456985087347,0.1005392371439104,0.4022218003203908,2.3969609153588176,0.012339061280387125,0.05443015723327286,4.687954370856769,0.20676315289714875,0.3600371314807456,6.779672002116608,12.233363320011986,11.32002313921328,45.53595879616007,0.0003482716585096997,0.0029781865822289,0.0047459412738387295,0.019340275671836906,0.01724107883840314,0.06365645728766403,0.011384471218530695,0.0633384747352863,0.005004058784159344,0.0368478363910814,1.2711164837314728,2.596984787971707,6.204549899546606,15.379640621868345,44.94001955565689,365.06217641727164,0.03504053320163025,0.2220715175042081,0.013611451645332017,0.07636185705688217,0.016560086385167413,0.08315823470279725,0.4111027912207804,1.9516333245537634,0.01848209442776215,0.12542446902492296,4.687954370856769
Train237.csv,0.3722568479444721,1.1127252227528948,6.066728665856701,11.168255973539392,8.262438055431602,26.440772849744608,0.061445117212876696,0.3921055663344333,0.07228922436951339,0.7277514435863052,0.015209446176802546,0.20622052456655127,0.014471701906829693,0.05602489733470687,0.021318709457467926,0.07241192533982108,1.2548898797991859,3.0311912845548696,5.56946297538823,9.917747572369354,22.106083026576286,68.70012832087464,0.015642400881540806,0.13112518741799037,0.37767765688959243,2.186643787080486,0.023955862967087765,0.1346698267347679,0.3685877965846225,2.3711699280351195,0.07553045514578438,0.3242407589683691,14.775957447383993,0.45410658790082176,1.1748420791827179,6.461340058482016,11.178694464369709,9.018282059337256,37.49992958139206,0.1051962063736798,0.9862419139997765,0.1427566846946801,1.0192607841194317,0.02085692433842826,0.1232683145700881,0.01697999469012515,0.0631169473874073,0.025635384111469775,0.09004835127385061,1.3950172816045356,2.642245579763038,5.593221766120141,10.297537704694118,17.87141824854406,44.737695276369095,0.02280183027005804,0.0707540039444666,0.45367111757703266,1.5683391637551447,0.044137611158584,0.21826081991260574,0.456723452230944,1.716562845309186,0.0946565873229476,0.23677757346186643,14.775957447383993
Train238.csv,0.1733796274781217,0.2916786015430188,4.656191920968871,7.230196608650671,4.879781822352987,18.281519945604074,0.00037100413074884076,0.0031179612606060496,0.00985195617272477,0.07541589857413325,0.004595748653083467,0.016013763505708208,0.0029905915303037804,0.014578159465758554,0.0011327770526767772,0.005003893360195825,1.1104126920695143,2.8565957601981498,4.931702180859416,10.920738811920586,28.219650930002643,222.52549294014744,0.01135054514807144,0.08266093329395074,0.01034632320238785,0.07622749976213562,0.31149066714072915,1.9144972145996209,0.19703252646607256,1.1804669368076144,0.09420405580273998,0.5747152900391268,8.960520379738888,0.16021900274450368,0.23770017595417026,4.162083329389952,8.524107605536713,4.117274329469995,17.59527851467407,0.00037343029768442855,0.0015948533342116042,0.00809487488096761,0.036272018998742106,0.0042332147864031795,0.014014820168190426,0.002659795728711202,0.008524465993748858,0.0011560203015984058,0.0026608192654335155,1.2721486568492586,2.0698924304245065,5.058043496935973,12.321289730146738,31.76488186523475,269.8087153191987,0.014383216157591115,0.06768777265130385,0.012640214114618797,0.05335955257530202,0.3850778583272638,1.2829632837941394,0.2550170673434985,0.9307730607510137,0.11521572371808111,0.3566431655794843,8.960520379738888
Train239.csv,0.07178728200957409,0.1270798270987348,3.706925814399071,9.013347640182294,15.634941961201825,39.12213144381718,0.0,0.0,0.0,0.0,0.0,0.0,0.0,0.0,0.0,0.0,1.3941242678808783,2.5951698622299757,5.269426977105676,8.183430862503874,17.981723746235467,38.400949803326476,0.0,0.0,0.0,0.0,0.0,0.0,0.0,0.0,0.0,0.0,0.0,0.05498490520898375,0.13630373498860726,4.444877909626837,8.139229197600901,16.90692091480087,85.65020642639065,0.0,0.0,0.0,0.0,0.0,0.0,0.0,0.0,0.0,0.0,1.5218266377099345,2.76587999644621,5.460232607989523,9.87289558577621,18.576710063203393,49.46614868023098,0.0,0.0,0.0,0.0,0.0,0.0,0.0,0.0,0.0,0.0,0.0
Train24.csv,0.16125728470928677,0.27243214116664316,3.7611119031796223,7.640304332564219,3.820493189365865,15.485914144206728,3.4212238510747526e-05,0.00013680153274761713,0.00031671004255576967,0.001376083605070217,0.009843784350701525,0.026015997102963657,0.0009009528299211043,0.003091563761952745,0.00214870518676126,0.010512012536398455,1.19478320396451,2.325723366214077,6.206783449955699,20.588028977616307,41.27971948963924,273.02968389362445,0.012944315496657697,0.052904119630099784,0.008341265949387812,0.03323805325824602,0.031647200232224865,0.11688751339143164,0.39859857643906543,1.521646887531841,0.08785950410076734,0.308094761004449,5.429719302954359,0.15651636488204557,0.34504326383247685,4.2441468951741985,9.730328358247602,4.177240679182732,17.009235383888665,8.186037552034574e-05,0.0008311180998266536,0.0008078737339337402,0.00998823726207182,0.011339487765109044,0.06984670935596225,0.0010914942052275885,0.003031610264539478,0.0023355084871461568,0.01117673681433266,1.3687629542110529,2.7608187583557235,5.81856304051158,15.602469978839371,38.280560245825136,257.22542130712947,0.017208243964795894,0.07132001578626287,0.011193339723704503,0.04923352611328831,0.038712923829922766,0.17004221535731764,0.434800612530918,1.3917773133764253,0.11573024251503393,0.4139891106352414,5.429719302954359
Train240.csv,0.27597432020454293,0.6968680458406118,5.078290346549437,10.212975591195304,6.500604285989564,29.288372709833705,0.008138237474771685,0.056122256265804984,0.027690644939810445,0.08797474372013457,0.005743302013341585,0.046863802654945406,0.009892321840057772,0.08681130898382663,0.016759697298871286,0.17820854487483773,1.3935617891225922,2.350635998727291,5.733190110452728,13.137049141538569,20.888464614055966,145.16720796398167,0.013174313634848611,0.060094261407659645,0.5200739787918043,1.6787350234606553,0.017190080415985708,0.09132676399477979,0.47073803487532995,1.4524163613711172,0.09218815879982262,0.2868532632392215,13.055062804917585,0.38515751692071243,2.446072871540337,4.811502585549775,12.46072107370099,6.082109122908189,32.95035857547837,0.025050390396277922,0.31486838303711234,0.27545870245971354,4.1510108712867115,0.008238781604703403,0.0977432942901361,0.013676134672415012,0.22379894799385408,0.02054215252934413,0.27263313053995625,1.5772724523080623,2.781196896442547,5.60962529177527,11.295572922822817,16.05536287846211,41.4797324259348,0.017404311385574207,0.05446342458508177,0.6377761817946368,1.4985323818446885,0.03534520486169252,0.24555643840096628,0.5873390270203497,1.2903311193790115,0.12211516650759127,0.3655964329371047,13.055062804917585
Train241.csv,0.5587149347190113,1.1739573352045636,6.728264435705158,12.016737734614825,9.516849407248934,32.95548349313663,0.06674950871902577,0.3391152996813075,0.2036139326296521,1.2693519239383029,0.03185854942826515,0.13501924678366048,0.04174435059677594,0.1294218523167146,0.035028080767896125,0.12271135972613284,1.3911604568362725,2.970390742303368,5.893407346599643,12.827305935385269,17.063510041373306,55.322574926935054,0.04436694595137901,0.24410919052678046,0.4465515739011428,2.2652470611768702,0.05589987061646608,0.2648264259509244,0.426635091979214,1.9454762801901082,0.10731636791860247,0.3480142017010165,14.152874904422019,0.5661298119225681,0.855366269596806,6.547915283563022,10.886930109355736,10.039540927507343,36.22636412575949,0.08998107339216743,0.3012396881150273,0.14522331494094015,0.35574018213177727,0.028416583855284724,0.09388527477778891,0.03505294043007619,0.08935080325463611,0.031902402266065576,0.10341434511212041,1.4283896953467508,2.5331661601079154,5.678332789833661,14.241859597921326,19.54028221253795,72.94355904447778,0.03974491012335225,0.2066021507693113,0.4735925602469572,1.617041570608715,0.044501724146109714,0.21735284508334132,0.4593337455379253,1.5897209995413588,0.09411027688231306,0.31611566247326756,14.152874904422019
Train242.csv,0.38454669732554714,1.0705943745799706,4.731339721156955,7.337553402756908,4.6990892300714915,11.415505307819018,0.010955586739843395,0.09617785484801603,0.1631740272027358,1.1447395811341732,0.012301705500443506,0.08496585755496257,0.01422729372376957,0.12351745571165176,0.021635547374835987,0.12910822744872655,1.4064885758455223,2.8394407854849852,5.414737982223905,11.746118158395666,26.569765014746764,223.4744322168375,0.018670481025467773,0.0692069640817653,0.6026095592644576,2.189333330231867,0.023257285278533896,0.13235598660617118,0.5517393428179644,1.9699032650269657,0.10433091032197753,0.2776911101713406,14.182545501705922,0.30677337337405386,0.7115153175831004,5.51603712514322,9.44822650773997,5.457760589311198,16.44609747750356,0.011845534589950149,0.06584355289085632,0.0595452666587424,0.364233524140011,0.007128373379705286,0.03297592093223354,0.011429705662439327,0.10885384873431807,0.01686064719810452,0.08588878367655114,1.4969676339650806,2.6884002702434975,5.9649617057774,16.160442059052418,27.949156790550532,250.41993701450954,0.017525482930582953,0.05042874132867631,0.6157045348933454,1.8012504554626148,0.021937860719314584,0.08125090630852144,0.5807580310277225,1.6327770620226176,0.10425439772358538,0.24184336702428322,14.182545501705922
Train243.csv,0.38631701461015233,0.7929818288541953,6.624446463273692,12.83280933456601,12.97603701350891,36.879337400135995,0.013320629622609166,0.08911798557955891,0.08718613928615111,0.3771610470528682,0.013997921082455907,0.11612403980310458,0.007259237081564963,0.0347287528182075,0.011003410674310347,0.05554851500819474,1.3457333755958185,4.068258556228391,6.05781110498174,14.765369250203321,33.69186567577906,163.01309947814136,0.02247750355682456,0.15746728366859505,0.16536793874077355,0.904014697780887,0.21864599242023644,1.0661787698721956,0.31409393382842143,1.6031008471933352,0.11353701123645378,0.6143675541824121,11.423179954302887,0.44140294528518453,0.9486470247130436,7.419269731549761,13.179082279201088,14.34890470980347,45.48336646672664,0.020736579971071756,0.14998396818211793,0.14223187975402832,0.6010766972974299,0.017677013515773693,0.13106707681520202,0.007448857304957521,0.04430900029860427,0.01101699340846312,0.06398409885586767,1.4549544063298492,2.8639412544713214,6.403437344878514,19.351237651446294,36.16080954916225,220.00606349123876,0.02867125790995173,0.18472378386684585,0.22349471335184623,0.8946603754903366,0.2970188920551844,1.1654606552329283,0.4301582175929547,1.7079197439986455,0.1405728968048566,0.37823795992831133,11.423179954302887
Train244.csv,0.07039987990933116,0.12862550623787627,3.4345378165217406,10.470429288862581,15.900018591425711,49.587728740657255,0.0,0.0,0.0,0.0,0.0,0.0,0.0,0.0,0.0,0.0,1.311226979733858,3.0270608339088314,5.83264397005251,11.588140110713123,26.138542975246843,70.73618834611007,0.0,0.0,0.0,0.0,0.0,0.0,0.0,0.0,0.0,0.0,0.0,0.053361821988485235,0.12726993644815876,4.429266024800369,9.631149066553045,17.2273694438258,64.3713365493438,0.0,0.0,0.0,0.0,0.0,0.0,0.0,0.0,0.0,0.0,1.3991492624121218,2.5179121507609104,5.754716098678266,10.893830426378177,31.927891730645623,130.54952978375027,0.0,0.0,0.0,0.0,0.0,0.0,0.0,0.0,0.0,0.0,0.0
Train245.csv,0.0711803216142724,0.12672785800323155,3.4255881699225856,8.072577474092197,14.58662311997615,40.21377648379213,0.0,0.0,0.0,0.0,0.0,0.0,0.0,0.0,0.0,0.0,1.2184132336957807,2.218613976352056,5.733367527521381,13.181987375796433,29.26496682655392,117.37488183891193,0.0,0.0,0.0,0.0,0.0,0.0,0.0,0.0,0.0,0.0,0.0,0.053640570728613925,0.13508314239202926,4.282727034991853,10.172558501334265,16.115029852448075,59.681712463660524,0.0,0.0,0.0,0.0,0.0,0.0,0.0,0.0,0.0,0.0,1.350342870330583,2.326387079951467,5.880768508917312,14.696527102293595,31.95378733682616,143.22962451347055,0.0,0.0,0.0,0.0,0.0,0.0,0.0,0.0,0.0,0.0,0.0
Train246.csv,0.49502803661849387,1.0691766001816465,6.689056156364428,10.913531659163379,8.72117821258757,28.55519713705778,0.08311768216518067,0.570350306521283,0.11867327621359905,0.6443008889886219,0.022216096142526044,0.08718418840997685,0.03222970800521571,0.1551951668454023,0.026972925646717882,0.10516902658971272,1.3188000230185977,2.7175128330701517,5.7193584659478525,12.480252231640948,17.768420607195267,40.69604068969255,0.02691643569419105,0.14295961139399033,0.33101283017233796,1.7073592628710994,0.03304775651629176,0.18198182699966756,0.31020442504090706,1.4700508562017398,0.07731479141967888,0.25849366426202414,14.152874904422019,0.5657045029107792,0.8834473681767406,6.596309546769386,10.489471212476113,8.491265881714625,22.675596992252142,0.07168908239135834,0.3378335461242938,0.16331528602664555,0.5021451255396523,0.03259129415015664,0.17950791758920548,0.033781494582295665,0.09263966612468302,0.03129665204097917,0.10980462264010558,1.4957315989302034,2.59259016175872,6.139590235593711,13.712398560589968,19.52862645725622,52.19487998582741,0.033922967536824604,0.10843091526249742,0.39088855341585915,0.9679054104212057,0.045713528297933397,0.1464394156324382,0.3773659161979001,0.9358433276856222,0.08897037612584342,0.2219869956194875,14.152874904422019
Train247.csv,0.15599681793361048,0.2294230255449358,3.7264551210964107,5.639997595823538,4.069477265222309,18.78811433357451,0.00013003545255065285,0.000608390819081778,0.0032137030198084093,0.011862614852164883,0.00441605894441335,0.03774566238842078,0.0028699434309879296,0.011852520938546383,0.0010899767615108365,0.00387285513712366,1.1536277339367926,2.2884495959443445,5.6519871894056095,13.17199873731018,28.173815532103298,102.4504073183829,0.007325971831544605,0.03239069452088608,0.006519009253849812,0.027586083036115556,0.355345243101278,1.1234708375641766,0.010030952058653505,0.04242736405196925,0.31046550054114164,0.8983189851531824,7.625343501963226,0.15166809760132136,0.24418868545506145,4.129366344783668,7.882243230401257,4.240612435697275,24.510220478962182,0.0001935657369301097,0.001029084779475354,0.003404148104389596,0.016355744654803644,0.005675846855826944,0.04101142367588476,0.0026674087080883375,0.008162703344035085,0.0012729226803876335,0.006953963650529723,1.366127947083756,2.1152635151413635,5.755501764058977,12.547642730961394,30.9007167195852,105.35490853163066,0.01160931533309919,0.04916315054974763,0.010591953304989831,0.04184122536986778,0.46403550209392064,1.1063032074253516,0.02203436672771485,0.12098936640395681,0.4168160377926816,0.9325642201239716,7.625343501963226
Train248.csv,0.4349748299868631,1.616283975201321,5.273715262453043,9.376845957436396,5.453623272538269,17.392823419465397,0.07735251862160852,0.9708667495097121,0.10428179472277974,1.3117327758159,0.020556080395796275,0.19053753783372093,0.03311365663023976,0.3466409138012466,0.03792364340865935,0.16319007109139458,1.5463327395324802,3.819087501040133,5.457488096443288,11.041671381138594,20.488037824898946,140.48885433648493,0.04128856076530396,0.5036902351271092,0.5397765727241274,1.737215448076336,0.05998088850849054,0.756456125796992,0.5293749136140157,1.567119736789433,0.10271624178416708,0.3450430161495317,15.07266342022303,0.5250489612182838,2.457281773080889,5.45807376362252,9.03538364187763,5.653834116753447,16.84973294946343,0.21053640943795932,3.2846423904226807,0.2573342204594293,2.946993328933181,0.015792017247096436,0.08722484685590602,0.02751565343202981,0.2178188232564485,0.04133325010664495,0.2833380870687482,1.6131167650886973,3.8766137539090337,5.242872753596242,8.31308823127784,15.00578549778088,33.26704576187716,0.04855002816619162,0.5054454174740184,0.5791586648248135,1.353351192058462,0.05995664968855176,0.6898076342839711,0.5718362221534995,1.3737564721278408,0.129036069647303,0.99285801545651,15.07266342022303
Train249.csv,0.07030108568004076,0.12760248637228422,3.073909761728304,6.621015757347127,13.023279423589685,26.316094208676944,0.0,0.0,0.0,0.0,0.0,0.0,0.0,0.0,0.0,0.0,1.2854338850404212,2.9881601022335325,4.6617683540499515,6.8888128131759485,23.730114237357324,94.04101401319055,0.0,0.0,0.0,0.0,0.0,0.0,0.0,0.0,0.0,0.0,0.0,0.05373589665996936,0.1272697022817041,4.213160834971297,8.920351756468245,16.282325759888767,47.813605111091945,0.0,0.0,0.0,0.0,0.0,0.0,0.0,0.0,0.0,0.0,1.4313883012746471,2.5727456324920857,5.134388819656719,11.196479932077896,24.50566420848481,101.80939490201725,0.0,0.0,0.0,0.0,0.0,0.0,0.0,0.0,0.0,0.0,0.0
Train25.csv,0.07064840454221508,0.129273325455236,3.3805795482395506,8.598159152204246,16.72677732766053,93.27592005038657,0.0,0.0,0.0,0.0,0.0,0.0,0.0,0.0,0.0,0.0,1.3511538242770402,3.0711816038124296,5.191712838743914,14.552281794903543,26.130058699862172,163.35207096278162,0.0,0.0,0.0,0.0,0.0,0.0,0.0,0.0,0.0,0.0,0.0,0.05425546187933197,0.13577621362825426,4.273765022729456,10.419108931558965,14.600803902555668,44.774363389486346,0.0,0.0,0.0,0.0,0.0,0.0,0.0,0.0,0.0,0.0,1.4906160954284426,2.7986018774210515,4.8141186832545575,7.963155757822821,26.139425276675347,151.77891351739615,0.0,0.0,0.0,0.0,0.0,0.0,0.0,0.0,0.0,0.0,0.0
Train250.csv,0.198738458382057,0.4615661569035942,3.83527287730014,5.911935044115802,4.4348977793732995,16.451693462804865,1.2876572047098479e-05,2.7228277376390923e-05,9.277626414467016e-05,0.0005144936588716802,0.0010569605962846877,0.004852974232281037,0.014504652893933085,0.06140435608822799,0.008883005123634647,0.09285622068419738,1.3984377187806345,2.3476464244363986,4.695395849353185,7.312810402900726,14.623023822629712,42.694358134761245,0.0661691211637214,0.2308663365989237,0.03193465224029267,0.11276612183721178,0.010569269139150572,0.0336804731879808,0.009716739951057242,0.03349508017180908,0.4625963103744619,1.2946327841858771,1.8989182261698305,0.1921097744782168,0.3717641296523387,4.372496770842947,7.388246919967773,4.966931653474451,16.564530477742014,1.5643900361924498e-05,4.5546635438730735e-05,0.0001061375487264409,0.0005820057640232115,0.001091110118079618,0.004987948657006124,0.017118100939081664,0.0775163049536815,0.009202736784727862,0.09120256635497935,1.4652493975307044,2.670467440963245,4.991501227459411,8.064296856632758,15.797208097655743,41.18919120264422,0.09644407477949957,0.27137700186803226,0.042334751590357225,0.12980345431707213,0.013634940555393993,0.03892158724442382,0.012593091149580196,0.032986935830815245,0.4977763114861527,1.1225867026601877,1.8989182261698305
Train251.csv,0.6165007358855198,2.010438029928467,6.897306626911557,11.834982762312805,8.941025165032375,35.30343471818516,0.1845983794711673,1.9926529577244911,0.18158303008038523,1.0054423042691547,0.05088415999445837,0.5383697101757076,0.035918391188228135,0.21042959582477577,0.062070951344695494,0.29747340234427166,1.373693470489143,2.955773760197323,6.911135849719582,16.300176153633437,33.39842024934737,258.40900457681516,0.041332911993944406,0.365417283151529,0.4032715226901597,1.6148410753858815,0.06055815020711162,0.8850544090390626,0.400435439253947,1.5105036894778858,0.1029196768289374,0.6154398307745331,13.945180723434692,0.6588239896779969,2.248158913611888,7.429325284896668,14.05992707261465,11.571345146329728,38.25176932948526,0.1837346476444141,2.5394264665321336,0.17504895611633212,1.3856243603490588,0.06194784157531477,0.8524367856539169,0.050156132826072404,0.465363386027067,0.07285688907102923,0.4814342632727186,1.5048376728686454,2.769630129061894,6.642748097320391,16.291068149936226,33.257166865061315,148.41108300185599,0.043312041810468646,0.3732450409044653,0.49060733212833413,1.2937437197427937,0.0489004673659362,0.3000268664378536,0.46742447424702366,1.3463995350029585,0.11301108001925536,0.48040937607332845,13.945180723434692
Train252.csv,0.07040857146567314,0.12647880565499842,3.269555316692769,9.733663768072793,13.550340300880935,44.67600581854422,0.0,0.0,0.0,0.0,0.0,0.0,0.0,0.0,0.0,0.0,1.1463966338650997,2.306543094598344,4.937401753797133,15.675804283682771,21.71250696874026,125.3138732398209,0.0,0.0,0.0,0.0,0.0,0.0,0.0,0.0,0.0,0.0,0.0,0.05239809772780935,0.1277673288002907,3.985191221529952,9.595223535150163,13.97575739061033,49.61875451201299,0.0,0.0,0.0,0.0,0.0,0.0,0.0,0.0,0.0,0.0,1.2546407177169454,1.9538743641481164,5.029484003189735,15.769471938455883,20.602988392228653,141.99359481234467,0.0,0.0,0.0,0.0,0.0,0.0,0.0,0.0,0.0,0.0,0.0
Train253.csv,0.1949603879412215,0.37876738136998117,4.482378147732103,7.482597931582209,5.725688260775791,16.083441546115377,1.2532803902038235e-05,4.9294312383352786e-05,7.949861340124659e-05,0.0004756761574660652,0.0019180128414164636,0.008438731687409445,0.016203802664414117,0.0795138554082038,0.007779396359916199,0.031537077554586714,1.2465869055404255,2.9715848889431644,6.057508984118978,13.327653744058969,34.83243889290692,106.33877362602279,0.05931916256434633,0.3397957426811465,0.03027743921739255,0.13372952610792171,0.011367117784650223,0.056112131620501694,0.012587911840824096,0.060287993494587834,0.40622347829992367,2.311745465037644,2.3439771854283844,0.1826565752939787,0.3693902922303228,4.858309019741538,8.564263157450437,5.933988411632164,21.367425211014208,1.2859031622273444e-05,4.260284629613486e-05,7.51427383836764e-05,0.00019317128739558705,0.0014782123968436487,0.005400774436824136,0.015013902457360792,0.07130021278623541,0.007180107504788869,0.02805781947400453,1.401553967410086,2.6267951719310703,6.025665843485638,13.809210463719488,37.423913672333725,109.10379792403822,0.09923676443517948,0.29843160717357914,0.04421081969637455,0.11324466836088694,0.016430910261189556,0.042312531728148306,0.017922498958770045,0.04842364405777099,0.5272134205310364,1.701118037268667,2.3439771854283844
Train254.csv,0.18421404836531324,0.32655665835033576,4.185512027083295,6.9315727662861075,4.856897662672183,17.897977156813496,1.0956102243115715e-05,3.860265489149738e-05,7.235900682933105e-05,0.0004452535961161482,0.0014566611226889865,0.0073721662285924465,0.013399634520501524,0.05721129147393183,0.006865212400605633,0.030742967553288626,1.3744320745120446,2.537349017119166,5.619835462855247,12.592797543293145,17.442337316280113,50.25098582380918,0.07249043369831487,0.20976126886905044,0.03599080337023962,0.09673065830889097,0.013602638689294705,0.038567278839832804,0.01534617251798854,0.047221760331415494,0.49462233798906585,1.528546149028335,2.314306588144481,0.1731810427604213,0.34231382241793745,4.646442659479549,7.681339944185296,5.058908527507912,9.872807932491657,1.4098883697175604e-05,2.7597507434324875e-05,8.419156070837297e-05,0.0003035576033634751,0.001620709665777664,0.010063052458347996,0.012962145082224045,0.047762571900663,0.006690632722202314,0.03084449096278735,1.4903720918111907,2.762630600776482,5.599790353223289,10.3414488845041,22.017528330076438,113.7764071586883,0.11433118065297929,0.300254462699371,0.053670388630395166,0.1602839897619911,0.019475234346767723,0.05489100423183439,0.021758598039729626,0.05400379875363041,0.5902770498780011,1.2800930451167667,2.314306588144481
Train255.csv,0.7316336500307443,1.4013722436262093,7.435231532166774,12.523771667253126,13.086967485027897,33.56048049532929,0.3329145909010685,1.1445302648163376,0.12101477531197913,0.7399788013179266,0.022378788614584613,0.10825367347821131,0.0752055490413744,0.2975996410098965,0.07932027973846287,0.1942310505353763,1.566106518741755,3.5884315838790344,6.704240248739711,10.521552348326397,16.585404418194152,54.83612501608382,0.056634184015206576,0.27254057954343686,0.523419168082881,2.162869281958024,0.36352468252845277,1.1475148181431216,0.2819665337647951,0.9408050665906004,0.07572026013119595,0.41552567514728916,18.603464497007558,0.7801255670523363,1.3321151259518922,7.535237618329429,12.393059224072852,12.237551606293056,34.475034170881074,0.39022567025083016,1.0445603213057253,0.1164358586393266,0.5101366869695937,0.022199907998434965,0.08583769398203517,0.07077262286914761,0.21234640612622066,0.07751182017864242,0.1954241012273811,1.7317407428213394,2.750193591781391,6.5685608055602085,22.963996839719922,20.41947306030907,185.27599992374624,0.0637505653374561,0.2596252348731586,0.5748794995176514,1.5867432484002002,0.4219366038736527,1.0814120352138519,0.29546305600554174,0.7741232784894948,0.07327725044852434,0.22097856624957427,18.603464497007558
Train256.csv,0.3213504323661213,0.623944308856235,4.728454330954644,8.283233615796702,4.907666725935224,14.921751395494807,0.021814922951874993,0.09838677933539514,0.03956636996633289,0.3320483101791647,0.007693297314512994,0.08289553246690667,0.008051838729996177,0.024640331804621943,0.0263145541227276,0.12923160490313046,1.3456081898925578,2.983155235954104,4.7368149374476545,7.479288198950564,15.564008949759518,36.94295609606827,0.012031581611231055,0.05264819023408747,0.513508870867418,2.3773599268297323,0.018738423149701457,0.0772201502842089,0.49455512340044644,2.1165691820964256,0.08909971202000465,0.2976557373374669,15.72541656046891,0.3517799844516888,0.9016920766816756,5.324299102323197,11.644354524409833,6.188710198618323,39.59904556129665,0.03952809005795864,0.2317392895446123,0.03612106496538499,0.2233634779461318,0.004631353236355704,0.01313326476067327,0.00827977463861333,0.021352730749695556,0.024587242947469043,0.10144459917654682,1.507895158649827,2.813503163300338,4.971488600251698,10.222583658512669,19.643604163790854,98.96889983420452,0.01934499928360745,0.09112336502042181,0.598461840404451,1.2814498243145014,0.0365812483376697,0.11837026325920037,0.5957297218498816,1.3995468497518797,0.10795622280051005,0.3112162257033278,15.72541656046891
Train257.csv,0.07096344528758328,0.1266462872867237,3.364234831594797,8.788850951377833,13.707121419423272,39.94900826784264,0.0,0.0,0.0,0.0,0.0,0.0,0.0,0.0,0.0,0.0,1.2084707231770198,2.2011140919017067,5.063388989732816,9.293451391661588,18.8700551556842,36.611217343561925,0.0,0.0,0.0,0.0,0.0,0.0,0.0,0.0,0.0,0.0,0.0,0.053839119384964156,0.1351480999732945,4.197108924088679,10.712942062881892,13.622292046395827,44.53468945211731,0.0,0.0,0.0,0.0,0.0,0.0,0.0,0.0,0.0,0.0,1.362768042576396,2.312573289998576,5.156411553786691,11.478035665855103,19.636598576849835,68.64884802651775,0.0,0.0,0.0,0.0,0.0,0.0,0.0,0.0,0.0,0.0,0.0
Train258.csv,0.44979900087706565,1.0128306240518752,5.956780727016229,10.104634393146771,7.952470478135921,30.386676366983792,0.049032050116694315,0.4444919179907824,0.09265369672258406,0.5213165562837824,0.021857171375054038,0.09563404737418088,0.032090554673229944,0.09747625397235482,0.018726387829969854,0.084974933349968,1.62198721619069,3.0918645218794434,5.720980991784038,11.684830180256684,15.48186759625797,89.38876930268103,0.049139937119725155,0.44861944597683306,0.5766523414549702,1.361046194371042,0.048878552316323674,0.4123785977809125,0.5464118144652776,1.2049012592757449,0.12473911099613302,0.4717050425431286,14.093533709854212,0.48856559449405224,0.9107688593941907,5.980901526780606,9.814707409053513,6.8095182821758105,18.157310262109615,0.06376067243481766,0.4969611035983194,0.1213839715350836,0.5901963168680082,0.02308405648576642,0.06604302531531653,0.0347441776524572,0.1754678983956492,0.016739493039568436,0.07901405103104599,1.678707041111621,2.6956048889789717,5.753900985008079,11.883944311250387,16.277211040380703,46.26497340395998,0.02895254887173656,0.11084311304097061,0.6113441974403335,1.2781915748413855,0.048074822170416524,0.2222626271174343,0.5878671743766675,1.1905418595735908,0.1256543043146066,0.36450394459282637,14.093533709854212
Train259.csv,0.21659017427663227,0.38924168746172216,7.139193365892373,13.726268855840317,17.113289401987146,51.41827151391392,0.0003251860597874437,0.0023271930549969948,0.005003166204044695,0.02527592303092729,0.02716062107030392,0.09179957917147738,0.012372991627291018,0.05971578629880779,0.0031958748769923668,0.03096815050536798,1.2361372153383594,3.0315934384840295,5.864969837195321,15.878876657466595,41.54347371825511,225.49984466370162,0.02966514803424214,0.14496009682568334,0.01272937737144123,0.07934846882502318,0.010356943480855687,0.048427620593096,0.38893575901751143,2.4198810308704304,0.012116439852504376,0.07806739225450145,4.480260189869444,0.20965178482017527,0.5942530257966872,7.362087329058937,12.72401229569055,14.856540464482878,44.81228683559059,0.00030542721993392127,0.0021227322349237267,0.005135174674437472,0.030051813775236948,0.02816123352259074,0.25537467177848844,0.012824104464977712,0.08745006115685194,0.002465489742791917,0.014022260583993893,1.3920766578763188,2.5572378890345298,5.479952915662049,10.182003938495011,33.649723576262005,197.4119133696356,0.03929497003850928,0.1830602705750032,0.016286565659375002,0.07785056382976509,0.014492041015657788,0.05155780838173511,0.4521058766332914,1.9187650517725194,0.01840033559294344,0.09576809863474352,4.480260189869444
Train26.csv,0.8329576981097856,1.8911143607509062,4.7492297167275686,6.734100157564531,4.905927577103998,8.103654169382317,0.032386194958942835,0.1546861123759139,0.40745944073832774,1.5456803447252025,0.19515000837809746,1.590590252677102,0.08767733404095354,0.28906633335994125,0.08277919547482021,0.5237490467073544,1.410912599545029,3.3424815263037932,6.187613490747972,13.494261252231546,16.81478158580526,63.474047644040986,0.029415265765858442,0.17349892012026696,0.3815754254119856,2.2284346453217703,0.07031665214733734,0.4038951161489115,0.3649664488436548,1.9721299925461582,0.10406268236753738,0.44008281927136417,12.93638041578197,0.9463596083568483,1.9508586055464914,4.836107733636003,7.603076215709727,4.795592657020888,11.046991525197502,0.033577165830077596,0.27259544161029087,0.5956996363447776,2.863641436389016,0.1834650228401936,1.8241004925550401,0.1037693673768404,0.32546706852405927,0.07632819070776066,0.2985020129218884,1.549878629508253,2.692554931894922,6.182721560282589,12.797632044635067,16.48178586097334,50.50142647232156,0.03300729938497832,0.11478593906993988,0.40364057921390606,1.6178603372387956,0.08672004268777961,0.47210802443513467,0.3788140486491941,1.5399857448972534,0.10501462639098998,0.31010417340985746,12.93638041578197
Train260.csv,0.20440627108702697,0.5282481174182699,4.632761711960173,10.585518587110165,6.0312900887178635,30.523720814648037,0.0008460755375293032,0.013013413753641815,0.019703933390393526,0.22408842614478328,0.012834857665533297,0.10664674135688587,0.003976673050727009,0.013912777478349882,0.002142900035065283,0.022397712724582,1.4907377661448042,2.6060837158608265,5.500495132052746,14.942966586394432,20.971562093723037,192.03766793992634,0.018873003803669092,0.06616719125696047,0.016552525291883342,0.046841183750673906,0.5450717065766455,1.6239153401572257,0.3682131486360668,1.0992852004454372,0.15124562155149673,0.5217330821576727,8.871508587887178,0.20931787307801272,1.0678907897556151,4.808892756784896,10.188094510926387,5.832771176803769,28.59626308293654,0.0005665762472624952,0.005129786468956777,0.01925708880505404,0.2123767962420064,0.024267043445518596,0.5873980149279135,0.006043060176613281,0.04946535802477532,0.0038342515548695677,0.07026937864960256,1.6244985331009456,2.794176064822085,5.463073300678511,8.008644787548178,17.090179605258765,39.004930624861124,0.024391958798009115,0.09519611280570538,0.022003828320660487,0.0915969631333954,0.6408795061329555,1.3433184144411396,0.46515568658316253,1.0512832595215165,0.1683022489193196,0.37852410815422527,8.871508587887178
Train261.csv,0.267540721454423,0.6836101639003186,5.1625816015586,10.517107781049651,5.933715008192873,23.24275584706976,0.008062749957180732,0.05670977907438891,0.03811929100860381,0.40844195484774126,0.005442101999706653,0.06270794058857097,0.012430193357609367,0.04161851218315332,0.006969440105802322,0.028909357725273782,1.2077703638034418,2.9518798191064333,5.44248357054698,13.867967710153708,24.298540046692054,66.27306260494416,0.008125736179132334,0.04575106926300655,0.36602409977286476,2.0529489218476984,0.018895983742968563,0.096581587805597,0.3276677777631646,2.1296662684054044,0.05896348960444303,0.23898359462689558,12.669345040226839,0.3076811308490196,0.9273277917660253,5.260638051741802,10.741680444225379,5.824101136639364,32.29940559778934,0.016980933550811816,0.12092753698570337,0.06842711131857265,0.5898373998793783,0.006108862817124453,0.04338302073185835,0.013735606758041499,0.051733471931930945,0.006374581834973871,0.023470037031938538,1.2961166328970977,2.498130734298458,5.534171488753676,10.971240407755998,22.482264650950402,69.34703505310281,0.010990869961570832,0.06509199250187275,0.39405425213434864,1.7101965376323613,0.024353450704843217,0.09052860404595459,0.3612841237955469,1.7108650747012342,0.06710546215137483,0.25698320040780465,12.669345040226839
Train262.csv,0.42961112902048215,0.9822024257665494,5.951774538292353,11.163705379941552,7.595298199853813,35.477975221098205,0.040348965593493775,0.135635003489769,0.07941888411911553,0.2744306232454577,0.0159325230952304,0.04995193746436757,0.027591510415752866,0.09762561705702029,0.022749248128521055,0.13986396351442307,1.39866843781649,3.4984625181229556,5.136812812044269,12.231640307342293,17.91867742949194,105.43536068625535,0.028210602583947534,0.2633809364589563,0.43593576540002127,1.598461126864372,0.03194354972474302,0.22602427163368807,0.42268429401045005,1.6096382545570427,0.10083224204278002,0.52138266510473,14.123204307138115,0.48669257493869844,1.0518830347915922,6.2275558372361814,11.334729268738917,8.391665831480537,37.28938408736791,0.0660769023439565,0.4189785587774304,0.1302798943807542,0.36994351009721016,0.02613444764317404,0.07341401122073142,0.026391245989465337,0.10783835321586097,0.019216516542508506,0.05438705861894491,1.55522691773227,2.7815876712909433,6.267038227209359,17.85632505364831,17.71596709386977,66.59646066325288,0.045486869017749405,0.3715038477639374,0.5128350567732043,1.2501311780087996,0.05690206307702492,0.4214685198529974,0.518173958221968,1.3998070716029034,0.13809359258084575,0.5451094747669565,14.123204307138115
Train263.csv,0.7040188808556396,1.2729596195008217,5.0475021787463845,10.579324256194042,4.44142858709408,9.830239906992126,0.1110000465076182,0.4408736341998357,0.1398768118466814,0.8349877321908812,0.04585675995968329,0.1548080249695993,0.2037170398611,0.8525400645337821,0.0663933997493232,0.20750333824810982,1.2668574110448247,3.3836570923186757,6.09036667953565,10.61175591669627,19.964098655349282,85.86583028140967,0.04341162797081561,0.44982237227921684,0.357178436831446,1.906934450267795,0.24404368619481498,1.3621950835296097,0.18077466039540854,0.9380163112411242,0.03664574779076377,0.19169972310805128,19.43424122095686,0.705112658125886,1.162093731430291,5.05173212615386,10.298149263807204,4.493992392298896,9.98493529936384,0.16253453818178798,0.47429902782001915,0.11149083388211548,0.5120910303886781,0.045715311294723754,0.15227721344034156,0.16864780086773085,0.4116896513780894,0.05851364781209012,0.18480259977314728,1.4564129636588843,2.584315468357336,5.40673536816141,9.846914177572733,21.759292678751052,94.95035396962523,0.03027500806803049,0.10818547881582352,0.39574285821654187,1.8616593628348426,0.2927960196403126,1.3608385312979818,0.1766797687001963,0.7533627715160318,0.03608324873723867,0.11989987392709031,19.43424122095686
Train264.csv,0.10000882134621718,0.4262954336994287,3.810619073499032,10.308651940894316,7.6271321111595,31.33332027225219,1.5875302416490097e-05,0.0001559737508856375,0.00011630005012561969,0.002493615609371076,0.0027782910045428813,0.08311536704756328,0.0039373741246915865,0.11199583696789189,0.00013166101172465273,0.0029640271825287293,1.189959772331586,2.9288096066269302,4.8245053773935815,8.732758189768122,30.427521498137548,227.91501394919314,0.030788811746825857,0.26509895558562263,0.009553417351225186,0.07911997162079198,0.00828004307285358,0.0651056797289679,0.3756191517190592,2.2763326664121837,0.00935428474088913,0.06910456900867315,3.7681658550557575,0.09153145169444973,0.5848271084699959,4.673007560543979,12.003821055052402,7.934912549853858,32.79525440978906,2.2292432822030708e-05,0.00021188440701183712,0.00013098786467233444,0.0028548633872454874,0.007773254392613651,0.2395423699308448,0.004403547660663367,0.12433248587912893,0.0001983835494179826,0.004228759482797071,1.286780913018403,2.4818938959651686,5.565932125343998,15.187040306037522,36.055727600462525,264.5691041399037,0.039980752475620086,0.20944451359802055,0.012262202976800503,0.05956082782014003,0.011326986250354533,0.0507418624326799,0.4125705163349324,1.8322702174093837,0.013195616097121592,0.06890402782052,3.7681658550557575
Train265.csv,0.40102879322992135,1.556250663358861,5.5350010126076565,12.048015423478931,6.698211124785548,24.483733370535045,0.016598617467777434,0.10945453870173634,0.23336461070347672,2.3026711927277286,0.01323222443285137,0.12755748592953448,0.012955983155530008,0.16783922744688018,0.025003161036185342,0.24339092289103292,1.3637570851140164,2.839115532194478,5.628361184315757,19.15706348272271,39.974252310435986,266.20736001256796,0.016640423860803444,0.14600581463535037,0.47814416914252955,1.8915613812430518,0.02785964419630508,0.21344082981011697,0.4305846544037293,1.8148685410937901,0.08900052351724078,0.2952339891411915,13.796827737015175,0.33596535324836874,0.8106757555610786,5.675268958543824,10.895148382193023,6.443427799753701,22.720466646323004,0.017068792644063885,0.1029297773624826,0.07226303674110143,0.7271490107213076,0.00983201282420576,0.06733458202390481,0.010779677954325407,0.07992308348681021,0.018004357278749144,0.06470570715545176,1.4421402832645658,2.244415621595716,5.505386543515163,13.393375498996889,37.04485504281021,240.53674862134386,0.02155277013170412,0.2780653210751397,0.4908158287912587,1.3335887615135609,0.03006270253188114,0.2022249860283482,0.423060709155528,1.2134289826994364,0.09653348319656523,0.4895833880695012,13.796827737015175
Train266.csv,0.11668221332154236,0.17705473014354003,3.877831815132732,7.403593660961648,5.03301375679052,17.285270240310325,2.353566907693649e-05,6.827641240988773e-05,0.00012535489185310392,0.0007409681125435287,0.0018969409007170734,0.008665864362701222,0.0010037154139492543,0.004806019381532201,0.0003801738960585033,0.0049329448448454565,1.401975059934846,2.9613257483233935,5.599461739805297,15.516579491742359,63.82120014983424,780.9944747064803,0.01697455986935601,0.06908952748587326,0.011294387992084678,0.04928732060624417,0.02324860221797276,0.11616887501783109,0.5262493910024666,2.134752038943231,0.016145406912238997,0.11241431587243747,5.044001538263612,0.10796316591021488,0.19103005477603754,4.207312143281788,9.152042849558175,5.957226301958206,43.942999251915026,2.639511248782081e-05,5.519424683551493e-05,0.00027125232198516833,0.0037837233589203567,0.002831032220501041,0.02623580811732426,0.0015155736017997794,0.010880275729066137,0.00019468420547057044,0.0012563420433129697,1.4759891639217089,2.7475097825463677,7.091121337819116,29.872537499394785,63.36735357024993,577.9076127764059,0.020794847072350995,0.06616463797868533,0.013782289680899139,0.045466186903525635,0.02565407664170956,0.07917581704545694,0.5776952128372521,1.7623313198682977,0.024254215986791183,0.13168411841087183,5.044001538263612
Train267.csv,0.6626187091581905,1.3284407184304299,5.740685582393779,9.24722996304693,7.134962583528001,33.79385046503014,0.10152388869880609,0.510166208221417,0.12542819397597105,0.5718770437559382,0.050979070527554154,0.3070831478360713,0.10933748306200614,0.38349004070814724,0.09668985739372778,0.26489936857672514,1.3549740290331829,2.3743659038826346,6.1351882033008485,18.415537287526142,27.946529249776823,270.29360768731914,0.019404500456010474,0.0632439361001582,0.5117836039488817,1.6955581613026844,0.3228219941429623,1.086190041036192,0.23603420246717638,0.6590061012339651,0.04419578758207563,0.10633358271705697,17.743017175774355,0.8285927565039508,1.791474057996688,4.984658502976826,8.116754808469192,5.355475678820204,13.002031093972105,0.43702565844776653,2.598139660944486,0.17995310150727523,0.8487270479706462,0.037811562180235,0.133953458934081,0.09003100989642501,0.2906683018975857,0.07100793690935114,0.163677604014626,1.9313812778945851,5.885398702819101,5.4976279831008,7.873479172990818,16.537717819822472,61.55309367876897,0.1649642135660864,2.5602114223695223,0.7015150554465008,2.942127350577988,0.4994064296398729,2.6060410565083485,0.3650890065001605,2.043251108296861,0.11317140217314568,1.0287774252283697,17.743017175774355
Train268.csv,0.26497807344117597,1.0688028408952714,4.280838509025484,7.1962100984668655,4.013488562812798,17.505490099324447,0.0041126920051832066,0.03811753672766424,0.04222641612859379,0.6413918959203339,0.004965350696704674,0.03248322813763509,0.009886367720799547,0.10565213497005742,0.010159845654025453,0.13417121411960123,1.423236637011828,2.272550190155227,5.223524781390223,8.978142744297962,18.771632066761697,110.99835781576311,0.01017930600420984,0.035918365857233465,0.5504301582252512,1.5631519137506742,0.019870201217325682,0.08538271482730803,0.5021612600050323,1.3710668392330854,0.08177654723332202,0.25481623030763206,12.491321456523416,0.23931902633595853,0.4569499440701233,4.244308219556668,8.642699986077117,3.8090377914469866,17.684923902740074,0.0041520020480518794,0.024023364582720086,0.024456224112139345,0.17497655286086095,0.003833977734298236,0.013514735907329647,0.008691642815243636,0.03723997863594016,0.008243296639300662,0.04528213423935342,1.4892713209958297,2.7151574701408654,5.244034757696745,10.705030753950112,20.17540021735242,98.34273260516822,0.01290885985140755,0.04193295399974774,0.6514047246532748,1.3038975284377328,0.028727654255034325,0.09229772924903,0.602758196533419,1.1958579045217261,0.09757888849377164,0.28183134301250895,12.491321456523416
Train269.csv,0.3496465795664918,1.2229634164206744,5.194604376922015,10.586086476613216,7.67856888080741,33.79335172908686,0.0642697203667726,0.7406613474508766,0.04480499913448317,0.4261309525672034,0.008775655703466119,0.12850824053512336,0.013818396272223383,0.054475036088294106,0.013703618021955973,0.06635563392687638,1.460845032631315,2.920592592705707,5.083442334626753,12.59430876501297,17.571374341070367,85.68830579323422,0.018225359103003887,0.07351867808599173,0.5939747835375759,2.0983623141543153,0.028495700716110555,0.18093428413607635,0.540378365629761,2.1583024814253706,0.12908830692718426,0.2897985765128618,13.440780569608332,0.35610937741129267,0.9759455753985383,5.344420042065063,10.076904893055016,6.3287373705240855,17.87867292031203,0.03795976015640743,0.2324521676119657,0.07133095832555082,0.43385469855162484,0.008752940696119118,0.12025159565452082,0.015083024208992194,0.05808626665444716,0.011006584842543306,0.044297832749902906,1.6572499048612341,2.8251853940059797,5.337872159519818,12.434791948486971,23.08702154507526,131.61098085013728,0.025147141827764917,0.056173077522138834,0.7107077676060308,1.3702249386973298,0.04600042614920868,0.15135916103526598,0.6539913977380011,1.2113538587703065,0.16801063236085068,0.4059603299848971,13.440780569608332
Train27.csv,0.07164475609953885,0.12731798999693061,3.4070830279997315,8.001867320254178,14.686367207711227,28.456607265782985,0.0,0.0,0.0,0.0,0.0,0.0,0.0,0.0,0.0,0.0,1.37990532933677,2.8915224331815548,5.236403001231684,8.600157207763331,18.538202213148104,46.98638777397855,0.0,0.0,0.0,0.0,0.0,0.0,0.0,0.0,0.0,0.0,0.0,0.05522323294760893,0.134940048345662,4.446865357939937,7.811550823744836,15.514543931056954,49.93898861791323,0.0,0.0,0.0,0.0,0.0,0.0,0.0,0.0,0.0,0.0,1.4523494520707187,2.7395916713229935,5.514817017842722,9.331325997023926,18.49505668639003,49.542098548375606,0.0,0.0,0.0,0.0,0.0,0.0,0.0,0.0,0.0,0.0,0.0
Train270.csv,0.20243824476972488,0.4114655441746839,4.395595414185915,8.907762638019344,5.462857020379241,29.440073775350648,0.00021326759685414188,0.001949120350959528,0.004771594599038951,0.01865231557008755,0.026802054212102383,0.18916470147020367,0.0006943316597048944,0.004665854521381328,0.0008171314002178769,0.002044870408344901,1.2706424407865546,2.9201818088946068,5.840991964150497,11.584024911614595,33.263971445691126,115.5844413976667,0.019768759559026065,0.0806191032418926,0.011609779684639422,0.043012323907528786,0.4881650344086139,2.228119133479704,0.010062826396304337,0.04419786649428939,0.3144953962665902,1.609749833836155,7.061602153569058,0.1862917909098833,0.3004051185157235,4.030535169421441,8.297050907509961,4.190857936173391,19.414676471644064,0.00014681301028756467,0.001221533977372821,0.0038652116203464447,0.013831461716905967,0.017230688806667484,0.04534194678547738,0.000561580939160528,0.0031872242093541176,0.0011978213639089338,0.006778970471659121,1.3987196480656228,2.4908881043683695,5.7457681425494975,14.08854362774438,30.814827218582202,110.82906273131356,0.0227991363102263,0.07912391757733214,0.012515955179919441,0.04571511054503534,0.5175179252636307,1.8272830480197682,0.01777963338085814,0.11729813242139206,0.3518866816824896,1.3594272513021175,7.061602153569058
Train271.csv,0.18366235212670518,0.5484406810787792,5.479621776930093,11.869411035550272,9.390960009520484,46.291385433369896,0.00017935612899751223,0.0014910388779797946,0.0016191107640447927,0.0180940130545074,0.02049904054368136,0.35711231011306754,0.0073503396042693455,0.040291415235100374,0.002430101783482308,0.023832131890584075,1.2804979277991273,2.383714239500366,5.48866827639307,10.147032155990575,23.227486994474894,99.77767870124994,0.028124001123902915,0.10416119293726289,0.009403328972460972,0.03337061545166814,0.009813383579972662,0.035770468966503904,0.38932900582885455,1.1707493760280137,0.010313142847500428,0.036565418208797294,4.005530633326987,0.1964004119138482,0.4789826430210251,6.057983612003393,12.888442003064439,12.547242296491591,98.36675165029483,0.00028093725002608375,0.002484253285341692,0.0023466380459965814,0.015344629209762272,0.023995769320154736,0.16588493512162503,0.008671353421626418,0.05607303094327451,0.001882395306316747,0.011259960278639335,1.3935330281810225,2.017621456245934,5.9733648872892395,13.198022878048622,29.97446725089638,273.13819786226696,0.0376816287834669,0.13073347448788789,0.012022862726005647,0.036328217448384076,0.01327551547725585,0.04090275289956372,0.41296048962320697,1.2801846938313821,0.02201042815204636,0.09983410840118782,4.005530633326987
Train272.csv,0.19957535777757301,0.3422892049204429,4.5941107196102315,11.978222770208928,7.243665512972163,46.08970814470506,0.001118069584072702,0.012037743990603877,0.011474008770120604,0.03855272224617784,0.003905631037733162,0.02783205255678847,0.003460523091690213,0.01854922426234657,0.006765109846279868,0.06024353937904362,1.3138642857552219,2.336091444754163,5.366566862849455,10.953332182388861,18.508251407935806,52.86157038953801,0.008443422130153994,0.03048409505096611,0.03663477685453975,0.10238417844910269,0.4294179924400583,0.9669317814046005,0.3059983576841898,0.6629216711159566,0.14661575818279876,0.30156808247332256,10.918779800476525,0.19848371498178263,0.3195033436646511,4.868697095391916,10.398426792475636,6.308422749931546,34.828434816639316,0.001085770119205283,0.007381849470958439,0.01674269540986499,0.08648755600639206,0.0034290409328071843,0.010444654106000461,0.003141563794480373,0.014166987428045438,0.005729038149107558,0.03893802953066234,1.4734352582971189,2.6883236571040454,5.334877502081763,9.484833384134923,18.413400059258844,55.326208124163365,0.014296700224556142,0.04566687833219235,0.055904255758511635,0.15685178025676885,0.5383155560048759,1.065239101852186,0.4155749495759795,1.0475381084045023,0.18465439717798204,0.3670307316120993,10.918779800476525
Train28.csv,0.5249110450849871,1.0106127964809326,6.005119779102034,14.550551784260138,7.813039642385812,55.3967695151211,0.08355596327486559,0.4491833718157328,0.1404429338647277,0.5927070334408767,0.023187371856446513,0.09708855598172213,0.03900281571358744,0.12903171605975214,0.03153961390192678,0.17669584217958761,1.287144984458163,2.9145707564165524,6.661389655381494,17.950071637627463,22.98527411848913,106.7874266201514,0.029698261668107215,0.09712847116374658,0.33884975500729503,2.151889407242427,0.03732565289924124,0.18932442500875177,0.32605685774661686,1.9503177112879049,0.07889285617352697,0.33334712186354204,14.152874904422019,0.6248761033739696,1.34335471039029,6.598044529136488,12.1026317274413,10.250570239495378,41.888463061551676,0.10427598872642858,1.33344569068381,0.2253687530749631,0.839709511511116,0.044394384181215815,0.3427344174239295,0.044169095934574625,0.17848972117853923,0.03237840661500897,0.13616174900271918,1.5422777385571975,2.9267118346631706,5.523319070112347,10.055702919177469,17.558532792226636,69.63938731981929,0.0461730497497666,0.183259054578188,0.37349822275858635,1.1711504536647903,0.06644662248894559,0.3176724811433999,0.3738147274224215,1.314049874088723,0.09692256383837305,0.38754544103255767,14.152874904422019
Train29.csv,0.26861900273435857,0.4761189914092888,5.519983277937769,12.792134067470782,9.029801142784478,32.428097402957,0.0006320309135364991,0.008614069709145944,0.008109796492018876,0.05007250983692303,0.042142270792723376,0.16538744012837922,0.012888866860845092,0.07424947780585966,0.007728661998659159,0.05484116064983201,1.2101858135698125,2.3276097796453468,6.1531443918822575,11.783143818177493,32.41859339348646,173.0944734994238,0.013422695704817106,0.04843505266090661,0.010180442549202069,0.04200043270890575,0.1447554113463227,0.47800844310886664,0.22772955068793624,0.8196559980311955,0.22065877470318662,0.6917353724392917,5.6374134839416845,0.28191967427911807,0.5264638978231059,5.409297378320559,8.754986879744534,7.336944338812725,28.343223925950657,0.0003999751177560437,0.0016375593884223121,0.006589223207206686,0.025956056700613805,0.04652102707988279,0.1737469109948364,0.01469439769295311,0.08177770331239059,0.008413728149073204,0.043229347457352976,1.3257235778357546,2.012734118017645,5.8616593598099875,13.377668356434892,34.142936469392254,290.72238045763004,0.018313854817391784,0.08055481871692338,0.016001187210204795,0.05887469780283304,0.16698829908466029,0.6263128390774811,0.23478032171977053,0.7218029508561762,0.27461676786327227,1.0601592441787138,5.6374134839416845
Train3.csv,0.4507153741808731,0.9045373172658663,5.897819949643251,12.21779644789692,7.325851050678095,34.82770199199964,0.0733634997386794,0.6187874104695058,0.05022180429279945,0.4564708907470448,0.023494595325298198,0.24107309163198737,0.04686250792208309,0.14874264217357014,0.04627436460515087,0.15837264579349286,1.44318853393322,2.982812025310944,5.7970286816920265,13.192430582054333,20.105520193869875,92.48693653114543,0.021137447047430605,0.0759165907379738,0.5741300058182783,2.0867755406263804,0.38754106498259366,1.7236287833754607,0.2594027609148234,0.7507758799239219,0.05578578163090355,0.1419688381557295,17.802358370342162,0.46724919529302283,1.0701833424290534,6.091989860933197,11.278388714281874,6.79665284400094,27.350627325111578,0.07748402714044521,0.7485303176916681,0.06715460064697741,0.8038443058247176,0.021813748315473856,0.24218318636738778,0.04758726481806028,0.10125128002599716,0.048338895402663194,0.15601497996120192,1.6177419476613566,2.8324956210658945,5.481420375836551,11.626732522298594,16.765300757674815,64.63185618198584,0.028303092758512817,0.0810308689554931,0.6753283094575174,1.3445789858095907,0.48407063780994053,0.9488686178732051,0.30249405842943744,0.5706507854283015,0.06506480560237174,0.18451497657858873,17.802358370342162
Train30.csv,0.34650772973740795,0.6960779113337632,5.663880841289592,12.372230142288887,7.829857251501305,22.573110086822496,0.024681672681892287,0.13088771068732336,0.06931164362912626,0.3722296320395147,0.009631351547717493,0.04615696911781188,0.01773341061114843,0.09910142677705905,0.01707059068128383,0.08955729525932099,1.335418715561512,2.963638467777644,5.302405930660279,8.883392515882107,21.668621791174132,142.02462089914323,0.02045733740121543,0.16977575168761758,0.42871374780988253,2.419632676849036,0.018369394553287274,0.16222432808024975,0.39302273334833654,2.268867976336737,0.0657638266615702,0.3558225051072768,13.767157139731271,0.4223600804871279,1.7391746925227611,5.50253422116473,10.036471754560925,6.987451146485286,26.004259340657097,0.1428975127863542,1.4792159629835768,0.20113816542332968,1.676600259259172,0.008861794897744375,0.05369021487991386,0.012991249241171548,0.058099862210778196,0.011938668764804159,0.058802557878257854,1.41688120694509,2.5576995713990986,5.779379185744999,12.77011071282652,20.52948584757277,55.16019213334017,0.024421582857388206,0.2751974896140131,0.40691283681204815,1.983883689624121,0.023062030008385588,0.18575639989755102,0.376714436350989,1.889761690179277,0.06684373860070847,0.29222765471144807,13.767157139731271
Train31.csv,0.41702128894701596,0.9247964941223764,5.579539248397051,11.990970594698911,8.115429136935605,35.37865409000262,0.015354634202232193,0.20097972897691846,0.13180137005521456,0.6153643929820715,0.03813695388325556,0.25748759030677953,0.00961345803613337,0.07554377291795569,0.01177496494160874,0.06819765015816859,1.2858163159637446,2.231723616125406,5.911567253895211,10.585586244254829,24.149353206233457,97.60669226150053,0.014813989825588274,0.06416053614238373,0.02942730324425966,0.10080535652891023,0.39509227990207285,1.1749547394066804,0.2854535733122424,0.9612048352610889,0.1260081829246365,0.36193550444049727,9.96932068739161,0.45276491480808234,0.955630643826691,5.577878384569657,11.012861045711329,7.771238611073639,31.240944032272235,0.01914255093460118,0.2915529107002028,0.15615198858387971,0.5667157759824129,0.03366096116107246,0.16507654753743145,0.008572747901602822,0.04169039625547018,0.012797473829660337,0.08014883064917658,1.4039534227304455,2.429112666902851,5.695078675701538,13.832651400329151,19.46371595676242,65.10502907023162,0.017263967153849397,0.06144059340951141,0.033414750181235874,0.12032302263049673,0.42638428796452943,1.225917943847516,0.34651664134764143,1.100379519465697,0.13236316148592647,0.39112605365861086,9.96932068739161
Train32.csv,0.23314669667641122,0.5624406836282151,4.2773568921622935,6.814422582843586,4.955383252949574,16.3554307985222,1.3195278982739454e-05,5.564467619243728e-05,0.000100242879288948,0.0006212912633808945,0.0032285532903560403,0.01416501328122786,0.026538364122299294,0.1438648337450781,0.00953488450963243,0.06867322168230487,1.233017545008618,3.0198753624737473,5.057711120466903,9.985768172007726,17.537457334678173,66.10057571427247,0.06185590973768823,0.39101222097584454,0.03007139837499422,0.18837231972443105,0.011314373753145753,0.06461545167183852,0.010688646359789316,0.072044341351351,0.44317545480223425,2.3451742883277906,2.1362830044410592,0.21127065642379875,0.4689494980033858,4.3064721247599085,7.966804728007518,4.781787957436577,17.442297937149387,1.6839225321652642e-05,7.78168338423056e-05,0.0001008575115545156,0.00045529751731769835,0.0029079611426169718,0.012852775438793424,0.021908262927573918,0.12948918367524567,0.007906527652269832,0.05033341560769703,1.4384289928366407,2.73435253951521,4.768435202522789,8.200812415664581,30.280431330316816,278.37063430164494,0.10464984069222949,0.3562347436609983,0.05159862912819081,0.20819185967460146,0.01868049552988796,0.07304382791762869,0.01657499255890809,0.05873705777983388,0.5514632571668794,1.3094425138323087,2.1362830044410592
Train33.csv,0.31606497496780517,0.7342431274673012,4.714365215154263,11.05053903041879,4.66693690875758,17.430755177192626,0.04176696709537496,0.32229604842338744,0.018588520563657514,0.13103858487000444,0.0026898545245331662,0.009509617674092972,0.008247301926815042,0.04350168237712442,0.031954410807329935,0.11000185763744781,1.3934525229522976,2.951313664219428,5.032166315446115,10.030153190048306,17.32106674107049,61.139428131961466,0.01602068314908322,0.09091297857735098,0.4827707381512905,1.9656969177846253,0.1238006735276031,0.4992789430155902,0.37001418286207394,1.4758858592421897,0.0915333672576272,0.39007360455029333,16.852899257257246,0.3535501761935682,0.8208905136375817,4.903275662297306,8.648111436364768,4.5641668807771145,15.315473256990805,0.06097713787375167,0.4019629462002936,0.022446645467721234,0.09786865751105535,0.0033597012660409814,0.008756981007916814,0.008465449930837983,0.02556309874201298,0.03675139424842981,0.14606177903543818,1.549246269167121,2.877147385719588,5.137883937609418,9.440527646538914,19.916950877698895,79.12748534889909,0.021786695706514023,0.09797622696035599,0.5533055885669088,1.234859543622461,0.1560500781672211,0.43758336318218266,0.4316175815736746,1.0615277586930287,0.10900177964679858,0.3051879872686712,16.852899257257246
Train34.csv,0.26097221081864347,0.5749950740437352,5.854022346102676,17.95767539737032,9.776853781366833,44.76483407322347,0.0003333037198672779,0.0011348415766043944,0.008295472657625286,0.06579455729304891,0.044762071404617056,0.23815064525203522,0.015261757071637655,0.10410183067124068,0.007932850961469149,0.04533152981167164,1.4221108620470022,2.9728993580846064,5.513922504539774,10.212814302244322,18.186483819549686,49.77205216210135,0.01628484870894966,0.058811141040185956,0.012837918451900392,0.04718782683059854,0.23171242074935922,0.8744871108194942,0.3288681630470662,1.2431538718561181,0.29983869880476166,1.271827848163972,5.51873109480607,0.2770412719393222,0.5088017291873738,5.3099958053937355,13.097613174522131,7.375597157039835,40.878238738468625,0.0005716244504300999,0.005689767498997573,0.007418041272616581,0.04043250909702138,0.035879821023508104,0.10170260481173762,0.01894777809926372,0.1261389831605914,0.010525456674124755,0.054995528814050114,1.5798226395629023,2.769627638028646,5.48020540632483,10.69980978783948,21.114884230345318,64.18624174414649,0.022646766135568555,0.06514169426671466,0.01725326933097298,0.052715278054067394,0.28534323073754836,0.6396412326400652,0.38245669704391405,0.7311412499349291,0.3659276191445061,0.8498831830972681,5.51873109480607
Train35.csv,0.2773777725088924,0.5139123766990007,5.084390190548752,9.209070711667412,6.9928587792493255,28.61504143108518,0.0003749768245144396,0.001418806121932766,0.0032777126638952455,0.012501971118024816,0.039014689224333515,0.1320552832737683,0.01864468926679709,0.08395274481572704,0.006507702832319967,0.032587757095857546,1.1958817087015992,2.332825444000983,6.360314539302969,22.92002081519983,36.74803855915428,453.18075630932407,0.012991770208982643,0.041918548620255756,0.010502195825673353,0.05115120773344572,0.03400983711049392,0.12623167625991621,0.3240939775198949,1.111949204094554,0.17873551429732956,0.565777681423085,5.489060497522166,0.30799871731032086,0.6515907121400626,5.318718186661508,11.245979074189284,7.2218504370952905,27.81805509971294,0.0006060564321827256,0.003754632989532372,0.005982355403897967,0.02247629071078296,0.0557656770423081,0.24823891026428,0.026315943719663212,0.21942774903068696,0.01160691393400767,0.07862136170331965,1.3422897945951182,2.06707656170531,5.787753649408638,11.219763616320288,32.83005273078027,268.60469335728226,0.016527623876909103,0.05468938583398145,0.012197295479723987,0.033599616702207014,0.039607801074896185,0.12959557706854777,0.35866571408967757,1.2029178472012239,0.23431859210131817,0.9298474182538711,5.489060497522166
Train36.csv,0.2280817143549983,0.43291366785691743,4.268950158492223,8.621696672749131,5.021681602423004,27.390021061122102,1.4579849435320772e-05,4.2989556295685126e-05,0.0004448228959781453,0.0010752442000418316,0.006182554746305574,0.03723557198198648,0.023360962886998286,0.1270530434950608,0.008140879967419613,0.030560755571531244,1.2424694170474049,3.0722387304177716,5.4512320889480135,15.60243980068414,35.25924560577888,395.68588126098456,0.024161943332303773,0.08309274468788484,0.018328271585228352,0.10156699505707775,0.009545027502289439,0.050083139030632204,0.3766144802757041,2.3611334166207194,0.01184370371885775,0.0745423069113989,3.145083312093782,0.20881078474189763,0.44157681503363455,4.354403039343945,8.132528401841908,5.20551406844884,25.387396837293558,1.5963879771699305e-05,4.119254057972028e-05,0.0005352925827483006,0.0018171400256614238,0.00695591655113184,0.05083409121931278,0.01832408341103545,0.05088478067334244,0.007439275967058111,0.04408403078132028,1.3820017976818852,2.5861303165384277,5.372801745418501,8.219262553671753,20.226786175365312,58.41856269273177,0.03185150847313219,0.12096013414070365,0.024116396777144306,0.0977857025356128,0.01194098075448187,0.04919218269853883,0.46794373841483483,1.9276812136484225,0.009824678956223423,0.04447859495020533,3.145083312093782
Train37.csv,0.3381040793354505,0.8724976247738749,4.760778122195865,8.390235870230201,5.059977741201404,17.973182747603015,0.00255514942860273,0.016559536614424702,0.07514654855020136,0.5665737988950531,0.020051338382386895,0.15429631754001968,0.009707802339988393,0.053603836873492176,0.021893722505547712,0.0882120893456286,1.2697852493652566,2.954264183927822,6.058837792634478,19.123779699657504,38.64105629094347,245.22214494127087,0.01387015924919276,0.08601560596640859,0.19496318792905176,0.7062069478235873,0.26522028779301676,1.2604007101081158,0.29676776615948897,1.5776706629502717,0.1827443901328879,0.7392721482403019,11.126473981463851,0.2634261522994495,0.5588010790005181,4.6488928713923166,8.677752170774987,4.875266863983803,27.36770932922622,0.002319170488621116,0.02095577199608205,0.02977297522547246,0.17554699386894712,0.011705336100950457,0.06498785826234349,0.007621449764394279,0.07717460884792988,0.012841828009688002,0.05588503790938371,1.4125658323366903,2.575811917692547,5.059397329183588,9.802222908801156,37.17629226998515,240.16887551762085,0.017540999447169442,0.06355002575684557,0.22967278612639927,0.6637589945556605,0.2965396476017555,0.7101274103821676,0.33908060382928934,0.828409623380688,0.21339656443111193,0.6151672022118531,11.126473981463851
Train38.csv,0.07086170534687927,0.12705613871955193,3.4173993201918194,10.57200122295761,15.629076413283528,51.51573821547093,0.0,0.0,0.0,0.0,0.0,0.0,0.0,0.0,0.0,0.0,1.161947890592324,2.0202387487251374,5.325746677415406,11.283430204725876,24.799153976479204,78.84397187583251,0.0,0.0,0.0,0.0,0.0,0.0,0.0,0.0,0.0,0.0,0.0,0.051946869327958924,0.13523412897273823,4.3877507143352545,23.237415969454542,18.217747093920067,141.3330109945594,0.0,0.0,0.0,0.0,0.0,0.0,0.0,0.0,0.0,0.0,1.2310956213701825,1.939936494088933,5.091352102719036,9.12061247949202,31.451566058625083,194.35975883670983,0.0,0.0,0.0,0.0,0.0,0.0,0.0,0.0,0.0,0.0,0.0
Train39.csv,0.13594185323241453,0.21030490113314151,3.735499790464158,7.297061575154924,4.15948258890012,19.432784799365912,4.514108279571777e-05,0.0002037075682837902,0.000779254729637153,0.005547650793180276,0.00345088574197084,0.026132717258343752,0.0011537531880705786,0.005390862541513819,0.0005012118226301321,0.0036636227747285127,1.3261018793875525,2.7920902577882525,4.946646040316777,11.38450704476137,18.597797862914778,46.61702000881564,0.022591078194967525,0.1023978144142639,0.011466193633474474,0.052792051540837825,0.43282999143639733,1.6508810725198895,0.02066132021197651,0.0910802709146962,0.2917347820151492,1.2845483396435982,6.3198372214714675,0.13064221293985476,0.2271303099125461,3.6757692828234414,4.8139268926315495,3.719519860230495,14.430878500915332,6.261436480890947e-05,0.00020466173366391605,0.0013571133466484708,0.010779659915315692,0.003720328478291193,0.022747828152692086,0.0014086322566757114,0.01202606567056473,0.0007578279163442445,0.009626595077244584,1.4520379237195815,2.214968420485996,5.317916161933078,9.563640435496536,20.099599804430284,90.53667691893047,0.029604842428565724,0.10251013494022322,0.015038359057573166,0.053151580616380596,0.46222752164365705,1.3489541493865158,0.030385104126385457,0.1484441386700088,0.3184453449122616,0.9680101558875963,6.3198372214714675
Train4.csv,0.3838545943981956,0.8093109267512116,6.161904929386392,11.621891449173399,9.439806711178456,43.21152919708415,0.02738981490811576,0.2206348988926476,0.09031249624713447,0.4542495589018184,0.027335213631731983,0.25133949753013535,0.010335857620578762,0.03642182805174976,0.017123444816102538,0.10085470613373113,1.3430514604675532,3.0488185870200404,6.082606302208741,14.648576052055127,24.852277995350548,133.589385341071,0.013084618424747035,0.04337398954234634,0.4474719122383075,1.4421547361662828,0.0308449495755619,0.10366060250626297,0.41549768848998303,1.4240153219345058,0.08079765715408599,0.22518110482725903,12.75835683207855,0.4728718442769444,1.191041815630241,6.289436558638097,13.015614653409303,9.654765898498674,50.26581549931703,0.045763420613904635,0.35633846910432443,0.13601550138829951,0.694570234816878,0.04913551078251562,0.38040185273097227,0.013929967896103448,0.078990777139539,0.023186496403411777,0.12785955603158403,1.4537966569258653,2.549632954594369,5.412150510342293,8.401416699290074,17.184574723563777,36.719527971441394,0.020914563036873203,0.1276092949137285,0.47462347166018026,1.5043475274726577,0.041173593650728875,0.1621051729212986,0.4581689878184254,1.4596311884200845,0.09673772360322055,0.31484589000112867,12.75835683207855
Train40.csv,0.3310387043233086,1.1767673286274818,4.819321576696414,10.808531279234897,4.482757724685156,17.782339746774863,0.0676433692181492,0.9177294967880124,0.05034523369121881,0.6014800231207166,0.004565134220156323,0.02454286578963218,0.00956601224805367,0.03195770381375696,0.016837428487592468,0.046490740262283614,1.3587591466179063,2.835734015906955,5.205127889581604,14.790973179538184,26.37152424135157,291.4896966157962,0.017475522161420405,0.059536123206114296,0.06187928618318653,0.2218450609386193,0.5121483184647546,1.6308632944467012,0.3711877693057303,1.185817899360488,0.16190377632348343,0.410370017916557,10.7110856194892,0.2768777579875422,0.4634341818960172,5.036002358521029,10.679956346127417,4.169531269892497,12.990663214231132,0.010906049497587118,0.09366504813085737,0.02308118835118425,0.10371306595294738,0.0038679788153066367,0.015148525303744857,0.008459177856692833,0.018080633133459947,0.016410719856777226,0.043253918445829466,1.4575123650082364,2.7647727094859866,5.435779230098693,16.395440915172127,20.310813951873836,86.15904985020033,0.01684139825545825,0.043454107918183354,0.060306805262269336,0.1859634217667961,0.520700499464249,1.2274871424823228,0.4022387927409492,0.9979628470861761,0.16713925859682377,0.4723171575761686,10.7110856194892
Train41.csv,0.47013434153503686,1.308024131578546,5.727163093060984,13.317364086186949,8.87389622860066,54.681688563529306,0.1045190873344479,0.9724554335834902,0.09692607528153843,0.7779949087469938,0.030497303955004697,0.24825278924859995,0.034065848308407844,0.09930731003876195,0.056356842371185184,0.17224301719730936,1.3520773607522596,2.9897675651291404,5.972222063235507,11.15582783966561,19.32575378774996,42.6464853107412,0.02672053739160002,0.15331464172416104,0.4416856159913797,2.219673527626638,0.03967965505816123,0.13125220048335,0.42637945740128436,2.3579092205009213,0.0959659360487601,0.3344585449670578,16.437510895282596,0.4116960234271777,0.8320982194195173,6.032993726811446,11.95619728124207,6.890869873126925,24.315936216031744,0.06495012607965356,0.5669732199357496,0.035297768843999565,0.17042660486106112,0.01253008621942919,0.05772032266836796,0.03259252134480371,0.10619167170856458,0.04563258446903837,0.1535405868017216,1.5110982824619312,2.526195041024698,6.174395480859075,14.011862487104228,21.013196091766066,66.43338332988142,0.03313464999878611,0.16103392655671842,0.5502979915647885,1.7900902918347128,0.051423919264318205,0.11746295603619643,0.5330022735578744,1.8174607042952202,0.11135124688944951,0.24043343597554162,16.437510895282596
Train42.csv,0.21999540163939246,0.691650110548335,5.228399054515729,10.165312058895404,5.782280170965043,15.493052729860235,0.021923245029280943,0.360248357199256,0.030324468484019543,0.2945456009806544,0.003152479288687304,0.015942628298165586,0.0024949460372237875,0.011360168789217966,0.005914127999600758,0.02663073394658426,1.353691524470457,2.583471395792306,5.668156806647737,9.894601609947768,24.30752230441559,77.78974408429819,0.021097415294094174,0.14425033524330919,0.022406947013239274,0.1701659856628365,0.44869396798041905,1.469984616279372,0.30431157919200413,1.0134711666958423,0.1501672483333268,0.4173309891785006,9.197885158010116,0.19886418741571407,0.8459509823319777,5.957447313320114,12.048596565413071,7.40248015961431,27.183671429447173,0.005371290053574397,0.055494331087167226,0.04155618970462248,0.8182473819753581,0.0029719072925609128,0.014795986495335436,0.0026413670642915056,0.010954523643384164,0.0054922437179883215,0.021025115342151016,1.4762308817133105,2.7940901845728,5.807687572093496,10.74429585841225,24.455795376784657,77.76890668320576,0.01989484580458689,0.06137785335653945,0.021613607504395296,0.06455231894401556,0.45854402149536017,1.3089811372471365,0.32998969663176625,1.0039202867475345,0.15466833322132367,0.5003276058893465,9.197885158010116
Train43.csv,0.5630671967099491,1.629381462687211,5.967566040790378,10.677567495975413,7.228311601343643,19.24917783495235,0.14198441242068502,0.9396547451505979,0.23637607314021658,1.556613774991522,0.041754979936590414,0.29786777480265747,0.0316671792549226,0.24460023600973005,0.03619861911225716,0.21284013364539087,1.2559150989003516,2.3517463301730057,5.3737997425004265,12.401606443500036,21.115212808458246,182.91276782753596,0.021586250741562202,0.10081880637259705,0.4066031419064322,1.6799763931879728,0.03262806960758308,0.2243504629736425,0.36963524605996567,1.4690096400736237,0.08939054470548302,0.2654461245249204,12.966051013065874,0.5620336035826944,1.5806611002973607,5.376999288408948,12.850005412087421,6.417031613559416,35.20325256323117,0.2325803371248576,1.4022181505800058,0.14859242896341945,0.9437815828647755,0.03475237686190746,0.2777766707655152,0.03135229465632161,0.2035362578475062,0.03196059031604903,0.17645642842456927,1.4675832720266344,2.867691429715141,5.237562190150974,13.70989687437569,25.167145413738602,180.3747862741123,0.035493654044730746,0.2792100626874623,0.4933909146592347,1.339370647434174,0.05009714177319888,0.3569395608576794,0.4372783703786053,1.0860019426041505,0.12588025971743408,0.3617282324922251,12.966051013065874
Train44.csv,0.39120342431153404,1.3907173426111206,5.239894166524197,9.381832461954387,7.373417017705018,25.4189423478023,0.05304706904277271,0.5552882480915262,0.10150043942046989,0.7314924375270403,0.01728981887642851,0.19672418888351076,0.01786345744909272,0.1968730503828741,0.025829384554704765,0.12466520543104817,1.3117925189251638,2.674456734951682,5.888003809877281,12.673610136633508,23.304695756688965,156.22162714360954,0.04540934198532286,0.8747139818836566,0.4074554317733129,1.2445402368591953,0.027187873295895802,0.20618818571468897,0.355032330234334,0.9933562695118999,0.07364747437387847,0.22531192011040563,12.84736862393026,0.3746489378108614,1.4815287355937805,5.367346496707383,10.3092199542555,6.2615924100166644,15.520179849054884,0.07422713573007339,1.0486151875282492,0.08943024081983976,0.5564463434825367,0.018450099853009477,0.20428590990683873,0.017155987270089268,0.2358404532156933,0.028786075648948143,0.31485745628446615,1.3693936361732102,3.1921995407340473,5.785190607947011,14.964350026354312,22.596568434230008,80.76449773790166,0.026511765261219032,0.2630793173612862,0.4445896952645367,1.236326612157213,0.0323185891279932,0.27610504456544455,0.4006584925140292,1.1950342164334629,0.08892971309598872,0.37222448790405743,12.84736862393026
Train45.csv,0.37369258946384565,0.9872781766960104,5.871437557644164,10.586393275793732,6.771272863029395,20.11424114454525,0.10752039408634478,0.8708766874749286,0.018440182765814467,0.1058605795050393,0.004398389744233809,0.025655512273386867,0.011913732069604933,0.053202469005240074,0.03092908804961423,0.11425167216760244,1.3535064562879846,3.0897326129935254,4.937255546757205,12.454459474276328,18.200532588433507,59.315920242298155,0.01876699257998097,0.1068664216373028,0.4472818229331854,2.4244316428188895,0.2822438574442928,1.330606945391229,0.22178819988815898,1.3233823226722536,0.04460188835536173,0.23496574042518192,17.446311202935316,0.38986670990747985,1.0003139256422806,6.028806281239867,9.722085204533894,6.418016864923439,25.297730737027276,0.15217588503423363,0.8813217959609362,0.022503790383055673,0.15414759718985893,0.004944198220691882,0.02535003248792071,0.011429284384539853,0.03771000180165179,0.030039000499660393,0.1136285508776837,1.5159738698689558,2.905261625378101,5.273676297965699,9.849065048560082,19.95916990660026,80.04527926130277,0.031415253989919484,0.23534463579915932,0.5269360011492896,1.6369122595985217,0.35735913360696037,1.0456780649879824,0.2691812734132635,0.8480835665215153,0.06172893239654473,0.30934233477429596,17.446311202935316
Train46.csv,0.42093201894570037,1.1083548650705617,5.568005865026154,12.092014695320017,7.987359439607422,29.169133916122536,0.06014770860312389,0.6034204117638345,0.10298416198830491,0.5722914594312337,0.01903502233865873,0.11377013363074821,0.01837533896359392,0.1216690952859554,0.02130007252827974,0.07094484545574177,1.331633919866131,2.3992393097762066,5.440161980842117,8.782125450939171,17.189115630634042,54.4411410499374,0.020482043985700787,0.10333821896448939,0.4201990751187864,1.7380817982548957,0.029371740057770414,0.1754384704101204,0.3869025833527605,1.6411120844295846,0.07989115009005474,0.25290046890808415,12.84736862393026,0.40494746422250555,1.3737906534672266,5.6669199968174375,9.787609037224575,6.380118230588572,22.058304292621873,0.06639292922645894,0.7736484596105686,0.07556263443199163,0.35795012483158134,0.015332954124807233,0.107359975748565,0.013778343471140615,0.08628912379150797,0.019451814290521965,0.07546222439899818,1.4124582009689535,2.853611865499712,5.5344247110028775,8.95310502370725,20.49202987145882,58.33241613943391,0.01837574823254369,0.06968634372407208,0.5087502125538469,1.4013215679426994,0.036518709402784885,0.17833124874998507,0.4786636204911089,1.2080115587932707,0.10130155689375031,0.3483158870271104,12.84736862393026
Train47.csv,0.6939752215426158,1.1719955064484802,5.084793488633942,9.047724601742502,4.289817647038806,9.144883982871749,0.12412674769977766,0.49987188518569564,0.10299327633492808,0.4087480322822276,0.03466067232707592,0.07735404449943203,0.15841161718533353,0.4969029505592981,0.08026953486519783,0.4269438245833358,1.380373013982073,2.5698072464440633,5.598243391161486,11.176034903418325,18.392286414170933,72.75946669518527,0.04077632049206697,0.3804162234731685,0.4749144053254741,1.276986308556607,0.31726513439862797,0.8000227684223755,0.23913952168653885,0.6252289708004007,0.049280355278545206,0.21135662283231477,19.493582415524667,0.678634825367151,1.170371451631101,5.302054816862371,11.110220881581256,5.431512922243538,16.617924710393897,0.1341440579265429,0.5101973060512545,0.08492046911981302,0.41169580932867306,0.03808692966898382,0.13408356380811626,0.1665364268000186,0.5934696862892683,0.07091048188634469,0.40843854707447186,1.6668563679884738,3.3222185341235293,5.554839205834297,11.012425383518533,25.150537792316605,131.99101808533334,0.03524408023708969,0.1693757778943531,0.5600351167158899,1.3929185213904791,0.409430565578172,1.047597159292106,0.2660017690771085,0.646429192695062,0.05658414672626217,0.17566315504081656,19.493582415524667
Train48.csv,0.1052729272353747,0.2806993232722291,3.560925847862511,7.227210002059406,7.487815687300819,18.848377073461002,0.0,0.0,0.0,0.0,0.0,0.0,0.0,0.0,0.0,0.0,1.2453516314654105,3.063868927081221,5.843262826393018,17.551039389085993,40.110883057337304,335.81307693715837,0.0,0.0,0.0,0.0,0.0,0.0,0.0,0.0,0.0,0.0,0.059341194567807204,0.11192141047328782,0.8644103955422895,4.1813669252216155,8.427465028547775,9.514448256764783,43.41530584320347,0.0,0.0,0.0,0.0,0.0,0.0,0.0,0.0,0.0,0.0,1.3636761812616602,2.5816567217139887,5.688641252930598,25.297475578708582,44.437825670400144,466.7755528155342,0.0,0.0,0.0,0.0,0.0,0.0,0.0,0.0,0.0,0.0,0.059341194567807204
Train49.csv,0.07061842743483808,0.1288820301769113,3.310195640337152,10.028687427913425,15.860150349322867,49.3048473944792,0.0,0.0,0.0,0.0,0.0,0.0,0.0,0.0,0.0,0.0,1.3381007201945412,3.0633027377319877,4.923344417709739,11.640370882039951,18.755040439153,72.04641318570745,0.0,0.0,0.0,0.0,0.0,0.0,0.0,0.0,0.0,0.0,0.0,0.05431912326341322,0.134751305303108,4.312965012525471,10.713671025492687,14.797054574327648,36.14952028423986,0.0,0.0,0.0,0.0,0.0,0.0,0.0,0.0,0.0,0.0,1.491923335509657,2.804276768354193,4.813385285771256,9.804883080525592,18.193209919108035,68.54498599842773,0.0,0.0,0.0,0.0,0.0,0.0,0.0,0.0,0.0,0.0,0.0
Train5.csv,0.07115181601479528,0.12616963340256127,3.7038644295579606,8.797147896037158,17.58001715001889,55.543253807196585,0.0,0.0,0.0,0.0,0.0,0.0,0.0,0.0,0.0,0.0,1.3331840227179033,2.2894807114539444,5.665084644663552,12.773484706228198,23.98174070890328,89.2185957286133,0.0,0.0,0.0,0.0,0.0,0.0,0.0,0.0,0.0,0.0,0.0,0.05509809552619185,0.13511650735949152,4.451545577742192,8.742005578224965,14.374846206573924,31.256003614776986,0.0,0.0,0.0,0.0,0.0,0.0,0.0,0.0,0.0,0.0,1.449386149423659,2.8152391049665697,5.591254967360953,10.58616989817521,23.36057349338943,81.0065636255715,0.0,0.0,0.0,0.0,0.0,0.0,0.0,0.0,0.0,0.0,0.0
Train50.csv,0.08626426254607589,0.13437368924588391,3.7547077102652553,6.1773858383919205,6.655078821298673,20.997565358553732,6.000408469320138e-06,1.867834864577109e-05,1.3425966571809947e-05,4.299995819306435e-05,5.25229380581766e-05,0.0002405580117311455,0.0004933962843090252,0.0020975971948167136,0.0009291428951513617,0.00536093507278275,1.2244350124031327,2.983461087781825,5.471317903723744,12.185434811091193,20.208420022945354,59.339632325533536,0.06529991921759587,0.33908988343743923,0.031318309869453886,0.1075495822076482,0.010208215352866184,0.04371463627470971,0.008757983820849293,0.03683562543230161,0.4151876612094303,2.1794866465312994,1.869247628885927,0.07481426241286197,0.14926094736752138,4.825713094798393,7.274176000007444,8.449217472850743,27.374217927467733,8.383944228005433e-06,2.0532760185065713e-05,2.2361658326522607e-05,0.00010984403832631238,8.226175384166406e-05,0.0006287932213977603,0.0006435419964158852,0.005768106094632908,0.001030595032069796,0.004887422343230982,1.3958457164954858,2.5336282177844027,5.203425838757919,11.306438095596869,18.86809494982993,65.91439221679624,0.09850501265242415,0.286451451126161,0.04423507111574584,0.15383260348509553,0.014236060981804535,0.0447933452075688,0.01220412736240701,0.036011440165661296,0.5030773942442215,1.6627719796768525,1.869247628885927
Train51.csv,0.07315745586764241,0.12799856646673813,3.6430804945543414,10.057851109348166,13.734830102430688,55.989893140256115,6.243665352355004e-06,1.4766869133060654e-05,5.249091238378452e-06,1.3580361436858357e-05,9.754202799099898e-06,3.306592046932002e-05,1.802078361376724e-05,0.00014483423883443467,2.6315698963915156e-05,0.00030959728068318063,1.3563078330231613,2.414758276437165,5.315385109592447,7.88720729630806,21.626919821984313,105.5761344542333,0.06529084267216032,0.15947173803116668,0.02358771593104413,0.06595995229707931,0.01375058094840705,0.03439604863893105,0.009248557180624506,0.025581608693076113,0.007630863275294773,0.019400479951745153,1.2758356832078548,0.05794421657071863,0.1407219234873683,4.516063924076729,7.438285797611518,13.223950627684646,36.643273421388976,8.836748395217482e-06,2.140945701292669e-05,7.752081294895347e-06,2.2087117473591344e-05,1.2924972854123456e-05,3.259125897690698e-05,1.9703383645674857e-05,5.117725897299884e-05,2.0727567195175488e-05,0.00012038700729122075,1.5147150703647139,2.721810514647534,5.407766046476955,10.976642844094387,21.729072708231698,89.49568721113309,0.10841655538129803,0.31394791353586027,0.038298749207388974,0.1493955906093892,0.02174374870650202,0.06939265570114411,0.015123671216042725,0.046464353627126656,0.011410152371282421,0.0371000767154208,1.2758356832078548
Train52.csv,0.16849185081934548,0.34898839175831353,4.162863103753869,8.144214479000729,5.271556096293708,24.056587187398623,1.031634390007339e-05,2.7027023519595455e-05,1.5631007971025363e-05,4.2659359012940964e-05,0.00019025415516764436,0.0010873508690068243,0.0029021738779730025,0.016315778472467617,0.009102131286959476,0.03987383477018366,1.3291684214994774,2.2897145023005883,5.60586133749346,16.242719020528625,31.008642116568453,146.82865634916232,0.07129880712217412,0.237024868928346,0.02411310350651715,0.09175148411294402,0.014539796025732219,0.0437906096055763,0.009781306743246522,0.03360611532255194,0.007823799477991545,0.03112196946931534,1.3055062804917585,0.1661273034627234,0.3371547557922512,4.444537521194225,11.497441376528283,6.040444187564643,43.04352276495938,1.1486992642807561e-05,2.8317289276234328e-05,1.7079603485516683e-05,6.009417930034986e-05,0.00021529860676574908,0.0010354411908717078,0.0031597428133004063,0.017767381514830614,0.01230824110045577,0.06201343861102046,1.4141208374958758,2.326355767528286,5.769604037903349,14.548558268754997,30.56365697165416,134.9553452769004,0.09253994139706556,0.3243545118991965,0.029851316688222412,0.11308911625124592,0.018496960473516542,0.0640639221936207,0.012415197031668827,0.04133755754956871,0.009162784477734066,0.031057181199557776,1.3055062804917585
Train53.csv,0.5955390390902451,1.0601971859432424,5.9998625727614,11.95867932125386,8.382778589851,32.80486207507803,0.06633789072437975,0.36600435925778324,0.17448331697928385,0.36193295357047933,0.03370298457975582,0.17465679812744106,0.04836188629038443,0.22833317345412707,0.03208208123634482,0.09894344376765206,1.4974310527607806,2.852865305589555,5.541479701825402,11.08762612284729,15.31309994643057,55.977177882423334,0.03297878876309722,0.1814902338323205,0.5349124479154845,2.1156453050054433,0.03673515061207352,0.14916985781974762,0.5020888927170384,1.9170845841634232,0.10341645668325763,0.3178220717244912,14.123204307138115,0.7687620864073981,1.8925096560475014,5.2264541791146115,9.455542937217803,5.451955194075515,13.792513323210667,0.06182371991679342,0.22571237980250167,0.4552190736548182,2.565064142355171,0.11563981163201192,0.5599267368410666,0.06744104119428819,0.26015971448133585,0.042319613963008214,0.21258606121396267,1.712601273099784,2.7231737545333927,5.686358393516923,9.525122017746849,13.80439351011185,40.74442379683683,0.042623469602897146,0.1535456598575159,0.5937097063162234,1.6481978974408733,0.07545775748460543,0.2952622308476729,0.551936636551904,1.638265038391903,0.13833660075939477,0.38219168039670376,14.123204307138115
Train54.csv,0.31373492129359815,0.8137347302857322,7.149947143432325,12.588256129205167,10.162057714235829,24.665271505921076,0.0032871741654916637,0.01776162426492189,0.05267071389969205,0.4542782974534648,0.025355250624481622,0.19685625126935535,0.0038121968053628904,0.02627559126934298,0.013369193417047589,0.09049049601545825,1.2781707760685017,2.3579670513506663,5.732079879935418,12.286094046650511,32.51362443355197,139.08767856819912,0.01527064895008022,0.1230985910066869,0.04489827335677313,0.1741809081300794,0.4136524807853108,1.5693849812633167,0.28124582997740355,1.0860213247946373,0.1411813469303469,0.6003889456300484,10.384709049366261,0.32407010673882,1.208225141263625,6.480550274379178,11.833707988194925,8.691180951396689,40.37586146211209,0.012655733630775672,0.21309264874925235,0.058692935387533056,0.6225286205553376,0.01564538500701251,0.12590778478815925,0.0034048649600287185,0.017044219345637705,0.01754450734948038,0.1259423791842867,1.35902490077288,2.836904452860802,5.55482226203241,13.934717932458689,26.109018484989228,129.81985425405486,0.016239554692877405,0.10337848313811365,0.05226082777735669,0.20555997698596884,0.48629249144958964,1.3955554059375022,0.3251053085495263,0.9881499815362078,0.15368895200581595,0.4598838555587017,10.384709049366261
Train55.csv,0.07048101182416613,0.1286403919979132,3.230179684210019,6.849959444253666,16.653573477745674,56.896759486262034,0.0,0.0,0.0,0.0,0.0,0.0,0.0,0.0,0.0,0.0,1.293605936243039,3.0411405715313236,5.152678097396242,10.586110891520805,22.308364405396663,62.237485959296016,0.0,0.0,0.0,0.0,0.0,0.0,0.0,0.0,0.0,0.0,0.0,0.05437064677604039,0.12760044274118798,4.104112823471551,7.445911111645797,16.720995848446215,102.91816899614798,0.0,0.0,0.0,0.0,0.0,0.0,0.0,0.0,0.0,0.0,1.4683634156774077,2.5632598581906763,5.163576936853332,9.145655139274155,21.306369634241975,66.50936964698356,0.0,0.0,0.0,0.0,0.0,0.0,0.0,0.0,0.0,0.0,0.0
Train56.csv,0.3294710748323331,0.5374581886263904,6.162935894978652,12.18447656046945,9.009086653645625,43.92357449992774,0.014753608375676377,0.05368291374339208,0.03975799958991323,0.19601912903277838,0.008757540148656692,0.08414015016535142,0.011129566267688533,0.04844460016165152,0.0319083821056445,0.11069125486081707,1.2072220952707644,2.296628968043505,5.287044832459544,10.966150047895415,20.122659246874417,61.990190843212154,0.012107019407767754,0.04815498905593242,0.39782123266005354,1.6499487579012901,0.010516903432437608,0.038314264475661296,0.35177323597263865,1.441890649547761,0.0691019389220962,0.2519763887890472,13.856168931582982,0.2899128814918416,0.80254525140236,5.601131893040851,10.34217528196982,6.051116419375602,20.454454355993118,0.010776149350896106,0.09525084021007513,0.042326396375727805,0.5502345711382789,0.006333115970692981,0.03199076417692097,0.009126378377234134,0.057724824182070665,0.026080278092348985,0.1605391255614032,1.3303434795250653,2.753526171705872,4.834377670973871,9.899715177726197,16.663766218150137,46.931276978161364,0.0167575988896701,0.07008528772943962,0.4710856021489752,1.5886637766760539,0.021852796487729094,0.11579034288590094,0.43424967131405545,1.3501208953202346,0.08591494005134025,0.3113281142305478,13.856168931582982
Train57.csv,0.2417859701926307,0.7091628866640322,5.039898355247601,12.55957503295002,7.088176091563607,33.27520862002403,0.0005093649136393152,0.005947442806824919,0.006431256080785576,0.08507308712531979,0.02637056600066833,0.08203729821146323,0.013456629873557197,0.09939949571243063,0.008628824866073241,0.07768043777043994,1.2819793378452684,3.002617625327384,5.684886521907554,13.008992154869972,29.454807155245234,168.60104400904524,0.012894098128111878,0.06869317943073949,0.010250657488246034,0.04975202796553328,0.1942664812650454,0.9530012750169758,0.27182149456666593,1.4178631271235993,0.2971899750922586,1.7015369563732166,5.607742886657781,0.2656500827054018,0.520538443689311,4.762430275570216,8.913136199795295,5.5883129351648915,21.75990573972393,0.00022628822264613831,0.0005764410951285038,0.004136074714318406,0.020094695447859516,0.040241127322021196,0.22747551200788993,0.016108130113708912,0.08431823715263086,0.009938795810169484,0.051712035402541295,1.4248869358467535,2.6390069625955257,5.442452704269272,11.330658636796239,30.435530090102105,203.2728484297435,0.019729064167566604,0.05111356045160351,0.015514357044753117,0.041313667182780164,0.25416780382982235,0.7481625138536512,0.3410706297435524,1.0944240329304695,0.3895170167062638,1.3832537688968696,5.607742886657781
Train58.csv,0.21808049681318525,0.4340991605762414,5.03236387044169,10.263936931680528,6.4582294563000495,29.802680569453226,0.005179231050456118,0.07823977806509089,0.022946615595937095,0.1551509118213379,0.004071935972428482,0.01940859017970972,0.002869202422171236,0.011836801573217075,0.008556102465921497,0.03879917798925429,1.2771461115087996,2.9797261464133706,5.197661818418764,9.717579945701537,18.389712394004512,44.63268290608446,0.013508061757526309,0.06477960250446392,0.01665641448163836,0.07318595020627044,0.4662642892411486,2.311892542103581,0.31684710636503755,1.5663435847696667,0.15007145346316467,0.650625349450347,9.405579338997441,0.23692594409474232,0.8950450704190892,4.745255796206485,8.442490390398973,5.097201686748147,14.923350533375187,0.014493639393194377,0.22254429851600485,0.06982116170129098,0.6187597243051088,0.005463334591257561,0.04788949802402435,0.0031821239616729767,0.015073522017789135,0.005996208446272548,0.016661888560148885,1.4588241234894879,2.71910557942822,5.174333434392983,9.311068683366733,21.251260278206992,107.29072660335662,0.022919528962103756,0.1399192879061355,0.027551180130526605,0.17334122317586892,0.5620762833296186,1.6422388127949978,0.4192432230256918,1.3183209710036279,0.18701841176340425,0.6047451750141083,9.405579338997441
Train59.csv,0.2372278547964442,0.5887225022343462,5.95236905082148,13.605343683785122,12.429334600697388,69.08439757649796,0.0014076344436455132,0.0199398681502868,0.008514530228375103,0.05437296869070412,0.027761554753130205,0.3689993563582612,0.011465661732781119,0.04344467800925874,0.004417818423928953,0.022256736566994183,1.3233448237280492,2.3087607418537415,5.486798654379654,12.367255250564591,29.096291907395393,131.27042261959608,0.015166327190216749,0.05468106937198385,0.011916021072648967,0.04001981695925827,0.02041865992089109,0.0807865517427148,0.44684176169305156,1.2788206556022519,0.021158804422510554,0.07981597473986941,5.162683927399227,0.22681982130209705,0.44821863382658855,6.683938993871397,14.847117249576046,14.31126014307852,78.78093276396375,0.0006823932528505297,0.003073393594372828,0.008818275617289251,0.04894933372808487,0.01943491075813019,0.16246624604251872,0.01174746319375059,0.10212053389902818,0.0040489718023546065,0.03235257491926661,1.4092867788283172,2.2565328575261363,6.0114852739273825,15.111480286048156,33.40850375307773,168.00597775656337,0.018917988880845723,0.07512993674925916,0.012940499667993769,0.049682343580671404,0.023404985184830134,0.07063354514649696,0.4715144713039342,1.3148200078447116,0.0325721673499806,0.11850555814414604,5.162683927399227
Train6.csv,0.29870172905306847,0.515921088661813,5.4815407493895645,12.324902816438826,8.012201367288487,39.01866722167199,0.0005070378182160022,0.002057560716777908,0.004622060261445668,0.027085041879453358,0.04789538346883973,0.1765117491952847,0.023320916097397865,0.09542997351184966,0.009432684871890399,0.0575647273534973,1.2720498169812338,3.4058629984135806,5.142690272773333,8.749898379778049,21.391736031677034,53.070290237924674,0.01502322206447202,0.13051855526662826,0.010987825631385425,0.09568702117423504,0.03818116169771997,0.2952596845426649,0.3850426766721564,1.9562235955448248,0.09168128773370508,0.5766675418725635,5.459389900238262,0.33417407130196725,0.811859694682419,5.28702426065515,12.18190213360627,7.524077607859725,37.9000075738037,0.0006533038407893055,0.005793988534466156,0.00759430587370633,0.0706249353960951,0.06571955427009633,0.44323726962560694,0.029868934370176153,0.09373157473938887,0.014013447924918246,0.08141640472969625,1.4387560091802043,2.6160276575881225,5.741177789925012,11.038151597738342,29.393653416366153,98.89091301633881,0.019755471554923923,0.08197504638749922,0.015618303599063714,0.0751583044904537,0.052304148032432635,0.20921618674625786,0.47453712078186333,1.781755205464311,0.1319976540257834,0.5881171681159504,5.459389900238262
Train60.csv,0.2773423969304507,0.7156405984436232,5.683790493242254,11.941011265835495,7.8257909697477555,26.30004382449045,0.004286660556427225,0.036903138179037766,0.04143512244451475,0.23872764162901075,0.024121630239067066,0.15201796670294526,0.004677861042024105,0.05061917021844664,0.0072039669950030236,0.055085272914835046,1.3126004866916392,2.7028053789312927,5.628384503524863,14.39902799370695,29.807430931130078,319.13603036466253,0.02274319348794091,0.13858803552713367,0.02611689352195698,0.14454975018708854,0.42300151590357915,1.1349795326223908,0.28973025977883826,0.8284904902846486,0.1513258945801816,0.4215452489348133,9.55393232541696,0.3676100157249593,1.532731293404381,6.051502185386053,12.092922176109113,8.527139955011204,27.003988371149454,0.02738409232313727,0.36662962701127305,0.13349958831348543,1.196725930168706,0.05931967067683494,0.5750376708260482,0.013187356742346262,0.1685421205456456,0.014147246400312268,0.09782384865375895,1.5020355747913883,2.3932599151152503,5.454093982114774,11.225141472968817,28.70971050244993,187.88165649433643,0.03869018099301881,0.30038734827453806,0.042590542976602266,0.38520148823176936,0.4837416487049361,1.4497123947781771,0.35993578174013424,1.0666093442702675,0.16484467127376407,0.47859218759013344,9.55393232541696
Train61.csv,0.20183549499640618,0.5699347329209016,4.813372901537411,11.546015956298072,7.030296495716044,34.22053568097001,0.00041557435917689633,0.006832617778932463,0.012482693753163361,0.12124992447922765,0.016989152331559603,0.1608532839118179,0.0028235595669731978,0.009200631441942726,0.0014481689013539289,0.01290317231727046,1.2141212121556286,2.9306772442133227,5.231076148716188,9.980213271605214,20.78310227077384,62.97906673789034,0.00989554747590393,0.046708505951404355,0.008577327387899573,0.044342259398782426,0.40054623546478874,2.208296453619453,0.01827387895469719,0.13031488347513365,0.35402091204157626,2.147102684528218,7.684684696531033,0.1941011518783991,0.8594463058712972,4.884599060779265,10.059546814337864,6.0473395051721415,26.63883177364097,0.00037209395010305124,0.003818030643935657,0.02707724260903696,0.5871497131230868,0.012707760879403618,0.23416433178915164,0.0027666500516210935,0.012693369403211458,0.0013692245969524498,0.0065277872501785525,1.3156237449578454,2.4809322855210247,5.02550144411968,9.954656765693123,20.63431009609185,57.02534889612793,0.014543428658084556,0.06667026104281669,0.015458011158193983,0.1384343451124224,0.4736707331330362,1.8097386769306163,0.027244502809644255,0.1348451656441564,0.4138540846365578,1.7297197719267072,7.684684696531033
Train62.csv,0.464615832550171,1.7899372552618258,5.0207356877212455,9.963565769839144,5.447754518467461,16.123760451946843,0.016216596574281303,0.09871622299833148,0.24465536331577664,3.124689710913497,0.030531111411066857,0.24491064940366483,0.018410687743694157,0.08293673201953407,0.03897999204227383,0.21301617407054926,1.3348398560197379,2.5289577418786835,5.880308332339181,9.364947696665364,30.109135461511396,185.03903869992558,0.013366083352808802,0.03724063817061757,0.4220393163007272,1.6327259797272415,0.020077815897708816,0.09358132876345791,0.3732044873457958,1.4150037553767547,0.08144968059378281,0.26981757085970304,13.26275698590491,0.4222054357305497,1.2613243218745893,5.755613663128046,12.481147427409375,7.411065863166539,24.714790603346053,0.06422773720388034,0.7418276541866128,0.11061975242630495,0.7308042120292464,0.02665500919400437,0.13513423832986862,0.018359716007169676,0.0963627962005101,0.030512051099907025,0.10490534356823814,1.4860804308518585,2.8311919974813033,5.973429601933624,12.04883099880337,27.42183908210623,168.48951770215706,0.022692357389979358,0.19506862104470882,0.4988306350966515,1.3095799440836788,0.03486360443326031,0.31168803779674015,0.4597934618949248,1.3114598689594794,0.10695787490187289,0.3798946452925749,13.26275698590491
Train63.csv,0.3028968558880309,0.7773026594487018,4.814869970428646,10.41746480173767,5.377138461941467,25.321619516907653,0.0012663027035413952,0.007336648132322388,0.05284998201672257,0.417875579801471,0.013976066625212499,0.13114090212856486,0.006432475464455691,0.048098597947111084,0.01584512861607197,0.09218007437790084,1.2081754228784318,2.3021807049459024,5.294794678576896,11.363035654948499,22.841652097420756,89.9345321788769,0.010339765307208848,0.04282436614475083,0.036423324446762356,0.16480240279184985,0.35385089274961073,1.5544770174098674,0.24164153379942863,0.9970117004495094,0.12443217273387744,0.5734743685253542,10.740756216773104,0.26816845971427433,0.5407791860475477,4.693636344585352,8.921306431165007,5.132905546176664,27.092644070089328,0.001173899135599171,0.006758195108968277,0.02815830958630438,0.12172459901820025,0.011134426595092341,0.0766418077056508,0.004641009113892699,0.02917670455396558,0.012205312226153153,0.09572600765636786,1.3985988416167894,3.0026070447821387,5.307952744663542,11.303758176439581,21.605679430409314,82.72200747408426,0.020226439827956556,0.25188682741787105,0.051689216091525096,0.3737963784066124,0.4432062731579272,1.4354224189980584,0.33126256832393586,1.0009551990790766,0.14785550311782447,0.41766796572502507,10.740756216773104
Train64.csv,0.09615029617571362,0.16526494566294603,4.823225199397086,12.594945942270815,10.221743204510231,42.92985251532671,5.772152538908142e-06,1.551319074784677e-05,3.906173807383719e-05,0.0002039732804520957,0.00015511134107625262,0.0008194450519932807,0.002362981632769395,0.018847117216301907,0.0008041528925860457,0.005538548341436149,1.2791189612890002,2.2130804190930053,5.295935244656662,8.668134668183647,26.790675862796583,202.7521772134956,0.023305885727215113,0.10602175279133505,0.012549128542606876,0.04867620908733445,0.008505635143389879,0.034374793603921996,0.033744109114365706,0.13541529564320626,0.3812968267101276,1.367597289543522,2.7000243528352277,0.08606032664686883,0.15736496798390304,5.208253551300368,8.234672473161432,8.442871803995859,29.205639435235753,7.300984707067483e-06,2.0508345579148594e-05,5.106077657739949e-05,0.0004385227616882474,0.0002326202543233411,0.0015761720024547257,0.0022621701540345464,0.011240510855783457,0.0008805605424482027,0.00441093912423893,1.4140834603091403,2.2625862526654608,5.055848523738079,11.796837215228724,33.33574175587626,208.14001354238593,0.02937987582727017,0.14018293865724282,0.016417653873010127,0.06633167825936472,0.011016349655266086,0.046113010729126505,0.04175135861970226,0.1637690537609253,0.4486799662662717,1.169983359440429,2.7000243528352277
Train65.csv,0.304472669303938,0.6550003824524091,5.15617586276726,11.345189012305287,5.958630710122344,18.40473942258822,0.018393188371202053,0.1346052013553427,0.047214281373112954,0.20095186028967132,0.005815507347424916,0.028054164902922684,0.011190162860381131,0.04301652365412836,0.014219166647510965,0.06736449451200759,1.3681673212640972,2.946654489606316,5.708968854765313,16.948396228006548,21.99488071740773,99.08001362211263,0.010882716262159423,0.03462276007633158,0.5227719341808533,2.252218359577586,0.01490704317856907,0.05621469963854278,0.4834007492635649,2.2276694102356207,0.09075516415564691,0.3157891778096535,12.877039221214163,0.30717124124762757,0.8598911296054249,5.05191836747259,10.15015394769219,6.215201576380704,24.33097107035583,0.011407014212293422,0.07465226016667671,0.07577794440920167,0.5229105616670398,0.009212353142766918,0.04296256923163924,0.014674441061935072,0.08639509406448109,0.017949674672472573,0.11017208407634621,1.5418502669706007,2.5556811870370013,5.652927160293059,10.571371799877832,24.408049397545877,147.51651251670935,0.013566013602753021,0.04714062798029698,0.5872432045368174,1.901424395613101,0.022268878121653055,0.07531361474389094,0.5339891256333632,1.7683764624584375,0.09863376901380684,0.3242123158883326,12.877039221214163
Train66.csv,0.3407702632483024,0.5733145646994098,6.196002813175053,11.269337347456444,8.547390041375259,33.46560549787435,0.017024646693519822,0.10662507957596595,0.067765447952354,0.1952564671968943,0.013824706588559738,0.09834341194398326,0.009463613820422963,0.025619251701940588,0.011647194703307698,0.042268067462894,1.3543448147330865,2.9883572188550582,5.418944754485585,10.702193359560896,19.998131811990667,63.683087438895534,0.011567785226921002,0.05290087356808737,0.5150350826543921,2.364950039012585,0.01966131038053337,0.07141031161767375,0.47094773710627835,2.0943592602718013,0.0956736052875521,0.31853364905705234,12.93638041578197,0.4450454152543547,1.1735037674459405,6.092832016512309,11.245500369061284,10.047992472039017,35.48542669011883,0.05006250549574413,0.5007984081049188,0.14914299201439382,0.7949276497282269,0.029730500466448248,0.2241212858482004,0.010683590948804434,0.04556074189155019,0.014535244302756715,0.07205897758910423,1.5452468444144603,2.833323169554451,5.705755004607625,17.262690716949262,23.1851214752271,144.91551951387197,0.02364268755092137,0.19797452500072266,0.6014872445846016,1.2708524697091865,0.04412618780385021,0.19505496196344332,0.5591943365278021,1.1435735931441666,0.12749802998290719,0.39035121520180427,12.93638041578197
Train67.csv,0.2316675729442937,0.7968221908723283,5.1287802905635305,9.78958564085747,5.9677377194313,21.954465408104966,0.00533934714923214,0.035109798065295315,0.04751293277488126,0.6504736804824266,0.00392063814124996,0.01946501713960314,0.002956475645526611,0.008208623517307953,0.00861275016242053,0.04096752299767534,1.353904074153831,2.875692714291045,5.083076469762423,13.726309697671743,32.506638957190674,367.30664694775555,0.016503839219220974,0.07263412769743213,0.018841950607538745,0.09342524559134438,0.554868259776226,1.9747752692333913,0.3716878970518182,1.3434030474497474,0.16976070983823938,0.5060939699774463,9.375908741713538,0.21878639589935076,0.7445473848337828,5.604432210954074,10.667823021144027,5.542988024897367,12.016373794270004,0.02272219570144409,0.41603911030660445,0.032297845501520595,0.4079253301006755,0.0037907826084081866,0.015549653660279517,0.0034772301985506087,0.012720596131081938,0.006454215077974021,0.0221202649787375,1.4404248856726087,2.7583240191344656,4.698843180575324,7.256679455713946,14.035203902741774,48.43680755564451,0.020960480586498437,0.1086593224671394,0.023162522349631582,0.11667134846153736,0.6074249347672598,1.3026723877043664,0.4399613712260435,0.9376577786897187,0.19733321403265064,0.45493400964926456,9.375908741713538
Train68.csv,0.4854041551958076,0.9711113882879763,6.222552439425812,10.309843160813697,9.88087018273596,32.28008894398682,0.0069581537904224305,0.03564062265004752,0.19273892551010718,0.7528769861559339,0.03378128766765856,0.1443961866463942,0.014399350432442212,0.061228743354421925,0.014178086841235366,0.04478487820167197,1.4759975312708544,3.3042018479418087,5.906605582695149,10.462220080991283,18.133639283094208,59.868912202137786,0.021465622231375693,0.10951586695340886,0.043786095778846804,0.38138446879708315,0.4653301816784991,1.3884697825432812,0.3374850333066816,0.9606694408853994,0.1665415852207875,0.47732542531344024,9.909979492823803,0.4614814151235245,0.9028230525344499,6.563880881128741,14.545112972694183,10.198535369468157,42.17572727093701,0.017818039054710848,0.24792332972155026,0.15269393796129532,0.6230070798741736,0.03460101423639286,0.09934837817077556,0.012816987274151585,0.0405041258818002,0.014386481437053896,0.052605509110951555,1.5216827239652704,2.6249888425544494,5.855629764976075,10.49477555593025,18.130930917692105,46.98838368593259,0.021987533618043585,0.06178841857307917,0.03756742635917674,0.09732887167122978,0.503917912957008,1.2122165456249883,0.3946225537835814,1.0380894173611468,0.16375499728667348,0.39896843758089917,9.909979492823803
Train69.csv,0.07069907541392711,0.12616963340256127,3.4073609637386815,10.801154131915263,15.946995584128995,55.687358499717405,0.0,0.0,0.0,0.0,0.0,0.0,0.0,0.0,0.0,0.0,1.1810583613259689,2.03870135795996,5.568076665844859,12.348494228616822,25.070868290114348,97.48187931867216,0.0,0.0,0.0,0.0,0.0,0.0,0.0,0.0,0.0,0.0,0.0890117918517108,0.053427187650852276,0.13558676624621802,4.062907098988053,10.146648137274067,13.257746695812711,29.992334393002842,0.0,0.0,0.0,0.0,0.0,0.0,0.0,0.0,0.0,0.0,1.3131843136338108,2.1270033495028784,5.159664076264084,8.57099593322644,22.89688980083278,90.3210636590223,0.0,0.0,0.0,0.0,0.0,0.0,0.0,0.0,0.0,0.0,0.0890117918517108
Train7.csv,0.4521344143392017,1.2973584916927667,6.904069314327732,16.17667323206259,12.197528113681454,52.0068138235658,0.11971556050060066,1.03316960731284,0.03915154451819446,0.44787515648673826,0.006840701918705643,0.05117139057220202,0.044192536396684995,0.3120762566436349,0.05669975982235069,0.20768443972772116,1.2984913227381043,2.8438955049703187,5.913187737043726,10.892349621161104,20.774069345311453,45.4094405480287,0.021465493807749234,0.1347478905014244,0.41323786895633896,2.129100889886348,0.2788088523107039,1.3225897797961337,0.1920840180234491,0.9825770129969481,0.03786260904412428,0.2546988165627799,18.1287349404651,0.46283550366804954,1.2483790676397881,6.805914764335571,13.4781074953177,11.20733645345776,68.30137360129491,0.10918532416743654,1.2148684460725983,0.041180588935692805,0.4168901908551192,0.007206006555150482,0.0480045220095994,0.03694955662053233,0.18828641596238727,0.06245897649868054,0.2035751333515923,1.4390367181063786,2.456320179113849,5.897388065071443,11.191633162789664,21.58451691589283,72.31050571967245,0.023868365566716072,0.13706355980576285,0.44415331902429034,1.819354100277595,0.3199856955583991,1.2500867093357144,0.2099507869300241,0.7262732669875377,0.036709248634903664,0.16356803365838685,18.1287349404651
Train70.csv,0.2169958628814151,0.6612429956667318,5.7027528737129165,12.046588918345222,8.8247486596144,43.16268626763476,0.001045025629343355,0.006118329832616279,0.007669144834762259,0.05581132676171376,0.027324540111813164,0.46372764535551897,0.01606814414204925,0.07752619308140334,0.005226616481945393,0.031643002272376326,1.1739115499006816,2.9912454949953595,6.393938632093194,20.232637329580054,65.48674499111299,428.4058810458385,0.013271461013764904,0.06844222495761171,0.008543084718926886,0.04287833598028046,0.01701735303491007,0.07380829387953913,0.36761822751836415,2.285736561912881,0.012077543723390004,0.051501836077310736,4.895648551844094,0.210219320523922,0.34708900465726195,6.5956830066701695,16.807118360408396,11.546658711404147,80.7659649921574,0.0019617055440003866,0.020420596915574993,0.009095317106500644,0.032440323636457984,0.01031376521884713,0.06457546439996131,0.013514379889380585,0.0592998604128898,0.005341607417894818,0.02678686027177658,1.2823573869239042,2.559700174832367,6.245699307011122,16.618352962579188,58.67548550844762,407.49935925598186,0.01697177945201121,0.06252743626971924,0.0126562929178941,0.038857962207982655,0.02217239298720013,0.07099346708720251,0.4260957138637025,1.83961503605392,0.022173739642317985,0.11620580637739238,4.895648551844094
Train71.csv,0.26256764382049025,0.45235617954919755,4.891825642222951,9.345139230585236,6.799039480978729,28.998539558414404,0.00029979152717466573,0.0014137281671146459,0.002779770699809655,0.00941831673318839,0.03473586889668499,0.11517058609065915,0.018712062925842612,0.10269174210769803,0.007119725410261454,0.03836798706362258,1.4784811775231783,3.4652000897710695,5.419788071294876,11.092155681786261,16.953106284172357,52.85510311202034,0.02257320352623335,0.14390425886965558,0.016873290180162308,0.1325572543343893,0.05895857045094795,0.3661829929200525,0.5248462175572104,1.5427799462489569,0.1412535042242667,0.5576362331256819,5.400048705670455,0.2917365854683229,0.5640790683289046,5.172640331086045,11.31805397896353,7.14718787718905,38.556892195914486,0.0007114122252094619,0.008230379343259304,0.005917875615081453,0.06383402307002045,0.040872211767853384,0.20913122372028428,0.02340327570695327,0.12106872716374543,0.009722609091618734,0.06045060700791932,1.6214664463957775,2.789750743545213,5.330509333135641,8.748608211884232,17.063054690418582,52.86465115341496,0.026815853023943934,0.06394977393320771,0.019871697652063817,0.04680301851316448,0.0698621833897031,0.16077547974999573,0.6146379680467536,1.2063861713684116,0.1764408898017821,0.437409665012292,5.400048705670455
Train72.csv,0.6904976607405457,1.3219181432514753,5.274193626120436,8.447574334391573,5.2443447646134365,15.55076047268018,0.0897775910520666,0.20421653616700905,0.14542101173297772,0.9091440266197877,0.05466840011267893,0.32596053193184366,0.1281111412469122,0.4312570399023571,0.06997149183427243,0.2228837220062549,1.3451979518865331,3.37288549641294,6.089352223651038,13.425317509262737,25.25045122296383,111.1052667214147,0.018712149433089173,0.06370804356275665,0.474757929886185,2.1239068537073575,0.3109916524196942,1.2823344283425278,0.209956003182662,0.8799181845232148,0.03986226675535548,0.15650154928223628,18.158405537749005,0.8729958348972832,1.660029844071798,4.894405291046973,8.261818407018724,4.956388081152676,14.178038159155125,0.3726156504216899,2.348451829636027,0.2216047857009144,0.7381011978113743,0.05327087212974876,0.23825092078264834,0.13355991866777833,0.39849263282103,0.07309471756770258,0.1814569538251119,1.7815118121969105,6.04295321131498,6.205149695098873,12.203227510940406,21.193933389333477,101.61693832737345,0.10507473748340662,1.3344039944956305,0.4730739333416833,1.8289622856323358,0.3702340995816086,1.982216515917494,0.2867410982981977,1.4869921562371289,0.11115257012044241,1.2761824614618709,18.158405537749005
Train73.csv,0.22947933085085492,0.5812756542984231,5.465207481509115,11.523107075483995,6.615727730465979,21.641431553872838,0.006787636167473493,0.06860772985572514,0.0335957050717194,0.26008972398062563,0.003935235114195378,0.019784658308542345,0.003116199654059986,0.00907808969772705,0.008497050241446882,0.026755838492158845,1.1635629112742314,2.333899077448946,5.873257636390427,14.415585587628135,51.14507023014195,727.2630951728542,0.010734740830067136,0.04128062640860326,0.014272121374317246,0.0666943110879587,0.3267338751610922,1.0023288728343873,0.22499583845305765,0.6154170684751417,0.11042433837227303,0.3074238201998217,9.286896949861827,0.2322672682579767,1.025736447101808,5.349288544642009,10.754827416460333,5.7844319767242425,21.129915653090762,0.022560402055521043,0.48962726669026035,0.06302887520530784,0.8772215048452014,0.005205115934457645,0.04542843267249342,0.003638079085989528,0.02777511358741587,0.00646087976718901,0.03242090288959059,1.3134697689000692,2.1449077810679977,4.840021742717006,8.514198577739883,22.151253156903294,77.25448651510945,0.014105896206717561,0.057094360443851244,0.018590874553528508,0.12167063859048867,0.38434637640623215,1.1919814300314346,0.29181019415191295,1.0747416528187552,0.12333764461081805,0.29847061073994197,9.286896949861827
Train74.csv,0.48051858756643795,1.403186194395933,6.768157852684059,13.22175802122562,11.288684529813647,41.74258668041226,0.055724097086598104,0.4582402489604259,0.1439065916940132,1.1059549977762229,0.03380752516461004,0.23986793938251216,0.015161271462849023,0.12674692547174884,0.028237616427880183,0.12633537667133196,1.4104814932846614,3.0161268478812224,6.418003965942481,17.734871132320006,26.726347296072205,91.4554707484138,0.0207691073328869,0.12042411508949018,0.4592331080502207,2.356817063116373,0.032119522970895424,0.17501138606755995,0.43185613781704685,2.298395269587603,0.08353773412689774,0.3020432229467263,12.402309664671705,0.5152976363087556,1.376579298854344,7.534131103056281,16.54885956109636,14.126802729248427,54.878830501227235,0.06497327054276036,0.3234782174106925,0.17148443001956967,0.8958486300969566,0.043807345636746486,0.3202011905844517,0.01480556494934223,0.07284027185374806,0.029266352262590493,0.0961614065554262,1.5845509624555645,2.684909020708161,6.330038284428348,13.446419722252655,23.414212592798734,94.17555376360646,0.02374674452888101,0.11928122335002234,0.5512156138144101,1.8353419919538136,0.05327618081146654,0.2234771771086107,0.5263426145952872,1.736453385419138,0.11178068533562852,0.29600963986323664,12.402309664671705
Train75.csv,0.07152493710646399,0.12855394945654353,3.4839302936774725,9.454734623601082,13.46555187019975,20.813372926221593,0.0,0.0,0.0,0.0,0.0,0.0,0.0,0.0,0.0,0.0,1.3445874906218462,3.0136513477548497,5.077856109921683,9.896086871310633,18.853954497826667,96.99044480534207,0.0,0.0,0.0,0.0,0.0,0.0,0.0,0.0,0.0,0.0,0.0,0.05582100474266967,0.1347985158395706,4.550087088463038,7.842575267432556,16.224126210533733,33.89877655199965,0.0,0.0,0.0,0.0,0.0,0.0,0.0,0.0,0.0,0.0,1.5167626339750153,2.7877358291921945,4.929748464274995,9.651450442403613,22.339494172083995,134.51955039044168,0.0,0.0,0.0,0.0,0.0,0.0,0.0,0.0,0.0,0.0,0.0
Train76.csv,0.24895478081683164,0.4815805334270642,5.098976292126368,10.67514849099334,6.671324169109559,29.621766534511522,0.0003957151276247884,0.0021303062516333355,0.005738025275905556,0.02949077543055404,0.03370453024754788,0.1809369324356031,0.017029083376125884,0.1594871734363979,0.007358005019929034,0.056939658450447496,1.3832481678639632,2.986734109430436,5.453018157634135,15.06019956498165,20.426563875244007,138.44408902270598,0.018817647684207663,0.10080834562038593,0.015224768110604412,0.08022929191775037,0.23259526592131255,0.9723684243528866,0.31402843349550685,1.3575521610779528,0.3472020490208056,1.661317669969874,5.6374134839416845,0.28954408176568824,0.5862731099606469,4.994473850867052,9.174676046946036,6.471986966729146,33.62952197114477,0.0005283521163807942,0.0035995976751269903,0.005536900729900241,0.02478208906097056,0.04367584214574723,0.21140460111621262,0.023472151608351845,0.1912269872048966,0.011413471591958593,0.05198265195579336,1.544184955000119,2.7543297489353877,5.654727375668246,14.28489411741956,20.50970216633477,91.32111486991506,0.02601236453757462,0.05535682452288518,0.021269757586312797,0.05397705417683503,0.2918952408581105,0.6188922593385038,0.3880602819473803,0.7660511801971095,0.4323799702015654,0.8940990446820182,5.6374134839416845
Train77.csv,0.1360159757468703,0.2858478572388148,5.629361669223806,13.329911011727424,11.133656206899055,59.09373320780758,2.446439524718668e-05,0.0001143253705541122,0.0004156634503725688,0.0044905238678207785,0.004605502625740474,0.028273965293652333,0.0033894952672828375,0.016825534228680515,0.000562307789631139,0.0025410691361296414,1.1937415922080108,2.922021370041809,4.941516273115383,7.8781461243742195,30.74830859645295,287.2409558611441,0.03607509776709032,0.26848672173,0.013187384553271755,0.09208260738980265,0.01143011222033403,0.07541794022373957,0.448834796651321,2.278177245822275,0.00829204586389556,0.0344732853795896,4.420918995301637,0.1184535456954075,0.27477523005978033,5.34735500239133,10.30671960272351,7.096348508476304,22.577210299435126,2.7644683389935612e-05,0.0001593199230306827,0.00031870747171124883,0.0036012904873368797,0.0046503393494477805,0.047804984070056664,0.0035950268526222682,0.02624557412671615,0.00047993161771155786,0.0023320328171064697,1.3940502106612036,2.5067951331330356,4.617180006921676,8.095002281233379,34.28784227881203,557.6105664348685,0.052462528541594354,0.2116694128319858,0.019160325175679,0.07174675731258796,0.016110757162517676,0.05805843635602034,0.5614918330222838,1.8899071384511366,0.022204856751005333,0.10697070745633257,4.420918995301637
Train78.csv,0.06975853620863981,0.12767679392351902,3.2048000486992283,9.567691686680778,15.520431225267618,75.94839448358259,0.0,0.0,0.0,0.0,0.0,0.0,0.0,0.0,0.0,0.0,1.1812785178987022,2.7397153285299183,6.1378121467777875,20.15149948485129,35.14670255840171,212.60730116445419,0.0,0.0,0.0,0.0,0.0,0.0,0.0,0.0,0.0,0.0,0.0,0.05284514433070081,0.12727116581497727,4.25189162726278,8.124279127583836,17.38637405951031,72.172187840757,0.0,0.0,0.0,0.0,0.0,0.0,0.0,0.0,0.0,0.0,1.2966924647256914,2.3750949075206993,5.531959891304966,14.075666104172434,36.30555286090083,284.17973791315274,0.0,0.0,0.0,0.0,0.0,0.0,0.0,0.0,0.0,0.0,0.0
Train79.csv,0.2420210589298869,0.9859583850951881,5.891734011204802,9.406895926149346,6.933372681812147,15.026766052010835,0.012070475189657936,0.22875978036920508,0.05535426511496162,0.7065641742305667,0.003759596230025022,0.030386166518232647,0.0030107075232029368,0.017860275743559542,0.007782513365881863,0.03139704659852248,1.1432035633130182,2.3307530559970666,5.242960231262458,10.610571389437041,23.56375180383798,93.93522404556036,0.01214276981162615,0.034233523088690966,0.01613610752028543,0.08125044916256242,0.31554212358707007,0.9591455513553764,0.2159144196545105,0.6681615604607405,0.1048531090636201,0.3993197958060552,9.346238144429634,0.22825155309992196,0.6612111528375635,6.221233671208637,13.504585825230775,8.501460604703151,43.21214001192475,0.009881466152569301,0.09396298629912839,0.042906650487575415,0.3541679446702491,0.0036267313690825304,0.025232822453615446,0.0037573678980970435,0.01566306480745194,0.0066820683263404965,0.02107242661955186,1.298639668435406,1.9475104198189304,4.962588435796013,11.715185220713142,21.828942103261973,80.00597992478153,0.016486114529289258,0.07040719875761726,0.01849976501873018,0.08458188958411522,0.39439236761479274,1.125599712137929,0.29361799376465,0.982115472610147,0.1287089539194837,0.3449615989133119,9.346238144429634
Train8.csv,0.35372314250038644,0.6322991207841863,6.171357481812442,12.448494202169258,9.485335458193365,38.45965261107722,0.010201375384414988,0.05419988130988331,0.0676474643044138,0.2073859701338923,0.024558983327624146,0.2051166190555373,0.009607315548093447,0.051057250071621645,0.01574445082079487,0.05329625331759756,1.2373228412246837,2.183325626514995,5.81877844900276,9.657078768156914,26.3992126559903,94.07634500452276,0.010785359002853675,0.03640521959424136,0.428952484218009,1.2437511072723686,0.020969792789605396,0.08089396068239268,0.38512614155865443,1.0106994321401488,0.0814570007062588,0.19986992973174436,12.93638041578197,0.36591821052168017,0.7161849629664907,6.3902969654325155,10.449420311208568,9.267299137236812,30.943588281800817,0.015819438056251876,0.09658954150994417,0.08207222902683958,0.3444851833695099,0.016315446217035408,0.12757408917748958,0.007961920893324448,0.022924394583807767,0.012685579519726799,0.03708956906432495,1.3801221588546988,2.271549699521337,5.964552619166657,13.589665545545728,25.42008540448635,120.15711753647533,0.013876082024278386,0.044587387015069146,0.4772137245888288,1.3026800588590746,0.027319131502158887,0.10214639559824382,0.43268920565940716,1.2013429419383475,0.10129558599488356,0.3102296093731027,12.93638041578197
Train80.csv,0.16822006291262093,0.32023119476071893,3.885183559937196,10.872962199255623,4.010130334471679,19.318067553446387,0.0006803162463077258,0.005506607663175161,0.009095829767776703,0.045006123011207246,0.0020911134510442158,0.008004860449689073,0.0017627843758325182,0.00781042791240341,0.002974775940020732,0.03737359071537792,1.2609382573652919,2.3431306688276266,5.818228571907953,14.545142282347204,31.37063025505731,136.39779242095193,0.00665132148176224,0.021707897998433128,0.013854735246348334,0.05435112937889788,0.3531679464042199,0.9688170389349425,0.24073120435394113,0.7602556814461904,0.10840572085354111,0.30025786250107706,9.96932068739161,0.16438393261852613,0.3183713571364765,4.004907976375459,7.005767911804024,3.3786232851047737,5.665385822426077,0.0006783420201968001,0.0034033497026032047,0.009114699089775607,0.029294311401150106,0.0025413806985264843,0.011218297479229377,0.0014867030209677126,0.0043010752296928495,0.00454393055473634,0.0832854738838978,1.386745140898689,1.9822627487585722,5.307830101491827,9.593141923299136,31.088914067108917,130.4220914263268,0.01105307272714595,0.04029851234790547,0.019887923764920157,0.07157946957191635,0.4225196700571217,1.2527530849530601,0.3131823725739137,1.032752655581046,0.12189942751425126,0.4687478466233115,9.96932068739161
Train81.csv,0.2390637733707883,0.4302651424015291,6.38362299175956,17.440051632997623,15.224717801423033,86.96940562932856,0.0003856731879043172,0.0026338764797945594,0.0049128863217812535,0.021023099183939305,0.01994184922334874,0.1848514024903329,0.01969363030419893,0.11290888452300372,0.005056248913527001,0.027395236200673606,1.2774899671557258,3.1004537911677352,5.658107173187249,16.95353667906642,22.85797809854082,137.40186925694042,0.03222628224826858,0.15600316174749887,0.013753923814457822,0.057396025408472474,0.017052541391017535,0.09828945674633899,0.4581831307224611,2.3353273774612724,0.014493611985773376,0.06835473527833832,4.628613176288962,0.2251909496887117,0.4129832615866393,6.316437581413523,13.570185197285054,11.51094938959817,46.35919581072387,0.00038858602363054783,0.0018474346851183041,0.006273927776669887,0.03891796874380168,0.01403174585030395,0.06328511521844038,0.017314487961297136,0.12426958564671771,0.004194218434026527,0.022626597294839186,1.4855312629310242,2.798061185909635,5.35723190802763,12.6663211078061,38.32092187824574,351.4039836361459,0.049966914407790095,0.21040293063832383,0.020917463951505177,0.07368365225391203,0.022812322063383426,0.07552233745919745,0.5830257336669376,1.2922604695788897,0.023897994879581552,0.12430973947786608,4.628613176288962
Train82.csv,0.3316443262082903,0.9100986757200485,5.203093112221023,9.280252130235226,4.651273986539595,10.961286599289501,0.05757280831247294,0.6113265644855659,0.015351553273585816,0.11716724995824464,0.0030067686293628057,0.010027067151665162,0.009130724482127484,0.07481122127243707,0.031437726995355186,0.11946797736270345,1.2360924682113876,2.0084959269694327,5.787603786663583,14.062343908227565,21.307818584685847,96.28525941411618,0.016432810167204978,0.09196916916338918,0.39351255893086495,1.3356905541843043,0.21929617036312493,0.6611136507483495,0.20718931801210608,0.6585902748061128,0.042296508312061776,0.1225017823023778,17.14960523009628,0.37208934794848963,0.9500292861339468,5.7363399636337,10.592626322883056,5.632475259442812,24.484144184647644,0.10017703797843652,0.8483575727288273,0.01977158566940559,0.20057046469214102,0.003562536236559266,0.017303232205633828,0.009355548773025848,0.024756097188300855,0.03347582981113342,0.11946233867666796,1.3747030856458762,2.183264736576376,6.656400221251873,17.162817164866343,26.83984476683082,121.20297187587843,0.022934647831812663,0.16970381471002946,0.44077485116139753,1.2089835181013975,0.2574600912462487,0.8539370327643847,0.24304321451836455,0.7370547084003333,0.05329104000983707,0.2018555874038193,17.14960523009628
Train83.csv,0.43825411004794257,1.5434365492912618,6.070326371299879,10.180730868410505,8.135081231744572,27.87548350036095,0.032701162680721804,0.15241153017641593,0.21357339678787396,1.9507182592195778,0.02986716730044913,0.2635774590312604,0.028111078475070828,0.3399057686123942,0.046172978160500464,0.3505468448498788,1.3992959154300006,3.0369636255354133,5.888954836363066,10.74898016957754,24.748998486804876,131.85637491310987,0.016045278975461864,0.09232777458704351,0.47010307847763616,2.217404688957196,0.026784769102537243,0.29642594474072975,0.42605183586700923,2.2901246140403115,0.08992030726206099,0.39174503668349697,13.67814534787956,0.3574067335821497,1.1881567117912828,5.547259996758061,10.812388075468357,6.32504320449377,18.570048716607097,0.05082278816925957,0.598014514492624,0.06693205198842597,0.5682732485471966,0.011570059203635151,0.07776998466472028,0.0113418269590468,0.04915829431315203,0.031181201678663256,0.1341071228339813,1.4948026310039548,2.539725003008425,5.647920617394014,11.428891806810983,24.395152556504687,183.39503786319352,0.018088970526387846,0.12178798177076862,0.5397870635612185,1.8173788261793948,0.02465431053489961,0.17486756040049425,0.49931150717209216,1.8693134180565634,0.10556302584504182,0.32130017620537465,13.67814534787956
Train84.csv,0.3098821073082406,0.8967153546670676,4.55519425201761,7.541704000806877,4.602576990831981,17.555860213279402,0.0009985691556894643,0.008464748003569743,0.05799060392142019,0.7460840583871432,0.014470984286688643,0.07669292107484575,0.005242166927023537,0.029491859783760378,0.01111038147523513,0.06508607156656274,1.2983454030206534,3.01202999045505,6.457646243873111,22.455293660785635,39.345151780984324,317.1428075356931,0.012567891099283027,0.0829062435999769,0.044147999701578365,0.15127456452449786,0.473998290004984,2.312445771037635,0.32289684095299964,1.9085017193849447,0.16158821075417742,0.7588496978222794,10.414379646650165,0.307872829661388,0.9152081800449543,4.900927170891375,11.726165311765737,5.716295596636733,20.011711746682145,0.0016911528404987392,0.017166519517071297,0.06471792687473746,0.85134613419125,0.01571811414323186,0.07602989592680953,0.004960945125756321,0.02720257243053459,0.01032789854246242,0.07474328964712505,1.4605739333544556,2.5359366322326116,5.199346148132499,8.125997994669145,35.904424780953434,292.44452525310425,0.014550469442796143,0.05603424484940123,0.053516254941456745,0.16400437565822246,0.48592028710490887,1.7976789932765846,0.3507401712019759,1.505281284586137,0.16362546684331084,0.5969655070245232,10.414379646650165
Train85.csv,0.29170310090816925,0.5087835124879111,5.326583702250646,12.484629278444002,7.254620439886259,33.31616151371747,0.0004279971049692769,0.0022137771630219823,0.004961222649813069,0.02024169879081788,0.05359271277618379,0.20786520061544195,0.02408239389281802,0.1423978088328222,0.009232651840351824,0.04480626655745077,1.3152735856582325,3.0881709744262817,5.44976317988749,10.500647307317262,23.472351375687605,122.43247261578217,0.017126831508715582,0.09069247577827146,0.01369975196992716,0.07857651783506833,0.047641793204584414,0.2762204444708117,0.4598807456935814,2.148784156285548,0.11327639421443136,0.5990240285792158,5.459389900238262,0.305815247664615,0.6623572614137136,5.391989340327417,10.001814164664163,6.757599432814361,30.409269713789985,0.0004853492388287579,0.0017004208973567915,0.005007904769168386,0.018808250420463062,0.05151104603902988,0.2282203971595263,0.025108620000697746,0.11213842610497209,0.012777410677022738,0.0807374421644208,1.4703529359605565,2.775850957161098,5.292138899207709,9.454435034074024,25.6309690066593,105.92376995104965,0.02477665840211465,0.06541268149432937,0.018593505713809546,0.06375011519181245,0.06408935139397884,0.15236424097013865,0.5538276708096694,1.4770455022044506,0.14995075284377685,0.4300248970735858,5.459389900238262
Train86.csv,0.07059423696313433,0.12788611681990605,3.1850396326729857,6.443662864101241,14.705476261152,35.236296845449154,0.0,0.0,0.0,0.0,0.0,0.0,0.0,0.0,0.0,0.0,1.3303728157385666,2.9919168210418747,4.680334420437822,8.140202035496802,16.329226976146828,36.89884449499245,0.0,0.0,0.0,0.0,0.0,0.0,0.0,0.0,0.0,0.0,0.0,0.05431960542666273,0.13522735224867916,4.313238979930338,13.000666264368606,18.755957251389415,105.66986122785073,0.0,0.0,0.0,0.0,0.0,0.0,0.0,0.0,0.0,0.0,1.4953212887914382,2.806588792952769,5.128521730699138,11.633905989478569,19.460973782773163,137.25832273319492,0.0,0.0,0.0,0.0,0.0,0.0,0.0,0.0,0.0,0.0,0.0
Train87.csv,0.09296187900758637,0.15427060446849936,3.7447302756236756,8.516018269809503,6.4451193282112476,25.004309524685848,1.3757074591920425e-05,4.283141095114291e-05,4.5345902166949795e-05,0.00029358864432652606,0.0007188283310451335,0.012679201087963849,0.0009127737303978921,0.013485393751617065,5.900159720676246e-05,0.0002848315912178343,1.3934759423155605,2.3218376432625085,5.4830759505240945,14.254684302674558,23.38593464652075,120.17942693704394,0.04337252542465043,0.13057168914683492,0.013526554157478016,0.04271236974553335,0.011811930918272508,0.03446932756020816,0.5796089793152363,1.4499227668981234,0.009183608847926624,0.0396437270514012,3.9165188414752756,0.07500235127872021,0.15644595256774493,3.8321335459662436,5.892163082645936,5.855349248575935,18.83673655619362,1.6687798345569982e-05,4.470978931845901e-05,3.661390839841756e-05,0.000113546416058956,0.000153241345623926,0.0007028086905723159,0.000618722454344131,0.0024218196880502188,5.249414761434473e-05,0.00018166110802833918,1.5012504045133397,2.718593436698867,5.490180317814531,13.50487175930301,22.80656691174213,112.21980425832172,0.057745839842261254,0.19936848400333387,0.01768245371215995,0.05905951048249958,0.01564160869929088,0.04827626091140354,0.64330294027041,1.378013311457374,0.01583175003959484,0.06771305733428977,3.9165188414752756
Train88.csv,0.22840174096209281,0.7031160777903424,5.920592492214522,10.474115708256614,9.941240213120315,33.41121665099751,0.0007310074665982043,0.008125323404472131,0.008837557561397159,0.06788539593641692,0.023641967704766793,0.49236720550494073,0.00738563412347715,0.0554378239602054,0.003844355844752584,0.03041141415281196,1.2760791640187645,2.3519556819418463,5.816577768740254,10.555423128787561,23.72301499586566,70.95007498281747,0.014719690801848304,0.05075020449545243,0.011925151621357155,0.034868353170795986,0.15289374387562807,0.44933299696114226,0.23203936734116032,0.966291298353627,0.18930340710268181,0.588439609274118,5.51873109480607,0.20940024339578645,0.40946706362725455,6.423737069319612,10.258674220063556,9.682116546193697,26.111329540310262,0.0004192423680477488,0.002092288280592674,0.010821084188754425,0.0407827259146625,0.010835224077665292,0.04995125937721843,0.007638140347515441,0.04612436444772907,0.004196419040653365,0.022402609946396566,1.3732943472666124,2.0828940337663893,5.9430786359481695,13.859831668170571,24.891358944882377,69.06520551410452,0.020082164879159384,0.07518084126880785,0.016204146088791296,0.06499621876550407,0.19426408487118618,0.6181995675777938,0.2492730742174296,0.853071039038242,0.2582447149218335,0.8770816326897767,5.51873109480607
Train89.csv,0.7846500339083924,1.413614808127386,4.812106805880275,8.876984886167975,4.208195960744741,9.352466380513455,0.1653200560490023,0.4796161909384846,0.21635828347968575,1.0686872818470272,0.06029734268093247,0.24301309073017432,0.20691624521953905,0.689330115761519,0.0700518486373692,0.19127192454265363,1.405165479556148,2.4295248363541964,5.458028263795304,10.897099013219666,19.962050354769772,113.34609155047053,0.054075498484872225,0.49505460389770184,0.46792892024234,1.6741765957874557,0.3192132825553118,1.0800517842750263,0.221907026629946,0.6105039019981352,0.05025131533065123,0.15686378076323645,19.315558831821246,0.779209367464055,1.3785049729923404,4.698948958219345,9.87570346511742,4.52966670796101,15.757174564860726,0.21451029869235683,1.072920571982275,0.1251205723478359,0.39150116494005655,0.06195527371372559,0.20654215329285674,0.18791189433691433,0.4541670752821495,0.06359420674074781,0.1470026072413228,1.540371007331994,3.025485353113509,5.537367598768489,11.325847280131736,20.454048887338864,97.08005107396133,0.03847246618858039,0.12960720554248925,0.5064174472450187,1.3843812942816016,0.37312581743083695,1.1867975648377957,0.24013648086987924,0.5897535868718099,0.04879042763588748,0.17191159265496558,19.315558831821246
Train9.csv,0.2649049121010775,0.4380907259988502,5.0668973432034035,9.350881944263314,7.259748485318148,20.590976041551432,0.0005349358785793575,0.002010744134856987,0.0032209836463160807,0.009566789041351147,0.042265305192424975,0.15585164098605658,0.017191852542474254,0.10169536806387182,0.005887734266302382,0.03272540403910226,1.2106595382654795,3.047155763454766,6.2020146061619545,10.788536360265226,26.991551978156053,68.25560946221279,0.015108232674153005,0.08678018382239135,0.010237662007039076,0.05659067877362309,0.03405020474614681,0.21867061155546602,0.3563730272230392,2.227360757937298,0.08692319860518419,0.5962776457749113,5.429719302954359,0.3102120341454949,0.6093494581102588,5.360909126086591,10.517267753260853,7.878737352867484,32.30712325592747,0.0009549127221275282,0.00987233050840132,0.0065403152317973,0.05517386174761719,0.051316706304308235,0.23266328353570262,0.025754369907897062,0.18553756842896935,0.01038355535997294,0.06862074681749292,1.3358340714120458,2.56942891815724,6.3971904141016385,19.011462833221454,31.3250736708139,112.0012353982203,0.017702306450863355,0.07652342135819877,0.013327610269827466,0.055569997339262524,0.04309942380239533,0.20563090938914433,0.3755949423605812,1.8107368965995092,0.11329575715626114,0.5981080865768312,5.429719302954359
Train90.csv,0.0705297388405157,0.1261723497694785,3.404641745643046,7.622548215427607,17.374891560755568,98.35300071847055,0.0,0.0,0.0,0.0,0.0,0.0,0.0,0.0,0.0,0.0,1.236896647873149,2.434457894922854,5.124356984866191,8.55809272573862,32.043794320334804,216.60754287106164,0.0,0.0,0.0,0.0,0.0,0.0,0.0,0.0,0.0,0.0,0.0,0.053683543637810555,0.1274173757763315,4.106402242422505,7.8096599891499086,14.46765144992398,71.78778597247856,0.0,0.0,0.0,0.0,0.0,0.0,0.0,0.0,0.0,0.0,1.3549579001640313,2.2366071035626063,5.479664989832458,16.61491858715491,29.100762258758692,236.18688662292251,0.0,0.0,0.0,0.0,0.0,0.0,0.0,0.0,0.0,0.0,0.0
Train91.csv,0.23508108408801232,0.517880261602796,4.436248951088859,10.327475196374872,6.05737695368055,38.7655102689198,1.825127182550676e-05,0.00012329539321155733,0.0002603975175567312,0.0012885711297858263,0.0027842960613664635,0.016635386961555292,0.019149062915798987,0.08549936740850038,0.014243766040467353,0.12947666116942705,1.372454627376917,2.2932258637267537,5.847544191303699,10.0127130726959,22.630681275453693,72.88962311495929,0.02780419580818221,0.1256944836154298,0.016824179204641687,0.06668151170038897,0.011377833607233276,0.04274641083053573,0.04335785035836058,0.18062975646830434,0.4729961217014619,1.4460128869919118,2.6406831582674206,0.21146631673454522,0.4247516292015385,4.488649648817307,8.749282290491173,5.097134225069512,28.939640589525805,1.9181406941064178e-05,7.053759585019932e-05,0.0002570334581899782,0.0010314672157296255,0.002585785540027547,0.008921245256768951,0.018760456271345198,0.10104542264823817,0.012597064984262414,0.14953711261450262,1.4957234442010934,2.7650185744522244,6.140335907151367,15.033688987820545,25.6473074255682,108.13447631935095,0.03901287204296467,0.11689375900708093,0.023394363658470595,0.05994276975923682,0.015487624147363446,0.03880475560733808,0.058354792298000446,0.15138536978542363,0.5417740258901527,1.1992404214301728,2.6406831582674206
Train92.csv,0.07122913935948375,0.12623292137052247,3.4844105062466824,9.073900346318421,14.332594791885235,60.281872625542256,0.0,0.0,0.0,0.0,0.0,0.0,0.0,0.0,0.0,0.0,1.2188188854891595,2.218599176653435,5.349034314084992,13.438147543136683,28.659653416534674,226.9433665609471,0.0,0.0,0.0,0.0,0.0,0.0,0.0,0.0,0.0,0.0,0.0,0.05380894394493021,0.13582350675849317,4.474913389255384,11.9815407414977,16.035274506138805,67.21153246872439,0.0,0.0,0.0,0.0,0.0,0.0,0.0,0.0,0.0,0.0,1.345973794410301,2.5012578362928846,5.410833617692944,17.74714485618394,29.823491472910597,253.69349745008287,0.0,0.0,0.0,0.0,0.0,0.0,0.0,0.0,0.0,0.0,0.0
Train93.csv,0.4983796902907274,1.207658524463598,5.557929981236341,12.899997407745781,5.525174142314603,18.78198955643589,0.0666982598916955,0.6573664342090962,0.09845960527066522,0.647251716236937,0.032884768523428295,0.2279684478378811,0.05893506159214315,0.460417206494821,0.06208710464845822,0.4781319466171383,1.4106746332916398,4.56764546687826,5.467457452435194,14.619856167339075,22.182323557475534,147.07700130190938,0.04514302962126147,0.8555880442177825,0.45192268123312046,1.2055843999468294,0.04734890018107285,0.7083251694955214,0.44052550244483435,1.1181573194968812,0.09109312549047108,0.3693381845731561,16.259487311579175,0.6847350547676497,2.1310506607198025,5.6978896894622935,11.569107368977818,8.428818846228072,29.89146498814166,0.27847670725945517,2.7146831649511416,0.2965444254759606,2.070498279729399,0.04196158570788871,0.2130338181639799,0.06376989755444618,0.258257386470068,0.0511458750010577,0.20162896514758152,1.6035474830969598,3.6303284325110083,5.747742659820183,10.503073954978094,18.70953873256049,66.74494026352654,0.046361534100659185,0.37376077958142984,0.595450130504682,1.4126436394513644,0.06797771172023309,0.3689863086155202,0.5963632753207238,1.4502510588840898,0.11780793274324916,0.36384242388520016,16.259487311579175
Train94.csv,0.246590985120177,0.5454141177833551,5.1037183818952085,9.173286379266022,6.700009581683173,18.854010733633963,0.0003529871154788481,0.0016789807538851837,0.0029142971588913408,0.01361626734509393,0.03181355817254976,0.2779200565450223,0.018945216694321233,0.08168084840885208,0.0057449215847545495,0.03323589419674487,1.3686216775201216,2.3794491528919615,5.242322221433982,8.908605312260319,18.49877442472573,58.70535095340752,0.01691956123160809,0.05357813869581328,0.012937190564590193,0.05887531599239773,0.04736991925382827,0.1724181473066457,0.4553207779508174,1.5284101816360833,0.11587808783447516,0.4212157712748923,5.459389900238262,0.28198426202459514,0.6195769231828525,4.752396428654659,10.225444140501423,5.772755196302643,37.786421013918265,0.0006327824402327084,0.010414672249015232,0.005582446769139073,0.08948983255001207,0.04464742431271901,0.3691626277932144,0.024610446566686338,0.1277445315817156,0.009548285943372276,0.07095267424289979,1.4533153163231638,2.664875488181718,5.317713362824958,9.54350227765,18.643729286309974,58.972562815809674,0.01864412999482237,0.05840170376010267,0.01285691807379254,0.04012181006072525,0.046541142442639426,0.14240765964710755,0.49745328949744694,1.1831281079240787,0.14085671605593128,0.442532205223268,5.459389900238262
Train95.csv,0.2681306806171648,0.45641154473252604,4.620918207981944,9.313050512759,5.161473846293319,24.333365368299297,0.0002781681843445926,0.0009533841756530789,0.002702720942692645,0.01447971003984958,0.03159072764315622,0.09733470924988648,0.022297222651132695,0.08310531442702887,0.007845460160247616,0.04873965835758525,1.265908089366182,2.433153323859451,5.0563295083607045,8.1399692265526,25.111868271770142,156.4191610201139,0.014323013218596883,0.043684446560611524,0.010716202223068601,0.03985198371314314,0.034021848348634254,0.10724777539889703,0.3609747803925269,1.1266949065679162,0.025962135011849883,0.10817078389783609,5.370378108386552,0.2999582891605568,0.6826989230009015,5.329545266259358,11.062587005417774,6.546641953298321,32.93297913503421,0.00045884406700425607,0.0034677249601092765,0.005249814458446993,0.03382094541640147,0.04981594192722412,0.3290694797649541,0.024744898276357948,0.11394175006471834,0.010878520392644614,0.05983327699637884,1.3298704010945555,2.1393570277133103,5.311919165485879,10.477661895484767,28.79617097035342,185.8934864404381,0.01711766010149899,0.06383948339669228,0.0126826035357065,0.040400095531746005,0.04134719636407146,0.15356687489059753,0.3884926724514427,1.1981186093630132,0.04300046599762482,0.15862119831244756,5.370378108386552
Train96.csv,0.2749328898520805,0.9681445352394673,4.4174619498378735,8.119994317847931,4.089008384146095,16.03126469743065,0.0011690156674229106,0.014102114388857855,0.03240204445657286,0.403911450282131,0.02423652134550727,0.4303150468499699,0.004399818377534183,0.07185242476841862,0.010615608199864715,0.10081267970421723,1.2674123861329178,2.539119182834282,5.649943013750162,16.252233879006532,37.79160218504586,286.08244493603735,0.009295861215943604,0.03227982918636428,0.016994504382968057,0.05587611818929022,0.4057475481974968,1.078989467725927,0.26079130101345893,0.6880899883988472,0.13610752485324176,0.3658519895678039,9.8803088955399,0.2789124653562453,0.6683752150584286,4.962725029697299,9.877736261798646,5.652861742509795,23.179663924674887,0.0016174532877651468,0.009877486537526502,0.03804033103239979,0.387023443943435,0.011225110016785706,0.05146534836737523,0.003965839651517172,0.05393731023997235,0.009730134948350143,0.10827060620005921,1.4057804327625099,2.7416058545677906,5.571672163887413,13.778526144494059,46.18276026025539,428.43510331344703,0.012655503392967905,0.04405668948801089,0.021991165807526795,0.08327135792271835,0.47192939714373566,1.2837212686909152,0.3165599617622625,0.8903201682077947,0.15395791846208037,0.42359017800915694,9.8803088955399
Train97.csv,0.46183055752808666,0.9055584867179045,5.960666693539362,11.085527233531712,8.0856077654257,19.147440638488707,0.08030503897564985,0.5656870366660892,0.09578971292729457,0.3741240400698382,0.0165387386878287,0.07978213984627598,0.017655235200876085,0.10848603072517489,0.019266874997658223,0.0669147840112912,1.4011067150456546,3.3326904275413187,5.80598511169365,10.568112902812052,16.33557926198759,53.29907320601107,0.020404105336321015,0.10121678849996245,0.5233208184768072,2.501005694578112,0.029907100978167844,0.1943506786047723,0.49701091790980045,2.506166072737172,0.1015723785711804,0.32642259538701385,12.906709818498067,0.4164325518048252,1.0766597687251287,6.19934705339654,9.50981784611475,7.74588616655139,23.1920008637075,0.05174067047645686,0.40117853256407154,0.07774331247832016,0.2745213994058835,0.012460747026762198,0.08155529855745211,0.012983667012812962,0.048593318433172245,0.018116749565829916,0.0694810018057375,1.538146656015953,2.6609388004239323,5.570390418298649,15.235774806153264,26.685855772846203,173.86357886583528,0.018389086999376872,0.06634755524402157,0.6001096839662681,1.7110659688585574,0.02982086594453997,0.11115807251831945,0.5711504973265555,1.9040096864978906,0.11207815862937329,0.39640172477915886,12.906709818498067
Train98.csv,0.22103992911820575,0.5527042744666398,4.9630873587781075,9.510777557469359,6.488816979788565,22.14703307717202,0.00023939044787007606,0.002834429537809491,0.0032967719245198066,0.01889244959869657,0.029305078271648122,0.2236374457022312,0.011467993708527198,0.061331231086174685,0.005412010705753244,0.033768342205555066,1.2400448249896194,3.006677777651936,5.3230648080440295,12.269059938937014,25.589104615783413,106.64502903390448,0.011922325455143802,0.06866918173737134,0.0092649819816738,0.04888957718454722,0.17212930362837514,0.9818878447130793,0.2488672608027554,1.3973501237681125,0.26115474013822604,1.7125336310083195,5.607742886657781,0.268970634438188,0.5642087994999833,5.014988834532594,10.29857542127925,6.972382663677024,35.60720688532098,0.0008159618444694673,0.010184204761956547,0.009344348887374785,0.13844001769921652,0.04474244311840741,0.21089357711122528,0.016848228119418933,0.09574603823210291,0.007683421342274575,0.04454213153185768,1.396312455492168,2.566049121296023,5.12518919309327,9.877840605892512,30.46266316497107,151.49223762492502,0.019075643879850807,0.07315692007518018,0.015480720276364603,0.06409950946114856,0.21649029167721132,0.8555665849141744,0.2907580307806858,1.1219824959910227,0.33301794901466397,1.4503620298240552,5.607742886657781
Train99.csv,0.22596269474318575,0.5537949621103324,5.3465991026608695,12.016757161438125,7.809764182589525,34.79065598870499,0.001001883975837797,0.007299057090715138,0.016846384974234307,0.10938798133308807,0.023932669722452834,0.1011079023623913,0.002131100132350793,0.011689234482187625,0.0008811793061632906,0.0036817514924914097,1.2520300311256878,2.924504468790841,6.275492993920162,13.272890164280057,39.38552032621568,196.50587898817415,0.016080347964567487,0.07926134025828775,0.009382781366272453,0.04191027721322788,0.43289273614825735,2.2250983523659813,0.010722733976091806,0.03604838204345456,0.28270189719699623,1.607192152043229,7.00226095900125,0.22779642460646687,0.6259434374348164,5.901260083459201,12.34718745212578,9.171389468013286,55.076041053559955,0.0008532577196783695,0.007505792660467131,0.014590493086978887,0.13483879718132666,0.03243365887164787,0.20672961527146855,0.0030616601531842525,0.02659088547826493,0.0010044278966675367,0.006037697916760352,1.3977641494527617,2.5043027388331933,5.825147392588341,11.957352559312154,44.51049186566803,241.7765188306929,0.02257453946507225,0.07774157002559237,0.013506884432475393,0.05699311193984903,0.49305029488506147,1.841283097416642,0.0217167931612546,0.11093669874068576,0.33917310651939514,1.3501762735824308,7.00226095900125
