file_id,speed,side_i_median_0,side_i_median_1,side_i_median_2,side_i_median_3,side_i_median_4,side_i_median_5,side_i_median_6,side_i_median_7,side_i_median_8,side_i_median_9,side_i_quantile_0,side_i_quantile_1,side_i_quantile_2,side_i_quantile_3,side_i_quantile_4,side_i_quantile_5,side_i_quantile_6,side_i_quantile_7,side_i_quantile_8,side_i_quantile_9,side_i_max_0,side_i_max_1,side_i_max_2,side_i_max_3,side_i_max_4,side_i_max_5,side_i_max_6,side_i_max_7,side_i_max_8,side_i_max_9,side_i_std_0,side_i_std_1,side_i_std_2,side_i_std_3,side_i_std_4,side_i_std_5,side_i_std_6,side_i_std_7,side_i_std_8,side_i_std_9,side_ii_median_0,side_ii_median_1,side_ii_median_2,side_ii_median_3,side_ii_median_4,side_ii_median_5,side_ii_median_6,side_ii_median_7,side_ii_median_8,side_ii_median_9,side_ii_quantile_0,side_ii_quantile_1,side_ii_quantile_2,side_ii_quantile_3,side_ii_quantile_4,side_ii_quantile_5,side_ii_quantile_6,side_ii_quantile_7,side_ii_quantile_8,side_ii_quantile_9,side_ii_max_0,side_ii_max_1,side_ii_max_2,side_ii_max_3,side_ii_max_4,side_ii_max_5,side_ii_max_6,side_ii_max_7,side_ii_max_8,side_ii_max_9,side_ii_std_0,side_ii_std_1,side_ii_std_2,side_ii_std_3,side_ii_std_4,side_ii_std_5,side_ii_std_6,side_ii_std_7,side_ii_std_8,side_ii_std_9
Train1.csv,1.7505652397503124,0.1642807708768066,1.0498046875,3.5889050287887483,3.36176954998547,4097.948529126868,93.10075259750843,3.2352643238799046,1.3157709418339736,4.613908736828154,52.5,0.3104700482141041,2.4023437500000004,4.819597034296788,4.392223218434179,17866.28286506476,299.0007584490171,4.6630170651771605,2.2765271360215875,5.382334790695352,179.0,0.3840411962027764,2.67333984375,7.438583509892086,22.235118830297335,27850.625419523945,831.4431263575755,6.5484852742379065,2.940064642154252,8.059378352910592,206.0,0.07769635080889484,0.628504687107995,1.0210960695838327,3.3217107739585057,6689.63010641552,187.27878197865553,1.6504506917553383,0.6582175419966564,0.8362751066760737,53.56990176395697,0.1451240133311094,1.07421875,3.7034644098270757,3.546580253256857,3480.4096423059545,78.54379479157586,3.392148985794198,1.6758747226864439,4.695267462340997,52.5,0.2799865507773408,1.9714355468750002,4.724510732029207,5.026800413674991,13376.325114067442,356.24365841163717,5.263406231166896,2.8255509669753907,5.380044750880083,174.40000000000015,0.31079319715670684,2.50244140625,6.554589448476281,10.17293171132009,18794.122170484192,501.83700432282114,6.444035196198516,2.9994554671791165,5.859617985885486,222.0,0.0739916855669265,0.5483385495368447,0.7377026022920478,1.3841790591477148,5318.107094848132,125.77686739263687,1.622128271858832,0.7526920668235941,0.6052436810189854,50.784846026521535
Train10.csv,8.57480261504814,0.2178374923162067,1.5625,3.95763100294291,3.097461253754724,3542.5914519914377,1074.7083449900024,13.42273386588843,1.9974391683844164,5.089571613516817,74.0,0.29473033212599326,2.977294921875,5.9587557017214,8.484953183540798,9652.025156127464,3514.438000210677,36.69416352015673,3.281113041871476,5.478603181188063,621.5000000000001,0.4856724129487204,8.7646484375,10.436137961939025,37.70808842390328,43824.62640094623,4801.55792863566,99.31473300257075,7.74225619949915,5.736550131903573,816.0,0.08451492495581012,1.7485047235612876,1.7390014041195512,8.55261499252386,9335.173130101144,1240.5353021136946,19.441186557298142,1.3679504049077165,0.5070066021048099,250.73734818219143,0.21379822464019715,1.519775390625,3.8486112703132815,3.2055239939761737,4927.757194561649,1145.5112024886516,11.740957486256786,2.2597828311630406,5.186955032831566,72.5,0.31011939464116606,3.0822753906250004,6.888356853760792,6.566966372150252,11109.469455437678,2394.061004100975,34.58054676925173,3.5589977573508316,5.461558030449956,537.8,0.3810057138855571,4.150390625,8.357758822514128,19.491300315147875,14350.250038022752,8263.631021877381,90.5309684214724,5.441523286235027,5.677697375629873,812.0,0.06085875905516066,0.8520540296115547,1.4143219457406957,3.5480527985344916,3759.3812961653985,1525.4564885454351,19.044901798788644,1.093611105739438,0.6518156691739182,219.9520899536988
Train100.csv,12.906709818498067,0.48250407936961504,5.06591796875,5.420563343973047,5.441776516467298,37036.760817437025,2325.1948107672506,66.52379728021302,6.415095770011167,5.079215591895206,50.0,0.9655284368738183,12.578125000000004,8.35478197382615,17.132660359404824,165052.57272625444,8508.329420271226,266.55152652785114,40.746740961164264,5.470833991383578,76.7,1.6026605424045275,13.5986328125,10.862357048265343,22.377750025815928,458336.70309571334,16045.21927385667,859.2437816272524,110.14191753473843,5.690584275214848,103.0,0.36011119212232207,3.603615894285925,1.815865647440681,5.379391065021526,110360.04772160205,3674.391425355985,171.74963542858464,22.970361907943015,0.5402642343693461,16.329104336659128,0.417940969318948,5.035400390625,5.7025919645587635,6.199780447189079,26591.818161288393,2330.990699066026,44.58391549907134,5.667481671411712,5.033356778685379,49.0,0.8128688108850083,7.34130859375,9.00766056786284,17.02457111908117,121658.02651857474,5900.736650662957,176.5167516967585,20.096124159054327,5.4307206456426815,76.7,1.6203989033482744,14.1357421875,11.319774941211318,33.66253907593065,470936.92592537927,16770.886430960538,1041.776390008134,107.58436801018995,5.78886703383014,632.0,0.33080235286915605,2.975307142580646,1.9721020320821965,6.757332068056536,100254.87572172537,3418.3881732159048,192.38117809190783,24.1915421158146,0.4254853872746136,101.4448741928344
Train101.csv,3.9758600360430827,0.1763073494657682,1.556396484375,4.538632643134106,5.703730661276017,3746.004502245609,152.7952855547536,5.764584424626656,1.6112645330707185,4.894084586258261,58.0,0.2756488446712813,3.9160156250000004,8.559001256184219,23.47161671156084,13530.416388955964,686.0818004835027,12.170963431823253,3.3186686023060012,5.557567987456581,106.80000000000001,0.4913748587086779,6.2255859375,11.1876952693247,32.55201738100125,44451.80341709935,2148.5699779125,18.185667744069345,6.319618993743509,5.705333172252421,167.0,0.08853387564586385,1.480808482972279,2.2811858973454635,8.623993760067032,8446.941192857232,431.982375495843,4.039665483302465,1.1943680724724468,0.5778252088506577,29.96325875134412,0.16391631953022356,1.507568359375,4.613150989252565,5.209869619832855,3806.9702562725492,163.74072892258596,6.531369880475067,2.078574210204022,4.904331454856733,56.0,0.2900850153281698,4.566650390625001,8.340889292549758,20.088701207800003,15036.135112710426,992.5560045863331,9.70111945112035,3.366543922884199,5.416490230884706,108.9,0.5596625366905823,8.0322265625,16.296965809828695,91.92603720564409,60649.701908996154,1884.4363044820893,21.307137771644893,8.749908463468554,5.655565937654554,208.0,0.09413348261293963,1.7529074792331767,2.575628347210856,15.914818111903068,10575.685919840273,429.7705528601498,4.265111645586907,1.4333495139798877,0.506841382275723,35.026203918459395
Train102.csv,11.77922712170973,0.2334077943161127,1.702880859375,3.7614804512806863,3.079144162803229,2059.397035750916,1423.6354317440014,11.452712808738966,2.110530125868787,5.14274316190699,65.5,0.3383746364209015,2.495117187500001,5.272621705375353,4.883946525625335,9067.675769778747,4387.277987581996,34.537387646673274,3.37984059115735,5.77120840278766,402.40000000000003,0.38199374164952093,4.8095703125,10.465003083326277,38.226214078124165,20418.96448721279,8973.934431504058,96.69892866360898,6.479420517422892,7.107870123214347,809.0,0.07719725842397955,0.8269432244262271,1.864481782447707,6.686726778722057,4245.709522357683,2265.0890368386667,19.91236143637054,1.0294893539802383,0.6947088516154648,184.8947731777118,0.20272385856098724,1.495361328125,3.9027634031463005,3.039341142652659,2348.267556517625,974.0831882337368,14.225969174557267,2.587063792833801,5.0561952090219915,66.0,0.3043353628455146,2.5720214843750004,6.269493155384246,4.8563173381044535,13737.830751155107,4571.324647058214,37.04749872357688,4.3091885265378105,5.605944728382914,365.3,0.37791772079250663,6.25,11.902981370033489,39.57287825453498,15611.062276653414,7563.189590428429,91.29568224691884,5.800750854984838,5.750640590287711,809.0,0.07347966556675962,1.0716100466594713,2.02017481251685,7.293850893186013,4620.908824848045,1855.743004161575,16.77582124966379,1.2278570592690154,0.5359524301870735,175.22121899455414
Train103.csv,17.2979582165158,0.5008979068302372,6.109619140625,5.506291439312909,5.176260348913125,24534.95252650407,8327.663030038835,133.43954109295146,6.441473853010056,5.55951141682163,72.0,1.2000618272600712,9.89013671875,8.701590205425296,14.47183960868441,189229.44890580553,21782.111704583214,412.81922490369817,24.730042320078347,6.002029805560977,565.0,1.4699256027137917,13.65966796875,10.743308845059232,26.90178116023537,363101.8980152368,34817.38074584648,1206.149546675454,47.206160643806044,6.198320269340114,643.0,0.33336486116055647,2.802717219401566,1.9914073491836555,5.725718060053248,93892.80184354531,8128.53824566486,256.34714687239256,10.840378335509575,0.5554208897587232,197.95721404826347,0.6559449040559286,6.488037109375,5.105137756499747,4.623741556625083,59556.79651769154,8175.835179618566,108.1155226898827,10.138709536990557,5.186177129136846,66.5,1.1235107608149566,9.787597656250002,7.012302018014862,7.373886873384993,208622.6472479187,13895.93755361493,442.8182599636198,30.136103264618143,5.811338946647135,76.7,1.526677237447883,12.451171875,10.82221230927813,22.53118862157907,438891.08991554554,24238.291393255466,2688.9648841221942,71.60176983301426,6.835219474775249,565.0,0.2970800328778325,2.699011918228026,1.7547398605780553,3.99659461142564,91830.22899322429,5248.611661086433,577.6328440476755,17.840312200972708,0.7202973150978284,120.65522613525698
Train104.csv,14.093533709854212,0.679966741240727,5.96923828125,4.879947832804737,5.062316232475517,61125.736334514964,5458.570019412072,101.60013762588966,15.734445742075405,5.191417926288022,74.5,1.051100517780539,12.905273437500009,8.010542475736395,14.155692836472609,164436.85785875542,14776.267571933877,331.6145522394436,35.51568138878005,5.747262195680872,103.90000000000002,1.4115163737207799,18.8720703125,13.17973898857314,27.235329872103843,313337.3052327111,43574.66678508408,1047.3132631482376,54.829665690902736,6.010883945000169,121.0,0.2929693775070583,3.830475107105441,2.133106559610015,6.346358710054081,73782.42666876026,7872.4774302638625,194.89228548875744,13.212224231277466,0.3981187138970948,21.39342681613911,0.7427317382918837,7.23876953125,4.8456035155943304,4.703315676058891,90431.78789758043,6048.259591762036,129.5655394514567,20.05061239805315,5.058671980063089,83.0,1.4905133408921105,12.738037109375002,7.529789973598866,9.423308011562353,363933.108583914,21425.489245222067,309.7439906738586,72.01031898249808,5.6707575033710365,105.0,2.199110824619935,15.966796875,9.114179619259083,16.70804018191713,856626.4792530845,34983.640306359135,750.0247138953066,106.56198925401937,5.911469301446126,122.0,0.452655511763734,3.3417108394474035,1.4628373120844447,2.876329639418025,183680.2632836044,8328.010524964882,146.39325280435094,26.327237764944954,0.4355125406000262,21.83154165278989
Train105.csv,0.3857177646907468,0.1164753506595752,0.775146484375,3.7854560540790647,4.251282243579073,1367.8072529659926,49.46316989586799,3.136668364496101,1.7576142782473974,4.687880009291673,49.5,0.25605629900850674,1.7553710937500002,5.340891893882849,10.269678221660444,11738.763596072527,216.60295724624362,4.373526580859732,2.3235131681578105,5.637841407744561,183.80000000000018,0.3123588481648849,2.63671875,7.669600428449654,15.274955078176998,18744.467561945054,1557.2539746447492,6.310668398927496,3.0651964751381833,6.041663386757445,385.0,0.07010499357373266,0.5596054273758615,1.1182789216899889,3.2528521371958496,4595.495732085257,309.04628567426334,1.3673103159903028,0.5551220256009222,0.5661660860332265,72.87746565297122,0.1061885532474306,0.91552734375,3.9769194808776387,4.219752697128664,1799.2839666658579,61.593939525801886,3.6915339166045946,1.970137708329387,4.79803463450828,50.0,0.21890012192056882,1.6784667968750004,5.368916590589506,8.713880642091938,7690.191444691748,169.6739652883416,5.813367446263691,2.558130191163354,5.545326908425822,263.20000000000016,0.42167116468402743,2.08740234375,6.641533720882562,15.390697225511383,11197.798725480714,10235.823052408672,7.057413890442956,2.9252586067419477,5.888764947131867,385.0,0.07339669794836953,0.4665491721807258,1.0182940981791404,2.807247245268993,3081.7717396320677,1768.1317040640013,1.730516058300441,0.5825412338425322,0.7145517216166354,101.19477178163652
Train106.csv,12.84736862393026,0.469396518859009,5.145263671875,5.599830106440554,6.084682928205774,33270.8606211699,1923.8935670487062,43.025795415819225,6.520470676842309,4.9713582459521835,57.5,0.9446623363885273,8.92822265625,8.146510409832286,14.815719672171362,149669.48561728373,8776.851054769077,305.6895543173865,39.039589461770916,5.5507026758832705,80.10000000000002,1.5602028841203757,13.916015625,11.525014636479709,20.55505716276115,447565.5606730963,17588.440211697587,639.0293682967551,89.15010964222141,7.872060836826725,115.0,0.3422352530375153,3.3134814204945746,1.7296373887465866,4.2197862927539775,101092.91609606013,4214.901848310267,144.93996971230888,21.678365489063953,0.6608174833352719,17.909467424730977,0.4824937815796463,5.072021484375,5.90786312264572,6.291764089039855,39305.14479017252,2231.9685169542695,46.72774532566763,6.717653632517763,5.035117274232938,61.0,1.0690321652401653,12.261962890625002,7.6861436429808885,13.424469453099327,196398.76609144482,9801.828991297307,278.62449501774324,43.62927854077813,5.636113179118321,77.0,1.3833810047137567,15.283203125,12.565482366949727,41.56344194277554,340538.33042316523,13486.31161358032,602.1885733843477,81.3948213980836,7.011232301583,100.0,0.33797786717497164,3.9518021921329796,1.929379836072454,7.4729451942634375,89526.59795434626,3842.0881345891744,139.49961059844887,19.6728120247141,0.651528072349121,15.13635937073377
Train107.csv,9.761626506404285,0.38210147155421614,4.107666015625,6.07397808618682,9.461531506054326,23449.43309598265,1017.8187680654275,35.679018197176106,5.63190592503292,4.7861118822284086,65.0,0.8014351380342093,12.149658203125002,10.569871014634842,25.1708400457159,115073.5810686021,3948.009731704908,155.4179172770423,31.922982115200835,5.232012745414601,103.50000000000001,1.138377693085958,17.24853515625,11.625692287301232,32.40769953109866,245045.4951116855,7623.953299276405,497.4271153059582,44.721159905060404,6.29779159047933,108.0,0.23873878849419355,4.349485620373765,2.359594599132233,8.245977516783126,52752.95404625029,1660.4731918739208,103.11965193516806,11.367856440085838,0.45534832917723983,18.192975979756582,0.42485732923954567,5.157470703125,6.0421397844832185,8.058662799714533,30148.491364227542,1308.6967327370648,38.84145267114921,5.893030631742674,4.681904242949921,62.0,0.5835366724053266,11.159667968750007,10.358434219741985,24.893026024000662,64778.430433819274,3548.5007849378685,188.1019461660472,21.314717444969258,5.112408547350052,105.30000000000001,0.971043317962947,17.1875,11.082628070319979,34.990950152747246,173034.8886437428,5200.685868620723,342.05849831914753,58.863109585394824,5.38819431460576,109.0,0.2001229050313186,3.9804006341182308,2.3558354665720227,8.486174443782124,39006.53890491536,1258.2444211672573,82.46080152574395,12.50050038179505,0.378362096877258,18.8758277964173
Train108.csv,11.215485773315562,0.3434803808254898,5.230712890625,6.951450468906542,9.59192953259971,14983.995030191018,2294.4537529290665,23.68259098658595,3.459523063756789,5.161014317637937,65.5,0.9621572221577409,11.981201171875005,10.627307550677424,21.2780577572005,126779.77163924032,5014.34686816453,136.04795845630005,26.194590718195634,5.615095512266588,76.9,1.2266566853898941,18.9697265625,12.316561157505687,38.01128202639637,276716.7103754639,22663.33371794713,380.532931851303,50.6019874424554,7.962088244918988,433.0,0.290024100665807,4.351787496875104,2.775301840013151,8.742504975206108,68939.42892657795,3961.412301147628,81.13629493449726,12.052512614959612,0.6758536204636952,64.95231874950655,0.32325328726965563,3.155517578125,6.14156479632393,5.442402865614842,10235.892253833154,2431.3489284576926,32.91491760832801,3.9465365762378135,5.206222892660946,66.0,1.171033617081391,12.702636718750005,10.84153292197248,29.0179609226746,243200.51344024856,8980.434685834898,170.30245502931115,38.77925006059492,5.70845761519157,90.9,1.4775771232589079,21.240234375,13.960471638068745,37.56809856834202,376428.3171249288,19117.712437575898,403.40747158521475,70.71308226840318,6.048903337229769,819.0,0.3689144600521955,5.222450628116744,2.9621295215891013,10.302481521572112,103051.26630912341,4175.202826901728,87.9818194488366,16.35477519692064,0.4538156899174116,158.1571607610607
Train109.csv,16.55619328441821,0.28105597741833077,2.606201171875,4.158259676109052,3.1873939775060025,7600.876562462545,2430.286648522439,24.819359534555552,3.2042615653112083,4.697618290324193,68.0,0.5360019202851114,4.886474609375001,6.921151054221153,5.9248108295183295,31034.777495428254,7470.265571162808,152.76443820027077,8.172882311267635,5.637965619802993,587.3000000000001,0.7846576284072633,6.16455078125,11.93143257165137,23.062651894198453,107052.41822757223,10301.416032455441,333.5429685554672,51.345956427829016,5.995968626715392,606.0,0.1356247688608335,1.2886442604124209,2.054566755817791,4.783630622895083,20533.8883721697,2666.4028222265824,71.04734258774864,8.78589117662833,0.6130459670928372,245.48707164278528,0.3036178969875868,2.655029296875,4.196271201246181,3.2383621787356915,6858.980081722278,2134.8386773323014,30.749814701595312,3.604356571597542,4.75883837219968,65.0,0.49088914786878857,3.9062500000000004,6.110644162401575,6.389870906049398,29870.02665273395,8186.237879879001,126.7825333816649,7.819988608501483,5.627844877950365,600.0,0.6349866159598027,4.6875,8.447935416311298,6.662807281071028,65239.12706569578,8927.00272868278,209.9766562346392,39.36896213298979,6.028122547762951,615.0,0.11932543653500619,0.8259160517115235,1.2372707167861334,1.3570624659815615,15172.565622144746,2735.439203801097,49.845591224361705,6.610468809332772,0.587299833795851,246.65676865522565
Train11.csv,0.0,0.06762379511114737,0.40283203125,2.9422484592949205,16.516711190899894,69.45580822842626,25.72203842252025,2.8865322904304707,1.6654990011076374,5.751619493471413,91.0,0.12046952237315857,0.51025390625,6.23833327046795,28.96589376155074,114.9291464881873,36.429027599522314,4.44526372025122,2.2570528917926866,8.075801855853358,363.9,0.12818766201386614,0.57373046875,8.33541744824233,49.95987216042165,136.341006857276,45.26076042889788,4.84201297932739,3.1056882559265606,8.0932458774842,3363.0,0.0288031604883147,0.1568596836179769,1.814799438524133,11.236676217875488,43.22149066868296,14.77069490039979,1.3479910376687159,0.5875513586183441,1.0575268980156418,573.330879052402,0.05515552567168006,0.433349609375,4.115800888443735,16.151351971477034,95.59986516296988,35.15419760011324,3.4862268391866933,1.9131107805208187,5.659269226257162,91.5,0.08164026971511416,0.546875,7.155757867146905,19.487062282953293,146.8785054583768,54.446619531855035,4.956044451717084,2.481956263003953,8.03343818796714,444.1000000000002,0.13494965524067606,0.57373046875,8.842973680915371,71.02166371636987,189.92990902025429,60.5420839921472,5.3079165113518,3.022414241201127,8.095632395481346,2084.0,0.024020626022442315,0.16717908046480645,2.0374618598267142,11.354778061971324,59.0843418010818,19.8953017376653,1.5173545831936852,0.6246016630818176,1.0449648794486899,361.0416556970089
Train110.csv,13.203415791337102,0.25933162240750124,1.800537109375,4.275283229109142,3.392988430357863,5793.034059886416,1618.122038415671,13.656535759110234,2.8948664401436153,5.356653743215052,64.0,0.3296683945618358,5.251464843750003,7.443529316539071,14.146667306280477,14656.430189978753,2862.049460381372,38.86534992672972,4.860989544122189,5.608746340311732,427.7,0.8968481933761216,11.53564453125,11.174550409302185,26.327847581975874,127968.15459338341,10255.880649819552,193.17779705599054,19.66184218531858,5.8658557126530875,898.0,0.15291140346877763,2.287248709007253,2.0713794441476137,5.879543023437041,25640.65016179226,1727.0850873471586,32.972813693236134,3.4824925462671548,0.4819125979000363,222.6619999257563,0.2666091068741292,2.24609375,4.382263831390821,3.4425921635689365,7517.216517547506,1911.5286992831132,23.921526117715775,3.351326331196216,5.253715820600638,61.0,0.37847906627089106,5.135498046875002,7.894013224004542,12.34332772985476,23511.48324487886,2810.605820158296,52.20128472616676,6.122649431426278,5.7479091562353775,100.80000000000001,0.5673441914793339,8.19091796875,11.540806803414409,25.700643030245494,41253.521933281794,7466.09635248099,90.24401028283617,19.97663456842785,5.885888953499224,438.0,0.08314248276192208,1.555771000782172,2.2203193884969226,5.233974023542562,8693.078122311199,1320.0290282004194,20.659264732032113,3.2139868929256394,0.5213045663261602,67.11498994263502
Train111.csv,14.093533709854212,0.5580973288129358,5.535888671875,5.475715214414478,5.50622684523086,49767.154435099714,3381.2790455100767,80.19903926661573,13.40631686167442,5.288075609012502,65.0,0.8299840205795531,8.0126953125,7.702038614180738,9.686955484051705,98674.85969383008,11270.938974449047,248.9936326292053,33.19268999575652,5.775453298662608,100.4,0.9709557755183437,11.3037109375,10.546954084968666,30.10288165910248,132750.26398320615,22067.038280683348,747.4196621132213,39.10790786687365,5.969725161692363,111.0,0.20115365865412735,2.0252209819843934,1.604211024099172,5.196914507967746,36075.51417705973,4785.541082337104,136.22355097761982,11.286614668999817,0.4173682338978147,19.086741758024075,0.606888291584388,7.421875,5.713047175744019,6.137832770015747,60038.299519183834,3922.3129906929,82.96860069475545,16.21825253953243,4.966788505002813,60.5,1.295697960008648,13.475341796875,9.538005882053257,15.365199222100296,278612.0874743358,16470.966159346837,251.9387332779577,47.48052042394198,5.381445830697095,103.00000000000003,1.860998867089656,18.66455078125,13.48971319330599,46.86519046873659,631520.6392695553,19012.705376955488,685.9406499024832,97.06761902885319,5.836295969637016,124.0,0.36212424235218477,3.8259233467768703,2.1790884635391894,8.592938457277741,134897.0030902536,5338.707839370808,144.7191707585745,20.072300922431392,0.3609321193155181,21.873214212822038
Train112.csv,0.029670597283903602,0.0627462082411368,0.347900390625,2.677693103792394,16.15927758133639,68.487033430868,23.915954247771484,2.9333276784944458,1.6156341452628125,5.789947560287773,91.0,0.12126784694335743,0.52490234375,6.491166539151637,19.261748016253865,122.13319571114637,41.81919323553326,4.506405607151866,2.402846875936307,8.072156225205777,1378.9000000000021,0.12723720750791023,0.537109375,7.659266284382724,21.69433777012204,131.79125252856576,44.71116696309661,5.279489648160768,2.7248490918284705,8.093650959282098,4816.0,0.028173232976978296,0.16922643733417314,1.9846632780367213,6.488750805602448,46.7076989206585,15.606968241789955,1.4256266690348198,0.5941905700083131,1.1179160784384492,1104.337044834479,0.051668216377038834,0.4150390625,3.9923976849516833,16.253501846660598,94.54346644031494,33.600359066897454,3.357810805614087,1.9778135030871795,5.733761976177316,91.0,0.07040840258458145,0.50048828125,7.28054792714309,20.083654781013262,145.1101823319837,46.711751028510335,5.174434793153308,2.6516169893529256,8.045409607739112,1698.8000000000027,0.1357806583475056,0.59814453125,10.472174745050827,87.67892740313648,213.05022492415114,54.982159358700756,6.785545748100803,2.938016793331968,8.097719565149134,4086.0,0.024849456829950996,0.17510914794094995,2.354867346331415,15.89515278801373,62.885914168553754,19.397675662031514,1.8494211663301232,0.7511568943402458,1.13223247402512,1008.7979421499319
Train113.csv,16.97158164639286,0.3354704356690781,3.30810546875,5.244459090197511,5.235179461707395,16306.130657477002,1600.263053916397,35.43233137981505,4.560985512107232,4.806394263049815,54.0,0.4813766417753308,6.8896484375,8.404421640630202,18.600296979689666,37889.952146372525,3179.5851522052885,113.14609284533155,9.056132084619518,5.464436232201399,562.9000000000011,0.6784025850277415,8.1787109375,9.993662244237868,22.465718915902748,79610.32591660385,4678.694819721238,302.0517485674922,20.145993369755818,5.891247191251466,621.0,0.116397621372899,1.9292611834133924,1.8575794557076353,6.172043112580246,16462.231376995573,1032.6982367870444,69.60644779350896,3.6997191807423015,0.42861900815494924,186.3237453625745,0.2982615011492876,3.43017578125,5.728599990906961,5.040235801421653,11218.850262932261,1572.4798651943017,43.74775361086894,3.7065229656139618,5.115279857396849,56.0,0.4925797429618062,5.792236328125001,8.285462392476521,15.567418580614131,44507.77782142406,3045.6053148549404,89.23330415869137,8.669696717234233,5.4343994637017055,84.10000000000002,0.5924457983181708,8.09326171875,10.707631900726968,22.04619165371523,63629.88464439932,4523.397946319801,393.38927376491733,19.408324740066497,5.5953846333558355,619.0,0.10611923785514403,1.5344944435416266,1.7436819151233605,5.049777974830029,15964.119802906758,963.1499233078272,71.9229289366685,3.881578318632473,0.44636335630546453,163.8232541300227
Train114.csv,14.152874904422019,0.4479344427777898,4.00390625,5.528206135908823,5.4665965329587785,22689.649675424644,3001.569411120816,62.600108073838605,5.755055418126107,5.201711161100705,62.0,0.6752216794779796,8.861083984375002,8.064030957844862,19.615637208942264,69480.28260219206,6697.309479305384,179.65965649400852,19.045331667460065,5.88957311320354,100.9,0.9659975543030686,12.21923828125,9.317611997511031,22.176565740263033,158046.1024388099,10083.595314047701,4619.594805717954,152.22839155561252,6.054420716853369,2363.0,0.20570489032507777,2.72567161645274,1.5920821433480201,5.77525240174562,39916.513663330144,2565.457043854912,797.4233469254426,26.548014709540205,0.513926072088496,399.47627701584173,0.46204676420278196,4.67529296875,6.348935659730172,6.329661466400635,26941.628948986236,2762.8518221439263,71.6680772413695,7.902837774955012,5.3671190087525495,63.5,0.7246052730457474,8.900146484375,8.444318227923748,11.820561987944789,87962.68007254126,7120.477419452225,162.11916723233765,27.45493435340671,5.932166682504819,96.50000000000001,0.7873913565125422,10.72998046875,9.46949539197405,15.758912478541312,109863.33850105497,11606.725041753627,236.94834020673855,31.82309140904632,6.261016240510475,106.0,0.17444994150647314,2.2333821719665266,1.6368760373798832,3.337893585168041,29334.741922535446,2747.7797368083243,57.556880902699504,8.80888932908527,0.4785303431615288,18.42711571977557
Train115.csv,9.761626506404285,0.38210147155421614,4.107666015625,6.07397808618682,9.461531506054326,23449.43309598265,1017.8187680654275,35.679018197176106,5.63190592503292,4.7861118822284086,65.0,0.8014351380342093,12.149658203125002,10.569871014634842,25.1708400457159,115073.5810686021,3948.009731704908,155.4179172770423,31.922982115200835,5.232012745414601,103.50000000000001,1.138377693085958,17.24853515625,11.625692287301232,32.40769953109866,245045.4951116855,7623.953299276405,497.4271153059582,44.721159905060404,6.29779159047933,108.0,0.23873878849419355,4.349485620373765,2.359594599132233,8.245977516783126,52752.95404625029,1660.4731918739208,103.11965193516806,11.367856440085838,0.45534832917723983,18.192975979756582,0.42485732923954567,5.157470703125,6.0421397844832185,8.058662799714533,30148.491364227542,1308.6967327370648,38.84145267114921,5.893030631742674,4.681904242949921,62.0,0.5835366724053266,11.159667968750007,10.358434219741985,24.893026024000662,64778.430433819274,3548.5007849378685,188.1019461660472,21.314717444969258,5.112408547350052,105.30000000000001,0.971043317962947,17.1875,11.082628070319979,34.990950152747246,173034.8886437428,5200.685868620723,342.05849831914753,58.863109585394824,5.38819431460576,109.0,0.2001229050313186,3.9804006341182308,2.3558354665720227,8.486174443782124,39006.53890491536,1258.2444211672573,82.46080152574395,12.50050038179505,0.378362096877258,18.8758277964173
Train116.csv,4.3912483980177335,0.17097575166312895,1.904296875,6.093771207406814,8.773742913603481,4337.236223831675,211.53033875553365,7.31227548139238,2.030798353329266,4.928468175672859,53.5,0.3626828909075739,5.534667968750001,9.381515293248851,25.669653027255706,22634.526313802824,661.2593027548278,16.49902585620198,3.697764228382312,5.8836277173031455,102.80000000000001,0.49548387962105545,8.26416015625,14.420832277807431,37.06188986595681,44993.681318740564,1494.7269399134138,20.634733159897873,7.068704012535949,6.113158517954184,114.0,0.10700379313638132,1.8729658566754335,2.4910647254498395,9.004723618247333,11162.566321748753,323.78585336234835,4.539899462345533,1.274499658338212,0.6298185433027655,23.39596319346566,0.20160144528028517,1.861572265625,5.969506821674534,7.09812527854101,5705.884605506646,238.71638476476105,9.054676428586237,2.408712072789324,4.9653149008565585,52.0,0.3544457277894971,6.80908203125,10.672033530410665,38.81900304358617,23439.969264077867,502.47429189278006,19.81746261313896,6.027551930282672,5.5347186444921865,101.60000000000001,0.4941470782797178,7.89794921875,17.143867182432622,103.40614047774798,47436.283159801395,1171.0511884062314,29.226027807523963,9.92448891508148,5.889191908470025,111.0,0.11292448288188768,2.355953078192522,3.2265524942994075,22.485541962799175,12228.75556956201,244.67813097131105,7.097063958010434,2.2819524114141814,0.6081412183317412,23.464650940297407
Train117.csv,15.369369393062065,0.3500502706006945,3.314208984375,6.41373877788243,6.929876601600437,9548.5305438378,2821.3271790110593,62.20232376463345,4.321436474985363,5.285190679338523,65.0,0.7759322492235534,11.040039062500005,10.17768968686126,24.15601276898977,104898.13305836257,7425.71423008602,197.25684861349504,15.758091956728418,5.912633664340212,117.90000000000002,1.2480739357750235,21.77734375,11.385189658087443,41.66411220272453,293807.23105730856,8996.737608015093,240.0636114626207,28.217641743853118,6.122627986757004,516.0,0.25446526323359586,5.000909516171519,2.3388414071860604,10.01312437704439,59899.17518511462,2468.912205575593,66.30087547238193,6.681079111876898,0.4825849536422723,119.67151900488896,0.4262765406502708,3.80859375,5.05463573533311,4.466686694175349,25348.834094436945,2972.485856207665,61.670200016148826,5.353105602176242,5.153809957052981,65.5,0.8598616874365073,10.263671875000004,10.249102215398134,19.841315646734774,133417.84024568644,7408.778782900117,189.06928336553113,20.86044070413321,5.578811444804544,89.9,1.2768207260860993,23.681640625,11.539510925636757,40.47481677639269,291905.6106593355,12069.735366986139,254.67213269963267,25.120180477022263,5.8008856276493,109.0,0.26055657998783843,4.736579809678818,2.2620481946451183,9.432195736668291,60211.0263330802,2927.34802135195,70.95184592360843,7.16167742242738,0.5290892122043478,17.35970549865406
Train118.csv,1.335176877775662,0.06768689832461075,0.372314453125,3.1351981391880446,12.64613766148612,69.94186169768231,30.26708573268943,2.612587903239511,1.5316209542788561,5.8408018612114425,92.0,0.11872299157054221,0.5322265625000001,5.841269416525883,19.7421317356578,107.32785774121614,62.32021636495182,4.493678243444503,2.1914509142693923,6.395554830312318,790.5,0.12981728643299698,0.732421875,10.295854551037955,31.685106859535107,140.73706390428043,143.4470690089057,5.892706730194602,2.7651300299719854,8.017351463658851,797.0,0.028475993857036704,0.15827959987946674,1.8198571700522126,6.79754594359274,42.563607422361144,27.026731179229042,1.3787663610676453,0.5664994953012259,0.6800772501290285,326.6968667946442,0.05538373609982698,0.433349609375,3.868052694788913,13.431562585935884,110.93573328066023,41.62625195378692,3.30448264499898,1.816200917123453,5.650963586763607,91.0,0.08367312778227001,0.548095703125,6.929002997210474,17.449121760661548,157.3508486238208,68.5997681676395,5.2524132583438625,2.578339284734592,6.464541486960746,794.7,0.13280285070933026,0.62255859375,10.813005052813315,61.16627348357225,188.97837992448717,97.36767604088787,5.835322938666798,3.254949188643198,7.932869866208306,2419.0,0.02523031298746484,0.15691672696198675,1.9105247586266845,10.15434826904334,58.88616413565441,25.386650056890048,1.622833350041524,0.7077651145060205,0.6810059530142994,487.532137362182
Train119.csv,13.50012176417614,0.2091906739082545,3.192138671875,4.856339603354533,4.202386728676174,3894.7307487762546,1383.9585546827366,33.95779156209995,3.218905521599737,5.376469384213671,50.0,0.6494387160428593,5.270996093750001,8.829411636960108,10.938192948563447,72463.08867309154,3812.044642670299,114.19261966704957,19.380784599055833,5.977146544545213,354.40000000000026,0.9296265189422718,12.3779296875,10.5409372460536,17.70046193326169,146114.78901566463,9628.143300022028,281.9962222997747,32.09844506912269,6.077992611176217,600.0,0.23375510919721343,2.3447508649329234,1.8764628431510881,3.5746816747323784,35716.50934294643,2102.910798871071,55.844708428932165,8.786436831082371,0.859674581702043,151.0477696324494,0.2733827296015327,3.62548828125,5.652632386612256,5.285734458679513,4141.484072147177,1908.8731862797317,37.408925999424696,3.4743744912474073,5.261979852592691,49.0,0.6532941319333689,8.143310546875002,8.824409515804755,14.21144526456054,68436.62902217887,5844.178552588798,109.70633036835615,14.738922772368573,5.841481760217179,222.90000000000038,0.6925995222595642,10.986328125,13.199951746667857,27.207286700177665,72378.05732469114,7466.045975280409,175.5906882002356,27.79694525116446,6.214521414095714,605.0,0.20194681348468785,2.708484246250578,2.2419355731870874,5.601905236821738,26075.103667918727,2064.6988255384977,41.26995963365195,6.093308190512546,0.5195329460816582,123.18589468132096
Train12.csv,14.449580877261054,0.3019490239526078,3.50341796875,5.079762093258411,4.358215067191038,10468.678468268177,2348.3691112962542,51.23160432910029,2.89879421294686,5.262589465581399,63.5,0.7038532982963135,7.333984375000002,8.290372108016484,16.361960054626458,81913.18194821397,6968.92544247711,167.10192650513972,11.357100869741915,5.70003988517457,79.9,0.8673975234833895,15.17333984375,10.53936115943919,25.988744054531548,103985.23916715808,14660.536298205772,233.4510742674577,28.923889612900467,7.96257162734333,403.0,0.2018708427693586,3.3483961738380006,2.14609200869257,5.7135229070388105,30057.247068560708,3481.139031260466,63.68065577061515,6.133150219296512,0.6126145425779359,64.76465055057041,0.2907104970676454,3.350830078125,4.51878992703905,4.383777970787437,9959.87533118666,2142.844315385497,43.26954424784731,3.7972606560180404,5.2708261570024035,62.0,1.2246547998310382,10.670166015625005,8.241535264540845,13.930944987570252,295635.3129040381,6095.824928332334,202.38268099607876,25.933745676751908,5.940552149928578,104.20000000000006,1.8432592450055834,12.40234375,9.645467025056021,43.951410905006846,660214.5522484323,12026.446596375525,1346.6758252886716,81.78378372941572,6.942964173070906,550.0,0.4438731275500907,3.4676838633356546,1.9994934767091403,7.771119174753191,160626.1637534245,2545.8111089697995,239.80866831613577,16.48930862977683,0.8508155759302286,108.60636617361571
Train120.csv,5.222025121967034,0.11226534862876711,0.689697265625,3.542297949232153,3.4484224911658394,226.1110042348372,242.09249953890324,3.781588830030967,1.555478874055157,5.318264692976718,781.0,0.14500586365785875,1.1535644531250002,5.159673656195901,14.855023334892854,1510.9399387798337,641.644044690181,5.184015564551002,2.1669844612357023,6.10087653094853,799.6,0.1869996069429724,1.953125,8.469001256018384,20.063783964982765,2487.796454685764,936.4578981909555,7.278063646358938,2.7134608055677325,7.395761003465635,808.0,0.03258976428579072,0.37969845580112693,1.186347312745148,4.838210729902892,708.8402348953634,267.3456698074405,1.546138798501755,0.5726311603415115,0.6338972432896409,354.9126157855621,0.10139528151512572,0.7080078125,3.753839639169894,3.205425122789843,343.41442970363335,225.98389879894987,3.644255327897241,1.4340530499028792,5.378932206710691,570.0,0.13827720621036393,0.9838867187500001,6.308425750546081,9.493738443908027,1533.3397045417057,670.9688251772295,6.2865525922268715,2.901265380511041,6.065346674200136,800.9,0.16543418941204563,2.55126953125,9.254784630847341,32.43380720189063,3678.382796882345,990.6145915323558,7.136924422170258,3.1301640025239132,6.859225547171403,805.0,0.03129070921038086,0.47375775685036947,1.4191518974127288,6.987427406665657,846.3311558959751,265.45630357843567,1.8867347938876782,0.8273302231642674,0.6203817110959015,355.8938776495565
Train121.csv,9.702285311836478,0.2628790934139261,1.806640625,4.355720740501165,3.4914880873816174,3587.9693621685196,2033.6941108844894,22.53467416202856,2.256349626726509,5.448714589166439,51.0,0.6618624610382111,7.814941406250005,8.115853023487105,13.698002147664786,75397.6606573073,4331.126944578853,92.23277150163257,15.2783200117747,5.7751088372978225,617.9,1.4708924595923207,16.552734375,11.3839153376484,24.893899725854734,396639.8707534348,11428.443949457784,177.36294986565284,50.029923462528934,6.063077298871929,790.0,0.2706336875378264,3.358738998954282,1.8838129238439643,5.19010252160975,74145.20891318248,2103.0205694440992,37.88913337456321,10.210582771627436,0.6951083294401901,235.70829926786627,0.22964333233400186,1.690673828125,4.0538023397239344,3.096780580788791,4315.076280509607,2092.0420341552935,22.378983632759702,2.9078387838355493,5.485076663683772,52.5,0.35051272163578157,4.824218750000001,6.310918121640548,7.309990023456361,13243.676656624284,4402.7386226711915,83.37959155854914,6.0594131144102015,5.800518914829958,415.6,0.583492109851724,6.28662109375,11.199239688633272,17.99251852163578,53690.587832851386,5899.610885851939,169.8752940368111,20.116624869906676,5.947394818755609,776.0,0.09578663833892438,1.4615289614724825,1.7266683312702968,3.1019200393073145,10077.485600357475,1411.0086289787316,38.993927180384325,3.8004969638761437,0.38145588086063753,203.38254586108783
Train122.csv,11.571532940722404,0.3824056183014245,4.998779296875,6.138127433259179,7.349272927953537,22486.06130617285,1742.8098190329433,32.7452422755064,6.471507604249938,4.762983498437361,57.5,0.7968753604579645,12.675781250000007,9.39127418387474,24.176538962510424,117611.30234959154,4390.6489310513525,114.55989356729422,25.168214157788803,5.263645144939918,85.30000000000004,1.1214543802627623,17.9443359375,15.156599552572708,55.22738552155051,233969.08078228438,6480.045340864754,1709.4224474684243,124.577969981467,5.777412242402143,101.0,0.24992653595410966,4.224136355598173,2.4629802998796584,10.392096840435286,56162.53666050772,1635.4898750321395,304.0195473418323,23.7295603044552,0.4609935122093852,14.062222219478684,0.403031826507412,4.47998046875,6.143613713600422,7.201602651370937,24143.444119844407,1842.4992041859591,61.740288807799395,6.796688142813171,4.668046724291023,62.0,0.8412730833569096,12.589111328125,9.572708317177703,20.059655960669193,116441.94967467106,4339.272641646177,163.1523551142338,52.92541614463564,5.294125586408834,67.0,0.919658104727817,14.78271484375,11.087818321501999,28.770209173897975,163432.26775586724,6934.641654054393,2076.1481959324615,99.58206566762303,5.500105956072173,113.0,0.24342102203706634,4.073039267685295,2.1442306507803024,7.168285584302434,49408.4262189889,1621.4642212463734,363.40051953640426,23.576966740662844,0.46034252827790517,12.683034928596546
Train123.csv,18.395770316020233,0.7297986602991752,8.441162109375,6.819072229643167,9.238389053453965,68423.45243002189,6045.015828887741,176.53844122108143,17.132888629298144,5.014063928966502,56.5,1.196499154582557,19.600830078125004,10.237747776499523,22.370555645171127,254158.85100825725,13515.75342491037,437.6843410030828,47.61568419266418,5.4480867742727215,68.7,1.501258158530587,24.42626953125,13.507748404766572,39.7068514619298,384190.6642961916,20587.02426791668,596.3558019245047,96.06492454426659,5.9422062132454645,88.0,0.3612296940895261,6.54111269168074,2.300009365496875,9.195319709619193,99829.06856924474,5404.153189534105,161.34660027685666,22.20343512521972,0.369070090742651,9.885081878770656,0.6394387376179793,7.305908203125,5.454706073872348,6.682133211105294,59199.07226753291,5851.064504783196,156.70420926985116,15.85728803005272,4.967785865063667,57.0,1.1468765194464188,16.759033203125004,9.455787743203027,19.22147601426492,233560.89278998418,11053.691867733423,372.1297787326986,44.949454189774954,5.385268688402165,68.4,1.4173297808554564,25.341796875,11.553084737959907,39.861856518455795,329786.9336715952,22453.565472881135,488.6481562931418,83.99712786580517,5.7554629350242426,77.0,0.32888878476984607,6.379833416197949,2.1416030972825446,8.908987908017522,91573.90861605197,5207.608023308901,139.37503593891714,19.635643605603914,0.340461443717015,7.044224141096023
Train124.csv,9.998991284675514,0.15657196584793706,1.18408203125,3.9852248169451894,3.318383306565379,2140.6913750270687,665.6523528481521,7.8855182935739,1.9865071473465694,5.279040759070567,65.0,0.24946004997855162,2.139892578125,5.407324155003627,6.761687490252754,9213.480670373052,1373.360280594775,30.722482074445562,2.937838876390166,5.873457586892486,355.5,0.3459260512734454,2.62451171875,7.323590415175522,24.29011659529314,17370.26877579454,2104.9768136022462,35.150956912994445,3.2832941661570505,5.99746433815755,589.0,0.057154779449039864,0.5007946425847556,0.9734388082199906,3.7955077710788707,3919.854559418885,514.2946420144635,9.30737307790182,0.6293315706479047,0.5124005748448439,160.92850703029592,0.17655662355339202,1.4892578125,4.424165407473236,3.34147390643984,3288.758906326701,656.9378000147472,9.329701873155926,2.3607559168632806,5.221905583742692,65.5,0.24931480393183972,2.4145507812500004,6.863799115831528,9.443462464984066,10113.766918521567,1244.575633548197,21.210653267200627,3.4545123173055194,5.7610559595753426,82.9,0.33949320899986146,4.35791015625,8.445880066375665,15.796160230664263,15478.038548482422,2380.5118233982857,41.76802712666174,3.780057230895251,6.044666820193554,584.0,0.05085239075864036,0.7044071686368797,1.28824818819518,3.0139047420081218,4079.196742527586,523.3067684690925,9.583570862156073,0.7398364865463893,0.6792225481886404,110.09916960830131
Train125.csv,3.9165188414752756,0.16351418398484835,1.397705078125,4.344539235245276,4.673920249758622,3309.998508865194,145.5929437006971,4.665528780862811,1.6447001835120338,4.959405697246957,55.0,0.2673370469045008,3.4484863281250004,10.221982647885389,22.302564371335805,11436.077169788738,721.51875781489,7.863997297070611,2.8004438057103833,5.82407197790141,152.8,0.3395956822160713,6.3232421875,14.19987582806695,55.36157280902758,14722.935038899113,4423.291752851888,29.092040079406924,4.214373411309159,8.042014930128811,338.0,0.06979343102651125,1.2906824552570735,2.952865908414154,11.345720179960837,4095.1311055607293,779.5919050649957,4.8041237385937965,0.8256348818055129,0.8228954703364005,63.92008560499587,0.14813734662981803,1.104736328125,4.538239283298553,4.396262181784977,3440.6849921904704,128.3077460938262,5.715058765976856,2.0039307230588768,4.768792395693248,57.5,0.2536044988081507,3.1298828125,8.909284459417721,21.73081118785871,12408.801378128195,435.1567661974162,11.797246855575706,3.0809578912328357,5.804677199721255,101.9,0.3673852428658065,6.689453125,10.166966680717605,34.87427049897961,25393.741711279064,1319.1977953826595,26.310480858536767,4.4680522391747886,5.962135763203163,210.0,0.06648139838325628,1.3600127105522135,2.1317300790523097,8.45107461628157,5238.205417253054,256.0988987059741,4.667997480130975,0.9804706522900829,0.666830481506687,41.34454128116552
Train126.csv,18.36609971873633,0.4667967575060681,5.33447265625,6.21477316037941,7.208366191081197,30880.923159195565,2230.7105026092404,56.23410893532734,9.834726270299996,4.941968833800192,55.0,0.7770126304214344,9.066162109375,7.933762930027475,11.195422906977075,110925.91292939402,7915.893194687969,229.24601604991227,39.96045024693126,5.460280299325018,67.7,1.2183653762537492,13.330078125,8.990765690074348,15.679440976424663,227470.74946430695,21665.92448980526,530.6168951482516,62.17896695100572,5.750263864773297,91.0,0.23525354541738216,2.6786835436040866,1.3327918449128406,3.1029394339770873,51776.43532854245,4038.3719294883567,130.61241920277314,15.777786538682827,0.4918655619776616,9.658019659847458,0.40814694776974025,5.09033203125,6.430829403870742,6.367548208852481,27605.94524515624,2395.0701049015597,54.55429908146455,7.286161528399882,4.856504157148886,58.0,1.0558401992394348,16.35620117187501,10.792587388026458,23.52427038056107,186578.5748523223,9893.901614508824,208.87276980296923,34.826013395212726,5.501010441129373,64.0,1.604117221400526,25.08544921875,11.889163716721118,34.88128669136869,414894.04209386813,31453.116494487786,638.0935859353524,64.53163419853956,5.824421709109198,76.0,0.34651608532279815,6.072083684723008,2.388955639295209,8.506701023568493,98173.32917220955,5879.503198075064,130.08891941722908,15.748666155369389,0.3995390725599001,7.1545440106270926
Train127.csv,16.79355806268944,0.4490366063729629,5.70068359375,6.270148139262764,5.3241951911757415,18851.639111140303,5893.962205663409,123.79799971705049,6.268419924891299,5.549895286774237,68.5,1.0724586144249717,9.66552734375,8.117664701986037,12.75064042825749,173125.75245810623,20921.756426830856,417.5346929699826,27.10701392517135,5.995055617657917,95.50000000000001,1.695068218720738,11.9140625,10.30392163357254,20.782681782307698,512654.0076256162,37042.92525714045,1318.1422939110653,55.727057123471916,6.108682484139,614.0,0.36112257587201185,2.641209447213325,1.8248251456463949,4.365115284412408,108243.36056315425,8640.989279326828,262.3539973105918,12.603441562050907,0.5560847932118267,109.36571389151172,0.6983929562734901,6.878662109375,4.894900601942496,4.4200266592901,64926.67387859213,7622.436314717801,108.6093599155983,8.41511034840039,5.1366268831870245,66.0,1.178647279124771,12.381591796875002,8.928256545246734,19.473530130668195,235056.90109246603,15884.847703784048,597.2321324773151,52.07785636109917,5.606409743130783,88.4,1.7988617197020618,17.66357421875,10.591648073032482,26.49554119841698,552195.1312687006,30506.919239919745,2876.2627374961817,82.0182922940636,6.0969935576544305,105.0,0.37140000011238483,3.9708464117461695,2.0657529100518093,6.428140281321541,114994.74988558285,6779.511511690447,551.2429252388375,23.637936632505884,0.5798391213882604,12.306589634724155
Train128.csv,17.327628813799702,0.36699806831552473,3.997802734375,5.726678782606674,5.638285043356248,18262.86945322671,1650.0540091366593,34.09515543779125,4.423269976101299,4.983140044477251,56.0,0.4479424677198411,5.954589843750001,8.631507524999366,18.47776654116036,34404.11319822406,3173.493009568246,75.16454969702825,9.158823400157424,5.660495214921939,621.9,0.6652075376265925,8.77685546875,10.942760922981776,22.78279814605238,79164.50601465572,5999.86224822325,117.09979933236954,14.031120826735423,5.904310087773163,632.0,0.11195432784822516,1.5670393314155802,1.9931913272054873,6.013246489867221,15628.450247707371,1305.2864191672086,26.389078571001143,3.4030683195308633,0.5119612790112982,205.8850725184745,0.3366097001293866,3.5888671875,6.508446108717694,7.076729156541473,15540.450894525235,1674.688601627799,44.752240772786536,4.4954825127958085,4.984382400469843,55.0,0.595798047909623,7.888183593750003,8.327128779927122,16.156467981417087,62013.549253229234,3984.2050344914846,108.82712711871599,15.131065133111987,5.4624189821533085,95.70000000000003,0.8372600823835005,9.55810546875,11.596617657915747,23.91665857539036,128900.65810719588,7773.126888334507,158.81504063038128,42.442591674873405,5.678553963233654,644.0,0.14546294156119574,1.9916144986264215,2.0047788746732063,5.238473849516814,26701.75898835257,1472.1538368799677,39.124581458515586,8.274834038941492,0.4586205336271854,170.8365332525511
Train129.csv,13.173745194053199,0.41386367648260275,3.802490234375,5.803871219880659,6.272111709543619,25177.404664291258,2279.283302630429,33.28416904381544,4.5880647575089535,5.21027955370036,50.0,0.6419438700591724,8.028564453125,9.19870146072142,18.38517103346705,58656.119585961256,6339.04231303743,114.47691103322573,13.854964687100782,5.837114056850864,89.20000000000002,0.7950666890873261,11.669921875,11.920379683706175,22.60485970883784,108444.58157966202,10366.2445562057,314.0266805476818,35.85663452015384,6.015379625060171,585.0,0.19432735055426587,2.6933057013686454,2.1695332431428533,5.359547276132482,26645.239672986132,2417.1571046806553,59.150118468061216,6.824064414453691,0.4318593646478522,108.13807272851454,0.39736074346004513,4.681396484375,6.492714196435985,6.603733808766979,22458.548605888354,2232.328165264832,38.94511980739641,4.9583376197667,5.256078696631558,57.5,0.6946008145735151,9.88037109375,9.583402110448171,20.093365589268767,72941.48866658077,7173.79260299284,157.874538627813,21.25183335195026,5.835567268969686,325.5000000000005,1.0249448842838085,13.14697265625,12.754120830564801,41.92796481031041,164730.76937858816,14566.82819655736,196.4807352302795,39.36154453865887,5.916526268059086,594.0,0.2342972257330751,3.5652819210462234,2.0052396407026944,8.223811847431547,36008.54041313572,3223.9347926700643,58.97625027885227,9.59662068158092,0.30138783249351775,143.303651465821
Train13.csv,0.0,0.0647178354080086,0.37841796875,3.1875885394887336,16.97682162753617,64.34762487351476,23.321849904506912,2.660740836367134,1.6082807367978904,5.7971713341433855,91.0,0.12047403936299236,0.47363281250000006,6.1405217470441205,35.77531010209316,119.07952252076878,36.528394728263024,3.909273055941052,2.0079080799794986,8.085681380538688,1035.6000000000001,0.12653057496354092,0.59814453125,9.172484759851379,160.6942650456456,122.69901242473023,47.70595913190235,5.582357937522832,3.053261856680913,8.093487859507723,3364.0,0.028967977330769834,0.15282755150490912,2.036683308936771,35.93239666199718,42.586711351786484,14.820496507231281,1.4055337737636275,0.5769988227730044,1.0662968559495705,681.8486181594398,0.0528251887383686,0.372314453125,3.8889617892417077,15.869125082613483,81.65984032217244,28.07908052310267,3.154346707110837,1.6633796342166445,5.717778992907908,91.0,0.07458930107036568,0.5700683593750001,7.56218630843258,19.64554434093061,141.21037891526285,50.010068581299215,4.6981218542884555,2.6680494849949836,8.068045069543588,3697.000000000001,0.1352153957366146,0.67138671875,13.210652080096226,95.4819463611905,205.05185515424404,58.886751466384865,5.703166970951962,2.759280020657093,8.0871709837799,4478.0,0.023968499012794516,0.17762526566449827,2.703406594321308,16.157232221085543,59.27301105179374,20.046924823792757,1.5439487070728504,0.705407093325174,1.1369534268314196,1485.0380979435342
Train130.csv,18.603464497007558,0.643780251013705,9.80224609375,7.259419891273676,11.77426580384185,53249.54343736169,8339.399860221954,223.31206275125362,22.23057514726159,5.315684998436832,57.5,1.2113128120399421,20.493164062500004,10.503812285145445,29.531225424510104,238018.13467819805,17949.955074512367,513.5217300912138,43.309198851206766,5.92316946680564,562.5000000000011,1.2602665223262781,21.44775390625,13.141332138435311,34.26751609405733,264766.04408185696,28038.218210622937,799.0304295201868,122.41547499830848,6.402038813126668,693.0,0.3348355419713851,6.168655961934219,2.4368481048643464,9.833741079589865,88504.14034481141,6181.826072103794,182.3716569424863,22.53383710642197,0.4645367358490005,197.7333446486391,0.7119624228978203,10.003662109375,7.148426146690079,9.228792754740388,68458.1701489701,8577.98649213065,225.17028969939344,23.89432748715018,5.195047159256055,55.0,1.1835666872659423,15.649414062500005,10.783900146202338,29.44525494932365,202971.97852631888,20322.361667139696,405.4997850449084,53.05054727640725,5.59902264570135,67.9,1.379142735548311,28.30810546875,21.8524027109993,101.16425983424611,287048.10369887133,32804.04090855898,720.312238797864,67.66792389212074,6.395512227640479,614.0,0.31243889959437104,6.229916158206386,3.2484326259891003,18.19601733265753,77283.31913032358,7652.898139374608,139.73358304993778,16.810125644789107,0.39443681858694785,97.22491241317731
Train131.csv,6.497860805174889,0.13153748106853336,0.830078125,3.5671992690835634,3.0163111691606614,626.8037274603271,470.9169898076321,4.635308442768425,1.5443752116570697,5.2957117842659525,439.5,0.17795989957271172,1.2536621093750004,5.3151579965565965,9.723003185952557,3018.236627721968,1196.2412398803142,6.610220805111624,2.198572133738766,6.036443305992277,804.4,0.19983879536563048,2.03857421875,7.7043690089249095,17.9845703160717,4358.434289038503,1469.0725464972718,18.347099356945293,2.732874497097476,6.190032952186535,808.0,0.03409712967022189,0.3572494030127057,1.1774056251822316,3.88336882845365,1198.7840128827127,418.4596430444032,2.8124497799652377,0.5516405418152317,0.5081103645603083,365.6228205063245,0.13350278674989158,0.921630859375,4.12007876303109,3.5489650358990406,1107.3032107142785,485.9391441317514,5.2338084110110925,1.9090671149707161,5.336673134905077,92.5,0.1678121112970855,1.5380859375,5.824413385750902,10.687514316672212,2897.9706677520976,1158.8587114987267,7.598453078097147,2.584944336123232,5.7529984262598415,799.6,0.19267896909633567,1.79443359375,6.800950063198781,11.64669902632146,3837.124636077973,1481.8894312894577,14.776248426020242,3.3226472872687927,5.8800980149174515,808.0,0.03504494874242441,0.3743778957018527,1.10907002850325,2.929325474805976,1033.167812037254,405.55307112610564,2.4568123256369137,0.654750432865626,0.42154956146955985,359.2709632018708
Train132.csv,9.850638298255996,0.4067678594644454,5.072021484375,5.73223512603508,7.856355358529452,28849.42209721879,968.1249160544478,30.47147653768057,6.904492849378048,4.416031128462413,58.0,0.5571609167382755,9.219970703125002,9.244746049739177,21.422942345235164,55422.08785623764,2011.9436801624643,61.28065993841964,12.944792925450743,4.954201413244056,65.7,0.7565001696594613,11.16943359375,12.737537896739623,43.27757738267653,101599.64874449896,3742.188768547795,211.60687513931748,23.363385400333694,5.162819043084917,91.0,0.13683632537315069,2.6629970466720336,2.2490397211868314,9.272703258051841,22558.893375919517,739.8029864460403,42.929854470619226,4.914176449328551,0.40716237265262034,7.538896533147275,0.3940200290955733,4.351806640625,5.919518969660037,6.24472268943841,27638.663627491165,831.5468518810563,29.19109618971241,6.643832850372847,4.544265526011083,60.0,0.6511397105934399,9.991455078125005,10.13516655324834,29.51694624511206,77730.56400869162,2722.0057949382867,74.32539149029022,18.663356316569864,4.969101641164243,66.0,0.8790571973242711,16.3330078125,12.613361169784296,34.15339831419055,144888.2770851855,4072.9560584579117,390.5349182484664,107.17012254453793,5.409729010801725,82.0,0.1717664945471942,3.4843911530551672,2.4218829389917094,9.713746979714282,31284.21930612937,1009.7551336584901,72.45425580761002,18.95545006506612,0.33857650190651806,7.940144736558648
Train133.csv,17.654005383922645,0.27501331499658466,2.35595703125,5.027025439845296,4.528650688475967,7007.056104380859,1951.1349778472286,34.9065998595967,3.994979204796514,5.002788867949594,63.5,0.8270213798292267,12.246093750000004,9.984060842055321,18.78272067099891,119814.52040447317,7647.792893557315,151.15604250577954,26.513692683679864,5.663797289117662,643.7,1.1566705454441595,14.7216796875,11.950662581292864,21.609932776150174,240308.27896686632,9556.751790869102,302.64860358489904,86.15829198697504,6.218981793964369,653.0,0.2791457306305215,4.064105333802056,2.489830659442645,6.372421255747035,60292.216704905215,2588.2255219676485,72.91462478372273,16.091492227384265,0.646833451119532,228.06625099683205,0.30810329405265835,3.057861328125,5.0345564021674685,4.057240547060645,8477.311444840041,2225.906311381689,32.821479587347255,3.890553911339615,4.867134694054485,61.0,0.6759141640899264,6.917724609375003,9.01736606363492,13.028337965691916,75471.15887813101,7354.554649008739,164.43955006333442,31.340156047065076,5.571758676584376,643.9,1.3112611202953954,13.58642578125,10.349611810927247,17.425184695651964,313857.1077557363,9326.45620069515,398.9449520740356,57.924152414503766,6.187157505699275,648.0,0.24683119792469363,2.690171572943818,2.0370965628346216,4.055100303633466,62004.118031309874,2567.143561311841,85.30223482952553,14.296580395016663,0.6714371961507222,228.86250648588117
Train134.csv,18.45511151058804,0.4672500120827418,5.596923828125,6.184397484245359,7.226024794004541,34057.06007466669,2862.25323177564,71.48723065802614,8.413225529882636,4.959504144567649,56.0,1.0257171971131476,12.55859375,8.159808324358968,13.584888783860999,171629.75933825006,13800.875852318972,321.5390308507281,47.38077129348514,5.52909260056024,70.50000000000001,1.0486128886350228,17.78564453125,9.420472397859708,24.667937396777823,183600.66131720177,17761.900657834292,532.1289397778131,73.16491645821107,6.283832794738579,101.0,0.28585335742879614,4.353053845839984,1.4865269050254064,4.622965472503658,60186.11578937092,4950.591581936324,145.45103732342253,18.588530577169593,0.38794909617550083,10.497023387608508,0.4853910558624679,5.377197265625,6.093294772115399,5.754278047298662,35923.911925049455,3242.182586074322,75.82503584456215,9.569452759902283,5.056413913851429,56.0,1.3212033822965938,21.70776367187501,10.11263650878533,24.953401244449456,324859.77445209835,13413.467351315672,348.058421570099,46.298820186404036,5.288111424761606,63.800000000000004,1.457460151114531,23.8525390625,11.430389717793286,37.12712212492294,381366.9299370315,19303.71441061645,439.20360730052465,63.9351808471665,5.483894984361849,76.0,0.3781011663462839,6.815384115527126,2.1667751295678275,9.041567597359427,116172.83258635203,4935.997526054759,129.75102326179996,17.11521629083213,0.29778654546393635,7.8159992163510355
Train135.csv,9.286896949861827,0.21864001137144412,1.690673828125,3.858879546398074,3.098201951665529,4023.4318559538287,1771.0539324028935,11.32469725272356,2.1856255100377244,5.0595732410367065,77.0,0.3493573777954369,3.1945800781250013,5.732423662616139,8.038281187571926,9868.724180851019,4484.107245482734,35.715700668230006,3.2604539787022473,5.627019682161138,564.9,0.4661099954677507,5.7861328125,7.275771761354844,11.920270001659627,39714.2548865923,9361.602457735873,62.8052006845888,6.787263627045428,5.816448592218687,847.0,0.08713486907157453,1.021856436133371,1.0283248976015105,2.2194685510062984,7802.6036188531025,1955.5871255350426,13.288913574137691,1.2153273216490317,0.3985415355687791,227.64483713671171,0.25068775337564414,1.702880859375,4.119874320954479,3.248542707743745,5092.375560580421,1721.3032366406658,15.485486517166777,2.562464620024106,5.072686340146329,68.0,0.42425312417503275,4.772949218750001,7.203536607183301,15.130937289084775,19223.964681634963,4062.6853523810646,46.26066134256369,5.124072608139193,5.469698262902513,549.0000000000005,0.609035996750494,10.19287109375,9.680866361279191,20.615025171437267,49315.78741786248,8145.260389052528,226.65236141006625,61.08008036375339,5.687219418240515,847.0,0.11235199990946529,2.070151222386781,1.7044883507063255,5.125852316287828,12137.385583293275,1897.591394752824,38.461504518778284,10.258044944346464,0.4268760280253992,206.40213849046597
Train136.csv,16.941911049108956,0.39620864331071526,4.095458984375,5.182514988072734,4.486675834675271,14371.073962321274,6190.483688889908,93.83696483841433,3.8490595662634846,5.3774766971097,72.5,0.7065655077101535,11.4892578125,11.75878547128297,27.989173098672072,71546.60347484982,10429.217590230719,191.01948387754737,21.027285653326278,5.981743672406431,595.9,1.2866346210152264,23.4130859375,12.732574240740684,46.96544056986648,309864.32336836064,12278.472056254293,310.18175595674404,37.9110584569981,6.0308290569445235,629.0,0.21626962979447217,4.676547766043168,2.8915464063294194,12.409396848774309,56295.87727812591,2910.5775076103087,68.54970045358381,8.19804353128932,0.5308051146458512,231.4031397495235,0.43156838979901396,4.266357421875,5.5263873581260565,4.453993006995453,13427.456525512898,5352.641515149036,83.0174863712683,5.379680949248112,5.298980128861364,79.5,0.663855266206375,10.445556640625004,9.130883875335517,19.184376483412755,62425.092565359126,11156.267171511983,237.0214721668964,19.168416071734153,5.915867507392838,604.0,0.9442550955946236,16.8701171875,10.91871010545758,23.365465494178235,133636.6653601629,14513.263058128849,370.85457413743893,25.574340140922455,6.070979253235844,630.0,0.16065891895675846,3.30285519189864,2.3032788954584564,6.79443504536626,29809.731117722094,3374.5485196208233,83.7168236132581,6.846410119489577,0.4946412365686494,240.705465442208
Train137.csv,12.461650859239512,0.3226083169882912,2.410888671875,4.202592120411085,3.367871264606655,7153.45623810548,2049.331332418708,34.768247946624726,2.683977946916767,4.863214259214292,64.0,0.5613653355899734,4.653320312500001,5.945350984662234,7.8696664843371495,53775.151850384726,6055.109053637223,110.64144609925782,12.877127384377967,5.668704647912897,524.9,1.791006988870647,16.943359375,8.757484348908127,13.499355316045307,621942.6156049836,15078.488679953722,314.17615288256405,49.9471272950883,5.90221633150796,952.0,0.31254711188874335,3.3450445838433085,1.1813060161096753,2.537726196135291,110073.97029390506,2964.0718717020004,62.67862162993691,11.145693499224844,0.6079495860481855,234.3793666259895,0.30601687507149133,3.08837890625,5.134533448352035,3.8750920155734234,9238.014798996632,2838.885957723904,40.249125197149766,2.9896569647880167,5.181084603588332,70.5,0.8532971853306555,8.380126953125002,7.820681982136685,10.30863882077661,129179.72443397401,5174.324471957195,134.5708878969151,18.445224921377186,5.734274117569208,516.4000000000001,1.012094059853676,11.8408203125,9.371777451233127,19.724409682969824,185003.76157695847,7150.887939484889,175.8635049996926,52.659274210387444,6.269851728082804,663.0,0.23944771266735718,2.8156612059901445,1.6385855667772653,4.192985421143502,50091.8969275722,1803.793914688066,49.21034870325491,11.421585216053973,0.48735785723162345,173.09362305916991
Train138.csv,0.0,0.06451922874044846,0.4150390625,3.273115061823753,16.779008138866754,73.4505066423298,23.45286461280348,2.6418617227334686,1.5667171188258255,5.865276369989613,92.0,0.12033131117853206,0.49804687500000006,6.8770855891259455,34.36844002596147,115.19959149706763,40.27841883773818,4.026808724544177,2.2320500295294265,8.078725919829253,3045.600000000005,0.12641251707632348,0.5615234375,7.810801997706133,62.000480672714055,146.86040051335917,42.21546009324908,5.958521397406677,2.7593716575292873,8.094470333967376,4463.0,0.028616882973660593,0.1521275251313368,1.9045765422305363,12.798401197381482,41.54769140626743,13.812724403597485,1.286898648098523,0.5107671837110632,0.9887437285423809,1217.5280139872552,0.0547028696902378,0.408935546875,4.045003813445682,16.65608607982883,86.3144558569082,30.75723584577056,2.9577716217930297,1.900399364976741,5.756699989911322,91.0,0.08080282758362455,0.546875,7.590634537869297,20.149741710095594,146.85724570892398,55.60753588067684,4.782736708829871,2.6025247159740355,8.05032163015991,3705.000000000001,0.13486758811531877,0.59814453125,7.810474230268791,34.46667157807208,199.22097864766803,61.45071179362562,7.383414265798993,2.825732358723576,8.091879411231021,4464.0,0.024151824373980894,0.16225338479656762,1.9695525613036815,7.07846787907496,59.78856909769079,20.21555355275093,1.6435627991440127,0.6515524696908696,1.0939025063228378,1482.5658050187646
Train139.csv,5.044001538263612,0.2300246494505106,2.42919921875,6.594829392732722,11.186320009226762,7962.3026829369455,314.97792509562066,9.8922629293119,2.4496906077177307,4.952150877490286,50.0,0.38825461314571075,7.164306640625,10.302849325091671,38.26734301653973,24754.117150035345,1187.5424813629584,25.962398718836084,5.7893427706749385,5.623663523337983,88.90000000000002,0.5930667760990119,10.94970703125,11.708665593026627,48.10194864779799,66072.80734275567,3446.856323630034,43.95806149925832,9.54842426178529,5.868153229645024,103.0,0.11848006804893146,2.5613553489772984,2.8182161575504825,13.553985018843557,13976.528188628432,695.2955441507278,9.32458446677896,1.8907537312005593,0.5287451730675732,20.95808223424796,0.22287094853986,2.5634765625,6.526980264275606,7.229992151395104,8222.374031635267,312.66450318277737,11.190496950347448,2.8289450930762876,5.039078597583192,47.0,0.4094471292700989,6.38671875,10.04318834245849,32.77709680397845,32089.193520797508,1626.5912098789308,29.620387088588267,7.243183714196394,5.445704528516745,97.30000000000004,0.6061608450508382,12.3291015625,10.57259217347255,48.14966648800455,69686.93811221844,3180.820377432255,39.24520641696851,9.409746063496968,5.618760859103245,107.0,0.12906241926058218,2.771593336197413,2.251514383665926,11.753479908931284,15824.43863362623,704.5648901195735,9.685111365433691,2.2515018148546107,0.42055266094850935,22.101240773992757
Train14.csv,16.318828506146982,0.3336701070255005,3.167724609375,4.758896222023234,4.012475371751114,14274.912483303622,2273.175134901844,32.14821224807801,5.762954258826042,4.877552456809564,55.5,0.6836395379868555,7.337646484375002,8.707149359004411,11.408350735030767,74094.14651876957,6936.873834462989,218.91770722778946,18.55363909947552,5.506087704065833,667.0000000000001,0.9147806281018374,10.8154296875,9.95201018635219,22.799150372353118,148447.05042712047,11566.554904121038,252.55612098362568,42.624162455420105,5.78425626471285,673.0,0.19381902048907718,2.2907508003836203,1.877495916576706,4.5099754197823705,32779.30697358026,2947.7840243252717,73.9856487953667,8.400477054414155,0.4509571293680634,221.69043159536113,0.2509468985912902,2.960205078125,4.863703749035469,3.847271582178949,8584.173282905587,2204.3438592774764,38.99756498700779,4.528181014967905,5.06108372099718,57.5,0.7863918798753646,6.384277343750005,9.440276021250549,13.777051969061628,104702.38480194595,6587.284841996616,125.95165236214142,21.497706054957533,5.461487153193462,670.7,1.1792014617582671,21.2158203125,11.387141901078008,36.41285489906231,246270.54900392573,11127.438901111642,245.36707544557825,32.804419651009646,5.655493366159203,677.0,0.2634996708567437,4.734807516962401,2.209851989149771,8.398949473335662,62340.87424754876,2821.4985581429537,60.79650605439179,8.526318021509908,0.4148602100116791,268.9301848732074
Train140.csv,6.1418136377680455,0.18750185004133058,1.64794921875,5.19543959560383,5.565674691001034,2821.939117896792,322.2466770275504,6.82921296741011,2.078140758825511,5.106695590620719,68.0,0.3075199072197665,3.7072753906250013,8.45788602987192,16.912845282273654,13506.867957837641,2807.3093281946863,34.19830643152296,4.551778683853619,5.60535738291671,96.90000000000005,0.41816113402808025,5.89599609375,10.985932730031616,24.39097292315274,20604.381926821618,4477.497915553803,40.45176971873273,9.686704142822796,8.037071702629706,901.0,0.08391320217759753,1.2370925606130567,1.8522336646160367,5.808108428461805,5447.4163198599235,1228.2765184179648,11.41250268405644,1.7412427204402132,0.7685150867223941,171.17378550394332,0.1813538356591166,1.79443359375,5.643155150191436,7.092830413203195,5052.406739989823,248.7837213505586,7.845383164129176,2.525362830588157,5.168718150135328,73.0,0.33145971840545774,4.6435546875,9.29479813342192,22.995959938526752,14666.809015798197,2149.623589575875,24.254182521946227,4.4275856184787274,5.705120140688031,99.60000000000001,0.5866852249137157,6.14013671875,14.08758955752585,37.54237400043106,65133.63243940236,4592.604925133835,37.28671108039815,11.253167082680063,5.8013850551506465,365.0,0.11093354148225493,1.5479633049537274,2.399489013368879,9.04025169795979,12028.154167128594,1135.095296668989,9.442816892385363,1.8728563976152102,0.6173492146281789,58.753116606163964
Train141.csv,9.464920533565248,0.20776483901088838,1.666259765625,4.1689180569687645,3.7178111232800726,5287.409502298952,828.2729029491695,12.844246400538097,2.37630628022107,5.2252152851069145,46.0,0.4773697654226892,5.761718750000003,6.670694340129352,10.501421747643908,40906.14451369126,1627.9630126228358,40.34866737561859,12.204582563587502,5.7090139127455775,56.7,0.7965714961247695,9.55810546875,7.857737025754754,15.567337139775008,120566.77405990024,2187.3659917446125,90.20858136812464,19.018985111987686,7.793859293946807,367.0,0.16961880009941,2.1690119078733674,1.310922873551334,3.336239401530611,28679.513091693192,542.4175798028838,19.449927930922613,4.536212651177419,0.9104519751646892,90.78481060142991,0.18146032365262627,1.40380859375,4.2033604726019185,3.4531148146830395,3658.323671487702,960.7205110763434,11.96460726203323,2.652290836192595,5.338362881090316,46.5,0.6456781195696749,7.508544921875007,6.4959859406534335,10.113021972351277,79123.94321212899,1857.0799534077155,42.8832172094614,9.35216206215024,5.638357607090354,54.0,1.0288441221442,12.060546875,8.074891985082026,16.217708711279627,206637.99639441835,2428.380329571851,86.32596478709372,37.004623144461846,5.784353260599123,289.0,0.23178695430184737,2.708224865991054,1.220646318392644,3.4043003382126154,48727.16983590576,578.724043121945,21.058392737733435,7.214422416384537,0.6800743459000965,43.08381185259726
Train142.csv,0.0890117918517108,0.10894035006094818,0.689697265625,3.4484267364847154,4.115989439006672,903.9854403501378,42.90240349393498,2.760931094249111,1.5522944737635544,4.960604406873516,52.0,0.20972924383275593,1.4599609375,5.540995133584969,10.168955620570744,7167.6430022603945,148.34465156650353,4.732350890807947,2.239325770107388,6.168141423164031,198.20000000000022,0.24904970516715053,2.33154296875,6.148183336640215,16.56226623740768,11312.131943368246,2960.229539936198,9.400590759224078,2.3968232918900987,7.815658758842666,380.0,0.062457547016416294,0.5301539943418291,1.2100931585428139,3.3642238326704685,2986.545499269352,520.3916626219368,1.7751173748219466,0.5341818203260507,1.128649528210098,95.74575708614978,0.11056383191380449,0.84228515625,3.86301980112097,4.411339633064279,1127.4995867615917,50.55791848174921,3.319139374569879,1.7054806362366215,4.742180505968143,52.0,0.20629856029437652,1.6857910156250004,5.789810364493478,12.026987117211474,7733.65617718248,142.18194899815595,4.857016856902864,2.8746067521355543,5.994782555112614,103.00000000000003,0.6513307667033847,2.685546875,6.556740769399024,40.46217238775819,10611.76036341193,27677.024259613012,6.6522124671863905,3.059262186270202,7.829725150548283,354.0,0.10823282963282269,0.6166495592385219,1.2645119974428456,7.18844305645822,2988.996760399859,4805.893192715462,1.731523641650267,0.7304831378879313,1.1459767243208936,76.43806214020604
Train143.csv,12.75835683207855,0.5013309186142967,6.536865234375,5.620393142277392,7.015363287049427,28352.763305848166,3773.3079922797733,117.518907126591,8.754085269530329,5.212394990037742,57.0,1.0399021162820674,14.473876953125,13.105437056570697,38.07557525928529,159344.91368103612,12565.894776604804,223.53570608722407,31.764143999754964,5.811746944284076,64.9,1.3088129173191798,24.62158203125,16.411447045351924,62.54341358705093,285725.8489171424,25688.818750507704,391.10002316553465,34.85239743021057,6.325802669514769,572.0,0.3063082408202793,5.827874655035306,3.5503248057393217,16.00918113769699,70467.17761651405,5954.529750731322,84.44098825212359,10.67425952882219,0.6279449758400848,90.12542800695873,0.4889000143472654,6.298828125,6.980926419319388,6.499842044372577,34030.37898180587,3636.546049764811,77.37056801684396,8.539175264451357,5.025838688965589,61.0,0.9211848388438391,13.930664062500002,10.727583342923946,21.527116575947836,112626.95057254298,13572.385776514631,229.31754008929624,27.35227020978527,5.630971342424237,105.60000000000001,1.035584559091299,15.5517578125,13.672226206704455,35.5934808483456,170903.88006224736,18523.356095114665,370.9804985890209,36.92478550708591,5.9466139988402436,611.0,0.22399944483990367,4.0992490276743325,2.62588228106548,8.928710149738013,45592.67442701074,5008.552439349481,86.80751231088203,10.305741333547715,0.5508946318848317,153.36786543613854
Train144.csv,6.26049602690366,0.19909134618742746,1.239013671875,3.8455237710852384,3.2421369185014863,2914.0188543930535,543.6304606416224,7.944934148054427,1.9648225359453972,4.630686235825961,57.5,0.23397782549198584,3.287353515625,8.781773764606745,14.004101775138029,7144.903468838622,2624.5055706474504,19.758122308007565,3.2154736102546373,5.277888674195673,492.300000000001,0.3220350885879679,3.69873046875,9.854042729930818,17.36144725637,8248.89751660024,5780.348908584027,29.36627527546391,3.278301778680477,5.6847911941433535,548.0,0.05965922224704599,0.9624701190117139,2.042339246698609,4.605913646190547,2293.648258311499,1303.0959059956417,7.541578720147717,0.8237859976894758,0.5773187465046733,159.65475141203126,0.1611401087644366,1.171875,3.697577531618892,3.0244242709858207,3447.5486948158705,410.57580758786963,8.236312082870464,2.155003575937703,4.626138180377599,56.0,0.2705650384166133,2.864990234375,7.8657209555808905,12.874106801864091,5975.845695533112,3181.2982176744013,26.47860659164201,3.032648279802642,5.242178460082752,90.30000000000001,0.2940942380684445,3.7109375,9.39072371615536,19.938097259148325,10256.698333934013,4766.799351424975,32.84664245066413,3.2815890190098145,5.596379007786648,541.0,0.05757656262379622,0.8645470857083432,1.8391687314854124,4.534108635185525,1933.7635741273352,1278.2458954907613,9.16946505316837,0.7927307359846345,0.5580208093307185,125.32202270550854
Train145.csv,4.3912483980177335,0.14544525453544987,1.068115234375,4.432862885942473,4.444044896273002,2314.8882607771156,145.82393952088992,5.580230992569408,1.8471976377138883,5.183664507020647,53.5,0.25449727018970975,3.3520507812500013,9.84661875052118,26.068332750640877,11248.424496309986,443.82281312192293,9.50651700588305,2.9950132787645494,5.764325540693776,97.9,0.3531675574728146,6.87255859375,13.289387207210172,52.02067040624575,15886.814573609381,2919.779125126116,28.13823839625926,7.50770330489789,6.119062976581623,161.0,0.07045627339810451,1.5431741912701549,2.954562698951367,12.148109669469347,4215.142723046448,525.184577614898,4.434905012027143,1.251064191175853,0.463312437377215,26.237627292449673,0.13019897364968547,1.092529296875,5.224442758179384,4.71045513102956,2720.659173289173,155.20202241374358,6.369761459594013,2.076632539246954,5.212243121032391,52.0,0.29855020126854626,3.067626953125001,7.8662857793237535,13.207266140468352,14346.179815957312,724.3076196497171,12.763646077559908,3.8364713613595365,5.605006232292712,97.9,0.5569227875435913,8.77685546875,10.528379318464726,45.84082099221993,60808.87420178341,1182.4543642056917,33.07018682805323,10.43769954276164,5.770915941894089,170.0,0.10384570340920528,1.8854102933976937,1.9542014033505337,8.585429328551934,11644.180791207456,272.60944719916506,6.5218867703252785,1.802111702206445,0.562600904231499,28.003069028233316
Train146.csv,11.245156370599465,0.4649358232617573,6.121826171875,6.7757613795663065,10.803304101199636,32913.416767191964,2359.2218454868935,46.3379237467084,7.950839025420542,4.7589635394456336,61.0,1.0071053600790532,15.222167968750002,9.872187257176067,22.735027475089392,177327.06148761555,7297.681934178507,248.95087899624136,33.42781811615935,5.2330798208830425,90.30000000000001,1.3005261786853515,19.873046875,10.643149729094846,32.589571472536676,307190.92717763875,12200.089223030487,1187.57617082656,101.91320113986598,5.600781688173242,104.0,0.3074577496161624,5.284235140876629,2.095833673748645,8.021373130250222,77336.9363884739,2839.4368135096483,244.3631267922239,19.799861316186878,0.37673564577098817,14.789010911822333,0.4547648147978326,7.269287109375,6.6664774517664664,9.107372954391543,33173.06825639955,2077.3390933241903,42.070951594612694,7.756964625980913,4.779692279986623,59.5,1.052430123187586,15.499267578125004,9.759677653295128,23.1923549788659,182973.43570985328,7148.3182104049665,293.84328580494275,49.91294308435148,5.2621276924826415,75.80000000000001,1.4856386327378817,23.52294921875,12.479237558278331,43.94696447589521,410666.42041735,18969.21033766898,1698.6187890629055,147.3663049155285,5.477004759265686,98.0,0.3301020062405968,5.282242571628767,2.2674003089764287,9.397933869953917,86839.49947436225,3870.0249938033003,305.33538510164834,31.620038733856564,0.36442713665632975,12.261314927445587
Train147.csv,10.948450397760428,0.207656090474283,1.568603515625,3.9085083763083355,3.527299475593525,2920.7255895352737,874.4712407680022,10.304901208355574,2.1915072184800275,5.271304630143853,74.5,0.27645044822169584,2.2802734375000004,5.1349740301052424,5.5113359584934765,9962.076583855833,2367.4697094278854,29.666343988878744,3.433196413779296,5.680388506885501,311.7000000000005,0.40505177514243257,2.587890625,6.773041753489751,37.28911157937809,25707.952243711483,3731.632529057805,38.60735104367415,7.035035797441173,7.087258606235796,383.0,0.062316135460154354,0.4757621855177352,0.8041675210611237,5.9210650485755965,5006.153876565101,915.5283476538608,9.936737440345143,1.1327469957133804,0.6386282711283634,94.48212049774286,0.18402526193683555,1.30615234375,3.775633741220181,3.1515801990518812,2634.3359503254433,902.005512420811,11.342628671727915,2.6125935184930715,5.033932483067572,67.5,0.3099331574206989,2.36572265625,5.404465103356963,4.669178696007323,10138.617290086055,2367.5023789414204,33.28962222394212,3.1365757134380066,5.698874162013867,90.20000000000002,0.3272368809727417,2.7099609375,7.033547055509578,6.6372280102942085,19402.517187113324,3566.1390077806723,48.864534845182796,5.136082401668014,5.8848277949817245,381.0,0.0597576721589335,0.5444950873025898,0.8930865100014252,0.982333497495376,4363.870742038861,847.3023779328881,11.684412106450502,0.860519719326442,0.5685472983190417,73.54972807563601
Train148.csv,0.0,0.0643545944541348,0.390625,2.870711843369625,16.68975911380017,64.3437886304707,22.690004485445908,2.720639362247264,1.5557068427530996,5.774019527122277,91.0,0.12017226365009291,0.50048828125,5.728857528195552,30.604286399880372,114.50957462888644,38.616667491329764,3.9214682033743262,2.074229118917163,8.092514749899841,3226.300000000003,0.1261440612559298,0.57373046875,8.884636741940914,55.84417128921255,131.00485521171422,47.02325229012582,5.047886059341327,2.8047322351960413,8.09578791375575,4482.0,0.02835293832190527,0.1642553892875399,1.8864377406753643,11.591626483149184,42.678705860683564,15.224128138827885,1.3154995276889512,0.5550735313594041,1.079060313367732,1297.66869048823,0.05303416653728486,0.372314453125,4.001935522519189,15.782656094630735,79.46178641751212,28.171338437609066,3.031705643599045,1.7076629063907944,5.830926456164139,92.0,0.07354800211568709,0.50048828125,7.661175414449064,20.431678682478736,134.41921655010594,53.52748942425431,4.564650118105194,2.4637120072579886,8.023312137978657,3364.9,0.13576298835609663,0.57373046875,9.788805459303433,69.85468452079267,192.11701774695985,61.26582943456301,5.15865276968074,2.9624293045157044,8.084049218399528,4463.0,0.024955591236064136,0.17941531461726856,2.232761987392952,11.901924121148145,58.00806102694656,20.464395496238087,1.5135638785980372,0.655377708109802,1.1047205165501963,1488.346691802686
Train149.csv,5.607742886657781,0.26973396515892734,2.5634765625,4.79407196625691,4.905624214699383,11333.649647049693,399.68584529428284,10.269035974226643,2.2840360077895623,4.649007911285848,60.5,0.425837753110233,5.941162109375,9.104245239700614,22.787324776886297,31987.84419962041,1333.1424044941414,22.114657982560658,7.054559784959954,5.3969523394335095,100.60000000000002,0.4999705991445542,7.50732421875,13.784424045060312,46.390238592880635,46671.72664149678,2282.493044729483,34.81605101857704,14.487208579886886,6.310388086868412,212.0,0.11355962273843183,1.944455934861459,2.5911911450592626,10.444049560116726,12613.675893428626,557.7503559264308,7.898060804351687,3.016978972298243,0.5230940213354379,31.678006467421525,0.295763402603136,3.02734375,5.7620995847028915,5.708534316727849,15006.933742782883,469.45997415637964,11.782464694286636,3.250775265671929,4.472433825884641,61.0,0.43803875824999566,4.61669921875,8.581336713188781,17.231691956518212,33889.845578185974,1297.834106715079,22.485074317123754,6.2253736325975515,5.168033305630742,97.4,0.5643747928741515,5.92041015625,10.689946360095762,27.44079313310607,57713.49414251117,3454.0297173019635,30.017599570052145,13.9574846761907,5.327812135149966,104.0,0.10070253246252027,1.1338403961847539,1.935418294569184,6.705773320843075,12348.85910737658,638.4892437961992,6.347411479295464,2.8489645211669545,0.4434925646452839,17.256537484023266
Train15.csv,15.933110741456234,0.349387739039997,3.62548828125,5.804412646730144,5.63825768919823,7360.990050885526,3208.3563812849516,53.148509766369415,3.6523892320817914,5.263170823035603,81.5,0.791291037603054,10.162353515625005,10.338434391693678,15.652675823144508,92996.3128628521,9774.17510363722,146.76786987760818,25.97340590729683,5.972901734843174,548.7,1.28254508647527,24.86572265625,12.16377194221999,43.71649501408056,304782.1574706021,13636.639701241547,275.4261996535757,37.900189116497316,7.622483778901016,599.0,0.2789423199703183,5.239727068908204,2.5723185225037266,9.921610453354782,66677.38798156874,3762.493387324092,69.98804925678937,10.023159525918743,0.60417416197133,196.85375877475644,0.3869747895183394,3.973388671875,5.325377096787857,4.88398386080244,18911.785192220006,3572.3762385285113,42.292714068413474,4.24641123639257,5.10600475652861,65.0,0.5989073152508767,6.234130859375,8.627324403078838,11.19831851940947,55085.38203745828,7014.6820431564065,190.240617257205,18.757254674007857,5.635470440289484,107.0,0.8931087193963931,11.6455078125,9.68084645330775,22.479670162985798,137746.01748409143,8948.658413169042,378.58388349466173,29.416708074352815,5.958500637503747,585.0,0.16489188934589402,2.2825210088653183,1.7179374091778004,4.185429309492196,28727.693121467615,2332.519864119876,89.13643768983164,7.000795495161466,0.4410107974972831,145.80575892583084
Train150.csv,12.995721610349777,0.5077132915899932,5.511474609375,6.061586928455957,6.418833077152322,42170.422329246736,2669.063168548484,57.002034067490996,6.813568546638983,4.9408191891083355,50.0,1.3283893898685868,12.647705078125004,7.871114448583595,13.462240241029324,326154.89656899293,11125.443392685915,274.9190903905686,58.95466138744745,5.694283443136434,64.0,1.5116065227635063,16.63818359375,12.672990710589284,27.087851276655567,401433.93036158534,18487.43279239531,1048.220440649181,106.62845516124142,5.876411886982039,89.0,0.386511297048735,3.8855068787640077,1.687725371284602,4.816375029280287,116557.72879906253,4391.301208075914,192.44288303623455,27.37863871512656,0.483069319457959,10.831044429670667,0.5405269137662411,5.511474609375,5.431026920384122,5.747563566745311,48443.20627913432,2353.7389917720875,63.99493677028483,12.228781789184822,4.795683275117485,48.0,1.2465474352153374,10.686035156250005,8.19254602553567,11.903982096176103,284416.67024202435,7697.766090102521,284.83850999983497,57.70833115759571,5.715245170638684,77.9,1.4510342313197615,13.36669921875,14.381257137967737,36.719088671707325,376822.12107827625,13403.91414617989,534.9696250554856,132.59831434050287,5.777612826725584,331.0,0.3458191713923047,3.1826659178653705,2.2699220230696042,6.047476904896858,100654.30054529176,3407.1977944493947,113.9619484116683,29.484486446003817,0.7186269627928896,50.32690011316016
Train151.csv,10.384709049366261,0.16957644677749323,1.20849609375,4.185502805334904,3.2924657402563655,1969.5922314450004,651.7295278445697,10.112459066868144,2.227379192047243,5.5158602653313,64.0,0.2808312370534443,3.7390136718750018,7.842533577502822,10.960048591479788,9521.469519369626,1376.5419923762445,23.676514995293235,2.816396030556785,6.001725982053079,757.6000000000009,0.46097520900295197,5.45654296875,10.889185398364997,30.743524691186323,38373.38674990076,2474.006377561139,39.555277081334,6.750257758603836,8.047102071853779,806.0,0.07503228468689198,1.2394081742014469,1.9643456631848224,6.2623398701501145,6958.750865231304,493.8656983816522,9.005492388272826,1.1476297062681795,0.7566791649236794,247.57508330807445,0.1554955024211117,1.1962890625,4.0710882300345705,3.208230323243745,2081.5831961012627,733.9792823965188,9.776641135584804,2.38031891134326,5.351207998084581,68.0,0.26394036443869234,3.317871093750001,8.015276903157655,13.86092184079929,8722.42371178067,1700.5262324804223,34.79461932922812,3.231790625947186,5.995485801687702,392.1,0.5808898692024671,10.07080078125,10.780368815603032,31.62428832542416,60571.11504832801,2122.83680904953,72.53545600455304,9.209215763480175,6.1906185714756266,806.0,0.0868660066096362,1.7868794084156956,2.1714306473782035,7.4095715616887,10381.879380367945,592.1570547452288,16.048675909502684,1.3877860614012212,0.5426757150842477,223.7093189274868
Train152.csv,16.496852089850403,0.321947690781371,2.691650390625,4.953168126666546,3.9889541768244268,13704.20108698069,2128.1785353038713,29.60743123092104,3.7352444220750036,4.737750380676475,55.0,0.48444429051441135,5.224609375,7.714054154919214,13.087868790041002,40001.186033049744,4489.442078554024,129.87992154593493,8.819998471943823,5.66990854336045,100.70000000000005,0.7826503696171241,7.23876953125,8.124659967685526,15.866502886159687,110712.46644996513,9909.232721506582,165.99566376563595,14.081900899261015,5.844248775001495,644.0,0.1401773568420513,1.5120541865157486,1.4076443439804949,3.871361160603046,21883.61074357607,1994.5681009983457,45.62435216343945,2.863599428432508,0.5189895463825416,169.42969596561284,0.2801096770074238,2.79541015625,5.2981032388092455,4.004584458565093,10258.19540280975,1621.4453724963926,27.988501465080024,4.098546802654999,5.157021304570129,58.0,0.5094170552523383,4.18212890625,7.84130957233741,9.525681519176606,23082.031833865105,3973.8015954543553,152.52751715615682,7.979747195903856,5.528084570157875,642.9,0.6220264509179299,5.82275390625,9.222645829481449,19.936244423961973,69247.82453412004,11677.006551333174,675.83526793591,38.66293993757037,5.701867880158518,671.0,0.12435412764222804,1.064897800337249,1.560501590512286,3.5938179010608895,15877.230909043856,2419.1828569548165,130.26827331662483,6.258828767343766,0.4895085511848147,244.26661399163314
Train153.csv,4.717624968140672,0.2139557927969884,2.25830078125,5.266754203798644,5.943821682464369,7750.272767487287,339.2441335173074,7.878700978275512,2.2821708433330157,4.897520989146701,48.0,0.5533903179075558,6.668701171875002,9.693949219695384,31.919194201282583,57366.86018442386,1374.336262573823,20.206212317048422,5.994852082866922,5.4039113161064005,103.50000000000001,0.629538259971373,11.3037109375,12.275533431020651,40.78160660871467,75560.9176391923,2345.7693936644932,31.323737115257085,11.910690872996781,5.748199820575346,180.0,0.14507916682002947,2.499898193892319,2.4548821146980004,11.30679132169103,20382.874866125447,544.3910579957363,6.904513408084098,2.452214923634675,0.48625006601929893,35.089714816987325,0.22535378162929903,2.38037109375,5.675645087736251,6.078667156255277,7051.031518273174,350.34197268525867,9.270483947989522,2.6253083047950883,4.976316297776165,49.0,0.3706089307672716,5.4052734375,10.28510089558736,28.25305090296707,22890.07554205059,1171.432282724899,18.53677061804748,5.40320991871265,5.395568256810331,102.80000000000001,0.45809673755581576,8.06884765625,12.64331720638413,43.86736732629613,40113.450319697775,1916.4761100337741,27.055473286541023,8.333181938833693,5.597638591514856,114.0,0.08544143044422536,1.6750465571526134,2.6080203206493238,10.947508223609235,8994.330325665383,455.0707763224218,6.229225021657397,1.7535323607783193,0.537197720896592,28.896298962842977
Train154.csv,15.339698795778162,0.4030518466779456,4.302978515625,5.8953490374514175,5.4685597592235755,20373.700046080405,3240.038645057719,50.75714318475033,3.3936262195352587,5.2543586471911645,64.5,0.8178709583580399,10.618896484375005,11.050221943224736,17.862635459838934,122616.44899096113,7067.223005862606,154.16821401405446,19.305234116271546,5.692964208222314,101.0,1.2111973022358768,17.17529296875,12.238625590986413,27.342996099681592,242827.60426134808,15891.822624710469,392.3806605344128,45.77077930934222,5.8638743936452995,107.0,0.25218993373535914,3.663441654096357,2.531167326817094,7.221701757110176,63787.98348097501,3137.8802349450734,83.19299495919776,10.02342718497962,0.3996467912080953,18.533305113700038,0.3988297286958479,4.21142578125,6.452249645375968,5.684541645660006,21263.203196394395,2842.7180605107883,59.8978403730617,3.6861406455141283,5.420283435767856,72.0,0.5344671977150903,7.138671875000002,9.8147437660375,16.053539449281907,43746.41472929352,5831.122398166685,123.70690784737317,6.726064904251696,5.7989221814962715,101.9,1.0275962794807298,16.17431640625,10.85392815746828,24.544520405002892,181557.06654910676,9436.88059331469,236.09838099330656,41.59441005500769,6.100075832496408,410.0,0.15413907477220545,2.709875851876298,2.1841400306896914,5.96236842386054,30519.633970541687,2034.6574732809868,51.87906377775446,6.8191248875516575,0.44379419497586986,60.78741132010805
Train155.csv,0.0,0.0653677591576976,0.35400390625,2.5495830363655685,16.861588436566073,59.505029917984245,21.606809085433728,2.260523620961406,1.5521759731228841,5.7790872936794315,91.0,0.11795700608233928,0.48461914062500006,6.393425670289759,21.460597674716784,97.09850812235753,37.186074705726696,4.4642531877551095,2.10367282166877,8.076009209229131,3345.5000000000005,0.12966349735816035,0.68359375,7.894716622991808,80.09081203190092,158.92167876208876,47.70990377968897,5.290988459039786,2.7496682625393922,8.0967117209612,3399.0,0.03060849001128621,0.16891787904372182,1.7777691628951016,13.816058506583799,45.962843678869916,15.189868171751971,1.4739172063362302,0.5664632857353207,1.1166612844860513,1169.2850045540652,0.04837590611893408,0.390625,3.692441480943576,16.647056321991727,90.12152321343805,31.83669715025015,2.990358556330135,1.7823168721332578,5.922845453582381,92.0,0.08165595334279366,0.54931640625,7.003317856704899,20.697941820469183,155.3210177481251,54.825128486475435,4.3223945155505605,2.577158896670089,8.085131518455588,3675.0,0.12755424794667897,0.59814453125,13.031551473445488,91.71186840801097,172.8341780260266,57.74021107400293,8.751293227042492,2.98604033990637,8.099118763245517,4726.0,0.026069522247822805,0.18487551598786392,2.411336872300881,15.512515641891632,59.846436720712,20.709839701340943,1.7934304106676755,0.7143007464026007,1.1452229739010096,1648.3562216336727
Train156.csv,2.017600615305445,0.17524307426942876,1.2451171875,4.005493074190118,4.095194934652564,4269.98307154358,102.46214338649163,2.9423043941126537,1.512137306064922,4.700020545104195,62.0,0.27432103811791864,2.2570800781250004,6.338286583881837,6.184531232632478,13986.6667968324,394.8127679842041,5.248923376210127,2.269408193515951,5.287513439417882,106.80000000000001,0.32891894970657165,2.9296875,7.738291241107032,15.93700580578896,19159.896331954165,904.3044969489544,6.765698298784475,3.4700021188658394,7.179469212969783,199.0,0.06679964263505657,0.6257460609807064,1.2563283177949063,2.514472023015147,5219.147456108731,179.7210141885814,1.6090163455953372,0.6732918012802876,0.5889061516154158,41.262876778043484,0.16597605804215532,1.59912109375,4.670196905669387,4.3478486101105585,4517.569118665171,114.33265887375342,3.1376433844517493,1.6208007090524608,4.795359922965668,67.0,0.2689859672018758,2.257080078125,6.299972343346218,8.856026943026539,13512.015046815197,321.6627880003457,5.222530472047173,2.7784668776134733,5.231486113337199,107.0,0.3695744785565528,3.4912109375,7.06686624863669,12.644655965741823,25029.60180726756,747.6269357800556,7.210443148936444,3.6897358463990297,5.602808614563953,194.0,0.07320515194981998,0.7297207775481913,1.0413809227771278,2.314189719089573,5751.60192658419,169.0556439225857,1.8208635488535325,0.8403201910327137,0.574596076967419,42.267828616306986
Train157.csv,0.0,0.0625781834910989,0.396728515625,2.5080928720801277,16.3980073014551,65.26584643392394,22.491459016729532,2.6049715637483564,1.5283723219225815,5.910040527538715,91.0,0.12108083867991648,0.47607421875,6.308846666607214,30.174502749384583,112.52407492182562,37.438659975034476,4.177159954096749,2.0533076340356944,8.050762160175505,3118.000000000003,0.12631434613765777,0.537109375,8.247479328536002,85.61803993366355,141.26070584721208,48.54840744889923,5.930683898184593,2.4799677402488784,8.095868030208226,3453.0,0.02921078736592884,0.1562052155925544,1.9404491140949254,15.01342321205446,43.81666698579378,15.110833922291892,1.4258494605611753,0.5415186107432326,1.0579668502698154,1081.917669128958,0.048329345155007586,0.37841796875,3.737927814115266,16.568002741113208,62.99107221455647,24.245229985756392,2.692907169911884,1.5437632712079539,5.915113993429738,91.0,0.07382504632089062,0.5322265625000001,6.944447447948247,23.037965994111627,143.68178361304032,53.87388439438583,4.17027631859546,2.4460609769410535,8.085824996457722,3894.2000000000003,0.13615415342904275,0.5615234375,8.877031782049931,88.73730331575119,191.58969860930316,60.344045341619164,5.4331835824839905,2.9663198073656187,8.097496214018825,4426.0,0.026304312758771625,0.1751972138844954,1.9254547803236752,16.910893517450226,58.86304776149817,20.045644257369137,1.4793374381144115,0.6775392772720282,1.1572092566982106,1515.4482822233658
Train158.csv,9.939650090107707,0.4598009486880813,5.621337890625,6.451590626186382,7.181829477517457,36815.491911538906,1550.6043738935155,47.13159858854415,9.130888242330188,4.5011980620959875,60.0,0.6558050426226872,9.715576171875002,8.89064791318552,24.102209421740422,75667.03672267258,3249.4378772831387,192.51994890932338,25.30059398710383,5.128157828483592,84.50000000000001,0.9254251753032179,12.841796875,11.157762898699731,30.811750509257504,156986.3101796771,6817.294353425889,512.4722592669924,65.02845969149203,5.9137583000035105,374.0,0.1933856246600692,3.069220363226369,2.037687603752793,8.004961682681808,33171.015401377175,1620.6074620629358,97.6098192821191,12.244471932790693,0.4373848601475944,55.55493304772764,0.4086240522234461,4.89501953125,5.674475691260657,7.3846322978138215,28069.046046015806,1490.087907988348,45.02360447747023,6.364032494465329,4.504315492552712,63.0,0.8642261752965308,11.413574218750004,8.618486222384583,17.914719135963097,131093.1717582212,4038.1483177632585,384.7116222741959,31.108595159212733,5.020084175257011,67.0,0.9740526906713721,12.548828125,15.387412457983048,65.04906568453988,176240.66211816366,6436.963534091011,1125.0340644720118,208.00492359286702,5.349991261013038,84.0,0.22467788527708601,3.348896614422183,2.291614710045658,11.0783171464405,47447.82733857078,1665.6744418069297,230.2402749910976,41.582653177286936,0.4547503478720215,7.715396538739924
Train159.csv,11.749556524425826,0.20764786213939151,1.519775390625,3.778078624964567,3.1333480317247746,3838.3727598070805,1071.0065651908008,10.658728576345297,2.045887123902916,4.887997422038307,83.5,0.33904466360201646,2.2314453125,4.718812104095854,4.471735688136787,11892.530845930869,3255.22807069096,31.00486514702655,3.421824774017809,5.418206549894538,380.9,0.4142891065835655,2.734375,6.186676339831544,16.838126464382643,24725.658411408178,10813.389856695154,93.17269863257778,6.416554000302947,5.702849249432253,426.0,0.07985910574782372,0.5090716002182473,0.788715625386432,2.4812274863222674,5595.232472120439,2464.379253559997,17.665851090750696,1.133951241326977,0.543222646341364,143.76521658593222,0.1991747224331488,1.641845703125,4.091004792566214,3.164222705057491,3617.0383747055644,993.6937618325996,11.422848427033678,2.429214551650416,4.930746752955047,80.5,0.2946897229326568,2.3425292968750004,6.894486199037335,5.229433944178432,10640.470489004716,2768.797688980333,32.143364019663885,3.3362671127021173,5.396900232120722,375.40000000000003,0.40929334787158567,3.16162109375,7.2437206077729295,12.23525414077437,15776.572403552633,6504.693007134132,61.67734887006531,4.867555732959312,5.5699149051980985,427.0,0.06215837663241914,0.5274278024074952,1.2276148165376257,2.26403984732457,4165.886046939312,1316.607502606723,12.536552014686633,0.9649293914711967,0.4055248623187035,146.36021154479621
Train16.csv,2.314306588144481,0.22296058165116875,1.64794921875,3.6884387756211625,3.4413746011320954,8209.149749535954,156.6961005133142,4.736493306105866,1.8738101317023497,4.752678351776407,61.0,0.3747801482336571,3.134765625000001,5.6291386511846175,6.681734648694161,24969.838764745477,790.4700888435214,8.13809023518338,3.202328862294138,5.264588484778226,173.20000000000016,0.45404739877224326,3.50341796875,8.245321222034475,16.838661145368505,35119.62800095996,1820.8965915685246,13.339257189280799,5.720014029198078,6.8653001420506055,184.0,0.09128265107652778,0.8156239362448026,1.2620220989151223,3.158537382759622,8687.318170065393,422.04687146004125,2.826751121727683,1.0459454108618473,0.574998386385717,44.883877951888245,0.21707018377530854,1.617431640625,4.298586811670114,3.508537616194101,7813.545384128207,247.37274862789474,5.122208884890274,2.0381057987809053,4.779981835827528,57.5,0.37339350082702877,3.7084960937500004,6.938498407415639,11.203608296603946,24782.503795338962,772.0347142599445,11.514507705483773,4.151548558986523,5.193575893163807,111.50000000000001,0.4932556369476795,4.72412109375,8.472095452704023,20.620672261481896,45190.14956581241,1068.2401534288165,22.62065354969391,8.741389371321251,5.460918951082362,215.0,0.09996500147809728,1.0964560136262984,1.4121033796787004,4.64128832631787,9878.816860641695,266.8263234402203,4.277121736556059,1.5991726352090652,0.37436792248289374,41.61124960572561
Train160.csv,10.147344271095031,0.3828005809803453,4.4677734375,6.073923737318806,8.407232862117532,23900.214652202092,1312.1925867934833,33.370098595446436,7.2755386502572374,4.84533864143026,61.0,0.664707736872973,8.94775390625,9.586305151981428,23.398623087514878,82298.63107155447,3732.774182238036,170.48788624084622,23.930749404642235,5.315663902896562,101.9,1.2684266199743492,17.85888671875,14.238270448009787,53.01725261035253,301053.06287490035,7986.670990984476,805.9536039646651,59.23331017703961,5.724394473810859,341.0,0.24061940508148155,4.213003263948454,2.359055785749972,10.174864944235445,56797.93902415425,1794.552054986156,148.8097199456294,11.803639521368526,0.42887519975755006,50.85933419737226,0.41325853415182223,4.67529296875,6.481353051564765,8.295625801862773,27305.601239487994,1330.4382919889717,40.28994475785258,7.9187815232677075,4.833142086064965,62.0,0.625489743381191,8.841552734375002,9.719246909313384,20.08724602457105,69924.73597877266,3201.070111841013,157.1782863585741,28.176498980820263,5.181061948218282,102.0,0.914805566722223,15.78369140625,12.325057383625628,34.01916121779613,149972.33436532543,5186.6665064407725,264.592973093472,54.655119105057814,5.53393727824945,112.0,0.17014035293981264,3.3817461231749064,2.164067296323966,6.984790510876275,32022.310955632114,1252.8022352399328,64.64517957768679,12.180001898674828,0.4108681678682661,18.47115572318094
Train161.csv,0.0,0.06242603519289562,0.372314453125,2.6409527579279373,17.006090829441384,64.10764078769293,21.80977142380995,2.9613083154761983,1.5984068378889436,5.814187601539347,92.0,0.12113884890010321,0.5615234375,6.294034518895234,22.17227342878575,118.37817678505907,41.065691215229606,4.236936807486217,2.145662741387601,8.051131633191758,3353.2000000000003,0.12744748623547544,0.64697265625,7.818368769671519,37.6699883298159,133.96667380602563,44.84710689011322,5.087560981177159,2.332674063040015,8.078079876159457,4087.0,0.030661842476192552,0.18468651065706657,1.7876814227768727,8.705347370359355,47.12819126362898,16.066580320108507,1.4101685369824868,0.48888983856346624,1.0977234806534657,1461.1471196540879,0.05356564441717946,0.396728515625,3.78238479494379,15.012564130996537,73.78182730087518,25.52247320440947,2.8874162154938654,1.6874837803378722,5.828512593055375,91.0,0.07561323909437635,0.548095703125,6.145558559340977,19.636950463610106,171.15010527591846,52.72282838819795,5.817336589637091,2.5097533379570467,7.970457345996552,3362.9,0.1351038792748533,0.5859375,10.491307899679965,39.72575477519393,208.5058243301296,56.72106548640192,6.934550506951933,2.881990933526334,8.085258374894853,3999.0,0.027493722705702016,0.18246817948165941,1.8472795988483879,9.145299018053949,67.19218643740992,19.9784582740111,1.88798301893289,0.6072049525615816,1.1195033918735962,1492.491407206734
Train162.csv,0.0,0.06678720357228324,0.390625,3.1650809266610596,16.79135764937184,69.7790038644125,25.623351198838,2.888599219505955,1.6925782642639318,5.791729993602351,91.0,0.12000636010009605,0.5212402343750001,6.036356688792341,22.370167926083308,117.34314095997402,39.89973599566402,4.596933395105207,2.165309871054669,8.05523545348625,3271.9,0.12883710451680702,0.7080078125,11.647436162240535,51.41005088748033,144.3330052521025,52.58755949363423,6.129458045394041,2.990357985083816,8.08184847559572,3910.0,0.028919857043871594,0.1648403917384103,2.1078390657920996,9.338218360669504,44.799150394782004,15.229418732089664,1.4586768055165529,0.5729136900751834,1.0063584318640117,1248.5717336314472,0.0546954273960987,0.445556640625,4.096101701872625,16.38401903884798,83.93349363438162,28.377928307324012,3.214330061286534,1.921280130122991,5.635183436838727,91.0,0.08233753178212701,0.5456542968750001,7.325682607237907,24.507806138713914,147.10560750701583,51.81785312092697,4.760543852848574,2.511277785582329,8.002543156866365,3221.000000000001,0.1350142355760093,0.57373046875,8.478183866088742,55.48939734927357,196.20175181705503,64.232414621986,5.560492094600412,2.7876190425481333,8.09253684162065,4251.0,0.023975492643602964,0.16380294067773002,2.025585913916395,10.170567441821651,58.14586347227845,19.21377905032346,1.5105541281714772,0.6044392352263254,1.034124444604514,1251.2970629885415
Train163.csv,12.906709818498067,0.3362018632734317,3.472900390625,4.486940461472793,3.9171254958062613,10530.461607175333,2889.837547295736,52.35668166105468,3.203213402019136,5.179027734073275,66.0,0.9787524685641368,9.52880859375,7.607406826749952,8.821491587887458,172296.19490308643,8054.458230239728,278.61244892644123,46.863974084113714,5.719547654439474,525.5,1.6312800795606326,20.03173828125,7.847644652974183,16.55931791064369,434027.1195355122,30880.32792238382,491.591618312203,103.86196180725487,6.0386715319095225,532.0,0.35032586760141193,4.210585341005564,1.4317171177433605,3.1897291830207397,95651.88304417598,6196.20501852615,117.63210327086155,24.276050772175225,0.5574014516460918,187.10080160420878,0.3925750124805739,3.753662109375,5.725367167584473,6.5263219540602755,17646.95777738205,2512.3730779727407,43.914349187795025,3.3782825926224165,5.220903200904396,65.5,0.7473252447433497,8.509521484375002,8.20188195041929,15.969347811218299,91173.98622417492,6951.16908948618,150.18672691505293,27.935104379347315,5.655494574711862,464.2000000000005,1.1654192551161429,13.0615234375,12.253144047359493,23.920748015496727,239594.87899378437,10297.279022456712,210.554443253955,47.39320366147253,5.900403996794635,532.0,0.2532875133413924,3.17620809434795,2.0618096313342393,5.229283605530468,57486.86046783012,2510.221478645257,61.41522248574028,12.54895502359956,0.518537645671611,148.3040814877915
Train164.csv,18.514452705155847,0.7119177925589264,6.93359375,5.269570290073817,4.396502844509799,56925.02167022665,14022.240163144977,273.8703457634891,11.106329524513885,5.685324555374612,76.0,1.1977383352752229,11.4599609375,6.584325672352704,6.260707742673481,186222.82395962198,31995.309387670528,851.9411632711061,47.62775385570867,6.177741818792112,99.0,1.6617761943664267,13.61083984375,8.778145819403116,8.234180371142925,392503.2239147919,51466.30186107137,1906.37097229826,84.61288907989163,7.0175041928979365,373.0,0.33061281762071343,3.1485434140083814,1.1411388585180389,1.1262591751622213,85539.04359597492,11136.516603305728,413.9178069880511,21.059221640856702,0.45424102212923795,53.936802935820175,0.8097210882413699,7.53173828125,4.807716476010339,4.270163141999648,80929.78000691568,13427.226654652222,247.46251597540544,14.045675654432726,5.425556941830209,71.0,1.1348888885817738,9.868164062500002,7.673363182037902,6.527781178934101,207141.9395153069,23312.43052657427,1647.0828077923454,45.950948361305805,6.132007000476297,99.9,1.5862927156473134,16.17431640625,8.520957771771917,9.152821702755128,453017.21605093864,44660.87085061316,2654.1543093260366,72.55382501745113,6.999007599560558,398.0,0.295711590100562,2.8077904761781514,1.577875614586836,1.5178378970442286,99330.79004399275,8940.358848614835,670.4869438202455,18.325732293753788,0.8279814962350085,58.58564110556443
Train165.csv,0.0,0.06654448718374081,0.37841796875,3.095318616832281,16.2459447678983,69.47367792716885,23.42238369469688,2.6839450403562752,1.6184496221284044,5.72484552167467,91.0,0.11869632095691288,0.487060546875,6.687033501604112,26.406235824191903,110.1428840307461,40.899924184072184,4.614371531532023,2.155972027667508,8.060866881278768,455.0,0.12819829798043206,0.5615234375,8.44882728911005,56.90401414861204,150.1858582107303,48.23746355445527,4.988067524470869,2.888326803030337,8.099547119306239,4184.0,0.028021573571151554,0.1528318362493764,2.101533819300218,12.26339677521896,43.23466084956295,15.730440832085728,1.44551825827484,0.5766484476914852,1.0621575326666342,882.4515899434654,0.05544504736625813,0.421142578125,3.9171710083860223,16.32949493122616,89.10266919351297,33.43948010096824,3.1995917562386103,1.825374303987588,5.782286880660596,91.0,0.08192754840693395,0.53466796875,7.089004019296246,19.658261096462585,142.3331458597986,56.35781077840742,4.853844263122385,2.7379989264255187,8.059682435880536,3112.1000000000035,0.13507812314670578,0.57373046875,7.614735135913391,24.688171028412423,202.27110228951358,62.70990082755269,8.166049406807398,2.9554715742928974,8.09002346594939,4304.0,0.02432729304541938,0.1698598638925262,1.8917504544122477,6.058615748973525,57.628007114407936,20.09108031283969,1.713243574303314,0.660639360415392,1.0284537218802976,1172.30543053461
Train166.csv,8.901179185171081,0.17044669349278974,1.165771484375,3.9470544025145577,3.0176115715637093,2121.411224619318,744.3021553948544,7.101585406523501,1.7058185676676876,5.549532965587046,65.0,0.21104260715405487,1.6125488281250002,5.202501326905627,4.897599283672656,5760.657033221205,1115.1154088947526,16.471701929471234,2.5861264138842754,5.918634240428036,793.0,0.22444458597035033,3.955078125,8.810812049443856,25.764034990061006,8772.163586323226,2258.043159744801,42.7715094831248,3.263010371855668,7.053637713157427,802.0,0.033546551018781644,0.5809961768351058,1.1308333587114854,4.150558814841909,2030.2496736289913,520.3143521999398,8.665897470148385,0.5847811849681054,0.7023561179595814,292.70684293066586,0.16944481860986077,1.1962890625,3.991228972689872,3.209957408040318,2491.4008927763516,719.9918711626772,8.455899245198669,2.3001877573115475,5.608657639997336,65.0,0.19782521824566954,1.925048828125,6.6557896246864106,5.932735162080602,6037.049561657237,1182.1107993188093,16.189117870598235,2.926877164885808,5.914375353309944,794.8,0.23946891346791097,4.04052734375,10.468902935668362,34.49715563561655,10901.724688351627,1848.5603395310677,24.22754941219722,3.508597361744351,6.221545651652397,915.0,0.028925790770448465,0.7422196191500897,1.7694490792174349,6.685360106241152,2582.509262592782,438.7142125420089,4.6540995788561705,0.7409383151786944,0.5877929417930435,274.58280143474025
Train167.csv,14.212216098989826,0.2491276431464366,2.044677734375,4.586810275064819,4.136219872749421,8018.856842373509,882.6496043263363,28.99444815412882,2.9222037435233483,4.913955454964541,63.0,0.4374898376757325,4.51171875,6.812738315532397,10.585288212865304,32620.68081424776,2058.924452684888,70.29452052749191,6.567605267620324,5.668182171723196,110.50000000000001,0.7729655665911775,13.3056640625,9.96504508308057,25.84894968955783,108250.67964796652,3216.6646658027844,127.56193145883095,16.937329334000697,5.910017757625417,487.0,0.13357585448554632,2.237021222216984,1.4130306558072963,4.775501711880597,20433.834296518355,729.420603501963,28.545067007536623,3.193611077603853,0.47471788689574995,103.39092607066638,0.27396496001594195,2.203369140625,4.222457979756729,3.763303946704972,10868.422876311912,885.1893874894847,28.901047911934416,3.2227307905063753,4.822575495838038,59.5,0.49122552367618716,6.612548828125004,7.147782623848644,8.66253984784346,42501.72452584044,2278.9920539938676,88.81708334279267,12.907815979557922,5.486075709538256,101.9,0.745391135396004,8.72802734375,11.235765205098357,19.45559969913996,107588.26573913169,7448.765350290383,190.03712909847536,15.532529273630908,5.88376956916753,487.0,0.1375862282815554,2.0190494250686726,1.7839124978115817,3.652044755944543,23497.497041270537,1320.3482772938946,37.925830648724684,3.810514255464782,0.5982267760185073,75.8654171769819
Train168.csv,9.96932068739161,0.37920028653789817,4.229736328125,5.185906847664359,5.4773425661169926,23859.78113820547,1053.9300058044337,37.43122297076813,5.372715169143611,4.534492540868767,61.5,0.7624569123865582,11.019287109375004,8.858937059904434,21.610692298964228,106736.4633932124,4076.860698725287,129.76354812838335,25.48710580705597,5.058926895035081,81.0,0.9368428470216958,12.63427734375,10.311305523562687,32.799517755260105,152354.56259401125,6942.730773146624,437.4819444229888,48.674479420699264,5.639539498383282,91.0,0.22568540843570412,3.5150367688428377,2.1379961727104417,7.95279988318935,42857.58364871613,1776.7022429816395,86.30633842279903,11.907399695656071,0.4326931595609371,11.304727993189399,0.3725125055423587,4.57763671875,5.660754213685161,6.09580283388965,24838.565951731307,981.865424791354,34.201309892516846,6.211153839941032,4.600780508738318,59.0,0.7002778153110621,7.96630859375,9.759608024968653,18.984453352451414,83619.17221888708,3453.0321182223856,381.7100006106996,31.331901373776052,5.153068654171979,68.80000000000001,0.866643434260523,12.26806640625,12.661987357932677,45.87161742365111,125249.19753951824,6132.557035578108,946.3650045095357,147.41756862444547,5.360699346600739,83.0,0.17607189624221534,2.5581148250807018,2.362216751809059,9.003849295177378,31276.77778712722,1415.7199227787503,198.90274432691245,28.123642340434152,0.5114886204882532,8.340823456799694
Train169.csv,16.200146117011368,0.5038862391162853,4.91943359375,5.330115687804643,4.344087401740012,28438.355150973937,5313.746736697825,67.6263155071715,7.9158341459520685,5.188494289564476,95.0,0.830433399044244,9.133300781250002,7.020502133636167,9.603589571300505,112748.80716059443,11590.529630181583,207.85885156782356,24.00309103832175,5.732241388645242,590.9,0.9261734932282404,14.697265625,10.078283511475393,19.572011653492698,139970.06772984893,16056.041276392032,247.98191523132886,28.781019532658462,5.930071186048966,608.0,0.19822639419088336,2.9611565348790414,1.668971120815469,3.7808540339942343,38180.44160328956,4011.027651268464,64.93301758984153,8.073833727224047,0.5208979030369548,212.19756971687966,0.5416106613296623,5.230712890625,5.385933881992308,5.081891129652776,39533.21278193832,6152.343592979288,88.78294687535072,12.017546033684399,5.018166209700887,87.5,1.2013209729952616,11.341552734375,6.968310700679498,7.770478507774528,234985.61090382515,15674.387894723304,236.26770952650062,54.642584161320755,5.405939643342136,543.200000000001,1.4076910741349344,12.4755859375,9.764333582669122,10.268224422210238,285819.3368683214,35253.06810700329,398.4819307880027,72.99506660445539,5.761431791670727,605.0,0.30965128921406865,2.9097297495137124,1.3413142314922653,2.0932659797431716,84339.82542544685,7618.608785714044,98.12535850344698,19.178108411095877,0.48493880988427845,170.17289002658444
Train17.csv,14.093533709854212,0.5166954391059125,5.3466796875,6.034979127393972,6.155383394548865,35479.2165872282,3014.046393748463,76.03664183623556,9.175475727613232,5.324641664913875,57.5,0.7336610633824041,8.406982421875,8.35590006540872,11.427062707045229,87836.58509231672,7332.98091816183,195.99979263688894,29.44947998176881,5.775195065384873,93.7,1.0049980253228672,15.0634765625,11.235199784953098,27.99618585939366,165367.8003005073,10793.720353865927,1372.9842226823166,82.03180365795775,5.858631803919228,106.0,0.21251089844757406,3.0160508478600105,1.83310374335111,5.122920674999034,38813.29304029541,2684.908188587925,265.6135250027358,17.379896294264697,0.3074718656141567,16.816913918730748,0.5538855939258106,6.2255859375,5.871483060655645,6.305381832757245,44472.54863765814,3033.111533645502,77.96538228569533,12.993412242120923,5.066172453330791,58.5,0.7482400780749934,9.298095703125002,7.928709803039644,14.636408213950459,91954.12978757684,6872.666038320575,175.1457733030039,25.328612007182066,5.547184327034606,78.9,0.8432639276048173,13.56201171875,12.926425761464515,39.62001862157232,116726.3443199594,9046.118403175175,266.61149956954375,43.35144915127978,5.980707926471877,106.0,0.17332441661565473,2.707308010880401,1.8130150481343157,6.858196895567996,31912.179342358933,2334.629368724773,66.05785470905445,9.749798629562614,0.4194160515352532,13.937885364627592
Train170.csv,13.144074596769295,0.25610536514389765,1.959228515625,4.311387068319636,3.4712251917970622,5944.201334410842,1742.3050473123799,16.12856208240504,2.3461139609327724,5.295023776969545,72.5,0.3161758621711436,3.21533203125,7.133405660405578,5.7835253952862375,15540.963141121305,2927.400596596109,45.300931057749466,6.316532170780387,5.603784804095368,393.20000000000067,1.584489913399739,13.83056640625,8.436768439598215,25.256847267108675,399347.98122989497,32570.318390560642,584.391515701651,59.315998527513116,5.651740672974982,889.0,0.24939508441983196,2.573322167320816,1.4271544040462185,3.9383376695436527,69191.70861595895,5453.476453321936,99.29204864437943,10.03027940756065,0.4520088408410055,173.91996801240938,0.24510523225866765,1.898193359375,3.969144966488401,3.140486083793228,5873.240382809874,2054.517042736692,23.703205260550448,3.1004021939906377,5.241125328960928,69.0,0.36378558833603813,2.8808593750000004,5.124316954984567,4.5965310664282155,17517.2680452349,3073.475109289944,48.56782555540992,5.994088598586123,5.618882934089807,421.0,0.6448088077203924,6.201171875,6.388559399822738,6.047029016181627,42033.259181679634,13202.257463222179,187.86353949371093,32.90783498908691,5.73750955544505,484.0,0.09679964875317626,0.8970207694382363,0.7388939837370189,0.8322042444865758,9694.50842550016,2174.2657908656365,33.37969751246881,5.454208503236828,0.39350351453042265,135.25044766561774
Train171.csv,2.670353755551324,0.07124916502277798,0.390625,3.1971652857298887,5.045034209618537,56.16920744656572,49.17439107313298,2.3693891222169676,1.4145915671399902,5.668150766582858,772.0,0.1230978791607754,0.5419921875000001,4.593872107177992,14.04057749698317,154.88444680174058,178.2536583108934,4.266222798360274,1.9865276905207547,6.2088926689498365,793.8,0.13535418046893782,1.03759765625,5.521306978263361,25.115649184912176,1242.5656344495676,237.31972927587742,8.46668012806823,2.734605854972835,7.7907923518590945,802.0,0.02877371751185712,0.17745478025410752,1.0248928517651927,5.666958903646332,211.98630442372863,63.063853454377096,1.6863607308411035,0.5066630222629603,0.6711672010985842,352.18026140520357,0.06084040893193052,0.42724609375,3.731929298076043,5.562257362302201,89.81374296034278,58.490286677956774,3.1851183882657317,1.7953202741401666,5.554602541708501,772.0,0.08321876011467766,0.6066894531250001,5.644395621722949,15.840516596480391,166.17994089835267,182.1931624476698,4.502846068798017,2.262822359647859,6.083993980960727,802.0,0.14510119672238386,0.6591796875,7.526967129665575,20.320960901422378,235.0475697181065,276.88328670514295,13.193970790069413,2.9299902275927225,7.880528423138421,803.0,0.023405587098071,0.1627150611466176,1.35460657601944,5.399293072444197,67.86803687376234,66.88235371415185,2.328347660107738,0.6226131774734979,0.5653952976854312,351.66137915036603
Train172.csv,5.6374134839416845,0.24573603353116258,1.922607421875,4.6516593819373195,4.486899563474968,9310.697036300322,317.89393138282753,9.860022290592163,2.40284401787325,4.681472044612293,61.0,0.37781682852185977,4.41650390625,7.1132987891054835,12.27750752972425,24647.117308851426,744.9267475415178,23.801442323206928,6.734788010849161,5.395815610755596,97.30000000000001,0.4237870403012645,7.4462890625,13.756749352062078,42.4204097716766,33765.5554300768,1150.3660353799057,604.4200602026536,78.48390122222033,5.840713437180417,106.0,0.09178930518105885,1.580693404449033,1.998137662547375,7.175604813336856,8514.276012664335,283.05075682085743,103.62079120474617,13.337604163960197,0.4690698343719145,17.705462389824785,0.24171708100144795,2.581787109375,4.411967147419494,3.892247415328847,8767.505268331126,474.2925946432923,10.367095163872145,2.814977871835395,4.710935627941106,62.5,0.45994211501895566,3.8159179687500004,6.613813207039802,8.773841744634788,38890.63833279797,1171.7747475145231,29.130794411934637,9.629874540120541,5.376626553263988,89.9,0.5779045818892469,8.58154296875,10.635143774721525,32.310165992828665,56357.02190727736,3199.6065908054966,74.85442205909867,21.183866642215467,5.882916142768598,102.0,0.13400635494467616,1.6268674007439383,1.6394870843808431,5.424482184222083,15904.795035789324,601.774811541352,14.995664737310149,4.31065996856407,0.5969737104029247,14.838584627584936
Train173.csv,17.416640605651413,0.3798911113990435,4.010009765625,5.493355195238218,4.185731268778302,8816.191309691336,5437.2839747985145,88.37978286005418,3.534593068025977,5.724272111163096,92.0,0.5541349393266741,6.695556640625,9.463630290390666,18.62853471979816,36663.903782624235,8964.446380876705,252.16708438532368,19.68397626222782,6.046766312475603,617.9,0.9223065012978251,15.1611328125,12.34144794112248,29.015346853080974,140143.18386125917,11538.020725813305,505.73690956977515,46.72603281816827,6.234265532333293,645.0,0.16221242713786163,2.8183751697322403,1.977937942209774,6.275456574036655,29341.02691427159,2659.2302289582376,106.26267616740559,9.00726358797263,0.5570601731894118,262.767659298928,0.41995052271614797,4.443359375,5.577782358612236,4.221749858533064,12818.782369688272,6355.643685638959,74.2241076878253,4.4733617909024135,5.490693731059585,66.5,0.637848928787634,8.930664062500005,9.430235295640113,15.20748308512163,53382.24100260624,9675.179870674949,252.24997826200672,17.257974501195317,6.005488496759589,606.8000000000001,0.961654101258821,12.51220703125,10.69778734853087,24.640266272824192,156602.0704706235,12177.277178623362,630.3961662735794,21.38689007999909,6.192180151232245,636.0,0.15679595626241347,2.597251978048191,2.1105765933118725,5.509116317696513,30597.82166444384,2731.752105460737,124.12899215090377,5.613546807852759,0.4878081845991946,208.56509166429913
Train174.csv,12.372639067387802,0.2297458693928801,1.812744140625,4.247096861172636,3.4632471991951093,6375.943034907794,1846.4141516456002,23.545102813769233,2.814048115301139,5.254669834798964,62.0,0.7792701477993597,9.188232421875,6.68807429622977,10.638370633187316,104883.9826331539,5268.191361134632,109.08345836899369,16.092893488979364,5.6939976938631185,101.9,1.1358407749411303,12.20703125,10.591992370835287,17.08710548729855,247212.01447762465,6807.029561539188,172.58088543427564,47.84814476261554,5.825214838560606,931.0,0.2746864757201792,3.3690797240516512,1.5673893341310279,3.629950529630604,60027.35497816539,1752.189120774111,48.03304528746701,10.23474038854199,0.5542679295223343,168.2263634957375,0.2013085280780047,1.397705078125,4.230825481318027,3.499711101593412,3478.0633198847477,1507.666562880348,18.69141284306021,2.8832815438237676,5.262613640773493,66.0,0.6974711658362667,7.677001953125001,6.728455399627939,10.424228574037484,89301.58427680086,3582.666746979731,65.51548448528662,14.537137573631364,5.7322523384929305,102.0,1.3490582788722574,13.8671875,8.594222955534352,19.07259718326416,331200.01393195277,10208.500284654765,211.77404464076682,55.05627861431278,5.918244309454245,463.0,0.28569747233427845,3.342445123625591,1.3530423940646386,4.243592685232256,68557.27489535167,1823.2175857382924,40.272748676379784,9.921988768033355,0.4859079863038895,70.40601420288965
Train175.csv,15.07266342022303,0.3666725030252453,4.3701171875,6.293212111425943,5.767998955804597,15941.298358092743,3339.528584426478,49.535545550973296,3.4601259895692986,5.423641893156997,74.0,0.5925336147327717,9.54833984375,10.808318592530648,20.987371330765278,51981.1637082685,5901.832591094257,121.56113351541644,7.478978587719418,5.769021744007857,97.80000000000001,1.2923697210521936,16.22314453125,13.455645781206377,32.04733624788738,268539.56788949156,20531.410616190893,529.3321461127812,44.25311480335595,5.9777785738589415,225.0,0.20413319699964141,3.195546011098675,2.639210687440477,8.057820701968938,46480.0881111472,3482.584533365548,92.57021416400475,7.432179741388578,0.4575514743547693,39.777506206397604,0.37012689341677374,4.33349609375,6.742131317744185,6.281575223181871,14947.56286335917,3015.348236609211,47.41333756255578,3.3249832517212967,5.482900250400034,67.0,0.4917866121285927,6.37939453125,9.378138761174204,16.166544769907887,29897.209735564982,5798.410605706995,148.3463632924093,6.372373455151546,5.988918166718364,96.50000000000001,0.573872130740568,7.43408203125,11.699473076999064,20.502336246790954,44263.03203527525,9277.157210001831,315.00430128465297,38.34159772564679,6.072898082929392,399.0,0.10185648578465913,1.6442610388843475,2.2476742837126853,4.864808089142228,10654.12822625674,2135.0086486139326,67.86572116259006,6.2905288116058555,0.40992396575277257,59.6037616131524
Train176.csv,8.693485004183755,0.21835124098065772,1.678466796875,4.82218343868529,4.192924587188237,3589.983631753228,1460.0538782934677,9.84748218862119,2.1832943189952956,5.250374504861949,74.0,0.4557723949377315,5.75439453125,7.078843993781877,9.374317498684182,35288.288685676554,4424.069682114346,33.30520164759158,7.153668415044904,5.552580999519045,523.2000000000002,0.8136560578624212,9.48486328125,12.265535249048524,22.864224390262525,104554.33491254708,8479.863431561465,307.6232465701638,65.22150174904512,8.024213473550237,912.0,0.16289071802830818,2.3265720410288253,2.0705922071927048,4.892467757090177,23706.00864993505,1956.6657428040153,67.38740990794784,12.19734579855246,0.6595423235887953,205.06395486759124,0.2198038915317225,1.611328125,4.773711373174872,4.43795413546448,5055.905204700374,1175.135441330671,12.111194806653447,2.4386021527184005,5.201661439312154,73.0,0.5284489743169911,5.860595703125002,8.507669269569174,16.59109003002713,46000.46298412534,3133.0724461511036,43.61076087515454,14.176404665954575,5.752563985247351,456.70000000000005,1.5887694372718386,16.9677734375,14.982566516362228,35.55139459268667,450316.55193452176,16668.71058641841,421.71110922762597,102.89164367412474,5.793499620182009,565.0,0.32376601814900147,3.9344308815839666,2.556718957824748,6.880820299715714,94543.08724638332,3406.418833005546,88.77275285330005,19.314483552871835,0.5529928949316946,167.47009702761116
Train177.csv,15.666075365901103,0.4505080636213877,4.77294921875,5.474121114338031,5.115867312318711,26923.880156039246,3832.5917193606947,67.38468526787747,4.405646950717344,5.243073222055296,65.5,1.2838321750569988,17.561035156250004,8.978445818748687,15.128762533787238,268449.1287625755,15764.704568568983,390.8872244117893,44.27535523552351,5.833950061987308,103.0,1.4714153535886763,20.41015625,11.465817757791742,25.538622013212,335518.7515911046,31587.579149121422,537.3538165194775,79.94774455359503,6.832610300528789,648.0,0.38628232600918694,5.655420169942462,2.2962838581272105,5.757157146332034,107477.56033012168,6733.136110293294,144.5196904657329,19.956405730005155,0.521565411309697,117.21564245414304,0.41865127410215214,3.86962890625,5.265020844037762,4.780818470969697,24227.522598048912,3080.298938333631,78.51060711780205,4.218735099851431,5.317153108538162,63.5,1.0566097182693532,17.803955078125004,9.839042230423209,22.093923724644256,175026.88483894998,11444.077727406746,236.28679819772955,27.72901592458526,5.873038082530628,103.9,1.2941376568328138,23.6083984375,12.905758616523434,28.790765141908697,258857.2201807745,24479.221269532056,389.5217353845496,49.94105000468997,5.901608248985462,640.0,0.30643361525930923,6.127609464458869,2.6932854907518666,7.530174907573378,71889.30723806215,5255.793030494396,100.7622400207862,11.832278622790984,0.3834946607035835,105.68999479610167
Train178.csv,0.0,0.06481631276603816,0.347900390625,2.4719382614919194,16.461978475427266,60.966633129449775,23.09026178709162,2.759251053104757,1.4410493409988976,5.895454515986994,91.0,0.11760024223006724,0.5224609375,6.892535321914385,20.023862341691245,129.7055928284541,38.633960018436866,4.666598836212099,2.198455474334765,8.076120214213454,445.1000000000002,0.12878591527266522,0.62255859375,8.668008591076468,79.36810146966883,139.27379516054114,48.885259141713746,5.133358563069788,2.7001498345490473,8.086189679232943,3185.0,0.02901005850485932,0.1745310505041538,2.1729913046203833,13.432749749229796,48.375949440988336,16.284826833839123,1.5294384194318609,0.5750264785381503,1.1558128188103767,569.6115452657187,0.047939031175337043,0.384521484375,3.847338861451748,15.90400026598361,80.56723634692491,28.423574256821063,2.9836360412821543,1.5878686324357498,5.85312453404391,91.0,0.07738285329545908,0.511474609375,6.3468239102712785,21.249736971164115,137.75461468333935,50.9381903656453,4.108996170667072,2.589203071935257,8.06164506398869,3362.8,0.12667381665896893,0.54931640625,7.462562464605689,71.8135049565264,164.40751882780356,55.812389305917044,4.6710580829962325,3.2361877119296705,8.096950488118985,4001.0,0.02590921051337877,0.17241587660397445,1.7469470485590077,13.880521412605043,55.82000731549625,19.56081254757775,1.3851661009600276,0.7330399677193015,1.1326519922657217,1433.0112822169049
Train179.csv,13.381439375040525,0.6979266498758466,7.01904296875,5.0310195042356405,4.415397807294859,70094.41185640289,7763.447497950507,111.16486008618168,17.093625713659904,5.229985178236305,86.0,1.2339351051394716,13.547363281250004,6.476899355409694,9.991398844343633,260118.72188119296,17209.681652473268,354.55931421188035,57.012489428065464,5.6471642261094965,103.7,1.8533043776180975,16.3330078125,9.72171547767114,20.308032340527067,568137.280934951,38478.68696427285,598.2771325308807,73.1582068520427,6.038023367008032,119.0,0.3577879270104916,3.351223662804475,1.4281107623402556,3.8770171678033485,129547.0639972531,9050.516015730778,135.0516160202572,19.038556907611447,0.46589827901204844,20.0187412191676,0.8596278106164299,8.245849609375,4.679925399372125,4.087488520478732,123808.00624936899,9102.380232192598,172.16728191697916,24.272090570124227,4.972661120535742,83.0,1.569731436017978,13.527832031250002,7.166830887457682,10.309095223662611,413524.3942242019,21918.42574440475,360.041327917731,60.81899800031874,5.52987338228527,101.7,1.8026209554815342,16.015625,7.886026296588674,17.947159466780164,579599.017711276,32392.03581278263,627.0585985224174,99.00383079674194,5.782649184135215,121.0,0.40763265097196183,3.5394426163993766,1.1507092106858792,3.4313080339535706,150352.3151293221,8283.69841095428,145.80482326055724,23.656610031369503,0.3830439777801574,18.29948342850147
Train18.csv,15.250687003926451,0.2922390506789724,2.838134765625,5.179727901165418,3.9797040156688834,9264.936250180068,1972.8130360786736,42.69140429884047,4.068701746479624,5.1317405433763605,79.5,0.5247238631965331,5.295410156250001,8.110764908874547,8.820015860828216,43166.105472654184,3876.1818794957617,160.59653995517021,10.203466816648135,5.5502987582322145,549.8,0.8339500956224178,9.21630859375,10.815798526655346,14.145897752147818,82448.57432234398,18545.883396622346,349.4154668717533,57.28911955272015,6.616731269727092,569.0,0.15863382255947597,1.920533045123183,1.8105775651657958,2.5666068390093737,20451.564302688425,3495.873777968345,68.67858045464523,9.974885112178038,0.49669204331942585,199.5426704836587,0.3010374892593562,2.850341796875,5.342574383770936,4.166393223314479,8727.164140552424,1816.5845187593573,44.20432962954453,4.09430046504609,5.005599998994161,73.0,0.5543061489181859,6.190185546875003,7.172526503703167,7.104192048275351,43412.43770433922,6228.429613473603,128.07915254969484,12.706781873221098,5.704656397223152,547.9,0.8551175777139393,8.21533203125,8.333592286706493,8.201573837624089,125136.2628594143,8858.54481469447,275.53072456902186,28.962599896617018,5.83960774573815,565.0,0.17311819194716396,1.8439700489851758,1.3093022308973934,1.6562755366685564,26600.337406353006,2282.6814382210123,57.53551846227848,6.14794706572624,0.46903169086919333,188.36537539695956
Train180.csv,18.54412330243975,0.5261889059131721,5.8837890625,5.9513271625139215,6.917083734411525,30932.14180773308,6310.470347626918,156.19051623965748,12.729371173807133,5.30438689227806,58.0,0.8621990759497851,11.5673828125,8.72425170804155,18.68909784268554,109580.15417198856,11840.62894308415,335.3587466795554,33.86170065016578,5.823378485686868,687.6,1.2700040611724048,23.2421875,10.947845773748702,34.19368002099243,275135.7432701753,17727.590054773846,471.3510882419801,108.85430659871241,5.914312089891683,690.0,0.29202208224416315,5.185137007274236,1.81001974621199,7.4382405518060954,71472.60606468238,4201.606174623306,130.44138789837876,20.103882373468316,0.49242475731100804,241.7655255323585,0.549482440634433,6.40869140625,5.95165631453387,7.446325693622343,35529.66150133038,7385.647625394105,175.3440296014399,17.5051119814011,5.343171950966317,54.5,0.9652776670276356,12.628173828125,10.181376725123755,18.751709430371047,150891.68686258822,12244.160298567944,325.9275640100973,47.09093666888815,5.7530165250894365,66.7,1.0653921972124574,16.015625,11.082169923292005,22.416990100950628,182125.98138920843,14092.569642775397,461.6939032643156,67.58713304795803,6.113447092006356,610.0,0.26467369334134017,4.490429531662538,2.236959810156205,5.913843322035237,56483.98569943611,3579.8866679436383,117.00983290240852,17.662614123466632,0.4757109441916209,123.99615275659765
Train181.csv,0.0,0.06704024852537775,0.32958984375,2.388029907033256,16.737573665891418,65.81932293793051,21.078419468537724,2.66594353169328,1.3521210247702418,5.824521056640037,91.5,0.11853519182497482,0.426025390625,6.19958074759685,22.767285939595578,95.41576931617614,33.02692796275942,3.8420014493354664,1.9004422964581427,8.06700581357283,1202.7000000000019,0.12295898447195044,0.62255859375,7.591834142973885,38.52355783492551,117.83436764093449,47.43307084212295,4.666183398338584,2.3460797763521666,8.097571279071964,3364.0,0.028803977363306553,0.14901947763663967,1.7703808585502672,8.996015822245818,40.58655824630713,14.376997411501177,1.315987030285203,0.5000244117204,1.1100852426590238,913.9123573270032,0.053679697794034885,0.421142578125,3.9022947916418174,17.51328660027911,84.92018674762363,30.445386549814483,2.898122110095227,1.783745666312756,5.4988859798855465,91.0,0.08106329723409651,0.5126953125,7.207954694800177,21.58815017884203,146.8727733904408,50.317546550809425,4.964613501673267,2.24543556255272,8.024336624406088,3199.5000000000014,0.12734800694377185,0.5615234375,10.327129452574411,55.70668076878494,206.28159272820005,54.95699694473025,7.184334323328578,3.2819261576956387,8.096643295003572,4670.0,0.02427578262577062,0.16224217361443338,2.2367805990053604,10.89878727703231,56.28297561559216,17.829250888486072,1.5945509038498256,0.5910285286000697,1.0680507500297447,1332.5767097994772
Train182.csv,5.5780722893738774,0.21784707260882236,1.79443359375,4.908882326421587,4.351060552215838,7410.0568842155735,306.98064663539037,8.431243472945066,2.1885641791052315,4.76071728230149,61.5,0.5007970500710257,6.422119140625003,7.3392853106627465,20.740494221486014,44777.5802904585,918.631985534414,22.395205074519577,6.463302055382995,5.453719614821136,102.30000000000001,0.6106105407595949,10.41259765625,11.222978594795647,55.88546635891604,72441.00507931967,2061.34853581456,43.572754164940115,10.134985425262585,6.6295571515327065,426.0,0.13791160670114957,2.447080663751163,1.9740524333497758,11.167588676318111,17437.010318628418,473.6562194064209,9.91700769898286,2.21478569900673,0.6584393292647526,68.53488362460025,0.23920012460760104,2.34375,4.287878165443733,3.574135531086446,10063.738461479086,403.9624084773635,9.001395371432032,2.671717096919729,4.735498231506575,61.5,0.5068894943857499,4.560546875000002,9.272209606045585,20.520215108474588,47163.02884958078,1478.0748475596959,27.298404330053227,9.314569649004696,5.213279052849624,91.80000000000001,0.7200429109859479,11.26708984375,10.982703903934624,38.78046755961344,102009.86007603511,2419.0221604361504,36.004165011592086,13.61041649919267,5.542641411154421,213.0,0.1624449143379026,1.9601165906755684,2.204240802309268,8.995525126895217,24611.379972711034,610.8961238532662,9.595529203348175,3.47950027017319,0.5398934608151952,29.911327285829362
Train183.csv,17.23861702194799,0.3859632895224401,3.8330078125,5.365360905458483,5.040482861845634,15573.012467562497,2793.729012711622,40.85285616147803,5.0657241657951015,4.972454988448988,57.5,0.5845756564550564,7.922363281250002,8.092720755415773,13.314522321275348,47559.65702711487,7745.227968720204,111.06148886613079,17.018148614584376,5.588579998895437,639.5,0.9385580053329171,11.92626953125,10.04084051452816,17.17999276666996,156463.82074028053,11213.7988432898,545.5903581935343,24.482730038349988,5.928891317606922,645.0,0.18275895913782542,2.4108724653930627,1.7365912765641347,4.221846351192145,32936.8988606978,2788.4380338893757,116.21844668654036,5.4862184105116185,0.5090415435549577,227.44515135522235,0.36307717536663775,3.533935546875,6.182145914383411,6.277245695618096,15842.3292539572,3036.3445612628548,62.56580674162059,5.064002165756136,5.08877053934823,56.0,0.7815175489259005,8.471679687500002,8.408033161196471,11.050104391239179,88396.8705303777,6331.000250479795,140.40567862941043,25.627560665281834,5.48398991394557,96.20000000000006,0.956333863875549,10.15625,9.400656837526439,19.446091069175104,171119.2037769321,10482.999374513436,495.8328388476711,34.39311508689131,5.7060311700472965,650.0,0.20982421824537686,2.421376918327497,1.7548357133763486,3.7612693714197483,42207.74043937025,2313.2984907529544,87.21598192465753,9.339420856650866,0.4759054030673544,143.61460675515391
Train184.csv,0.0,0.06118025401531742,0.335693359375,2.598057703664703,16.600830097019585,62.06077993259878,20.777738314295107,2.7214247891032612,1.5618184981958816,5.865678883896347,92.0,0.12197971094544904,0.50048828125,6.208783699685502,24.187075847863326,118.59510230302779,41.17568099755247,4.694912309499308,2.268726662947835,8.085244260640472,3628.600000000001,0.1274438032019858,0.54931640625,8.532869040433217,35.29720699011877,141.10426757976876,45.51380738095116,5.443526213767192,2.6237416927793173,8.098988757821278,4909.0,0.02925108358997819,0.17066496841616313,1.987527970687779,8.911336185057136,45.630358089341755,15.385912638085264,1.500161312356168,0.5646151481848403,1.1009525947005092,1525.0207705424662,0.05056123421369742,0.40283203125,3.4836992149281656,14.615196093433731,73.60933841402968,27.444520210449745,2.955698312366522,1.6110447887998083,5.974667354019569,92.0,0.07212643574633165,0.5554199218750001,6.257036915725485,18.292664426693666,176.96957134825655,53.94875514740346,6.152513530391395,2.6548353749954394,8.077925707365663,3939.1000000000013,0.13565488793621458,0.59814453125,8.783007715147965,40.97324254593415,218.56572898325564,57.476311934793486,6.982018378583499,2.8402140951560737,8.10230866913843,4188.0,0.027324335666867577,0.19618042684435255,1.8606516151065005,8.025009954123437,69.8782917152541,20.65025876129364,2.071648062435537,0.7459541603295721,1.1672990154065674,1451.9776263234053
Train185.csv,18.395770316020233,0.5050254013670163,6.201171875,5.914156954817871,6.614166833093691,24036.33236218392,5905.538624119097,142.65199142813248,13.618675200125708,5.263762607115126,55.0,0.7517800553673916,10.797119140625002,8.518319118818052,15.701672718162913,75649.45384591758,10433.699116180034,323.0631471823638,26.895612240379254,5.695511637780849,675.8000000000002,1.1439795287220502,14.501953125,10.35061918256,21.604322673540068,237511.61688393122,14699.64011859271,344.04131959219876,93.281764784267,6.020558245576742,686.0,0.224689011955979,3.6902301473632204,1.9272667873485874,5.230972782614369,46098.290693070376,3331.7021798369346,102.76561211492101,16.64453820361113,0.501675189745321,263.45604916902175,0.47825137993582933,5.230712890625,6.672808745777109,6.810125007923203,23474.468273226103,6241.621396615399,151.91308839973576,14.081611844706035,5.154126354746918,52.5,0.9496871070296553,13.7353515625,9.283059466645962,19.560155222085044,141496.7086465628,11212.32891451732,349.68593429043216,35.04144205243661,5.767986754943821,67.0,1.111726652534154,20.5078125,11.702731881481107,37.19053505518274,217683.55200866942,14112.223536145568,538.2402594220553,57.94275337664836,6.125080770949448,613.0,0.25373389479264774,5.087194173138035,2.276086036318695,8.112329941448587,58888.672871658215,2953.6903052429466,125.58299223336532,13.603237564257759,0.4321518556752365,145.36031471398925
Train186.csv,4.628613176288962,0.2203271832249759,2.3681640625,6.01793501642145,7.895950417875694,6906.1698179925825,431.6006401528199,9.616747315571356,2.283594074036615,5.084809248990512,47.5,0.39669963668567354,5.604248046875001,10.22288238001617,27.12359647103439,24338.191137366128,1080.1934074760586,26.0001293370076,5.136199342092521,5.679210875976439,99.9,0.6375319898283272,11.0107421875,11.727985794713831,59.250621502250596,78633.38913896077,2575.0650538489094,58.8361784828607,18.794698071216175,6.508946383424458,106.0,0.12753273419755867,2.449074623059165,2.55046281058675,12.179121922007887,16245.077641331776,509.7084425840324,11.062562862166205,3.4352941693294383,0.5547744174627656,24.072076016621416,0.2580641237486915,2.96630859375,6.21046269080723,7.262877296159265,9694.98787099908,385.35827605432587,9.357810520117173,2.6701200901786333,4.7794977283246824,48.0,0.33194024407182593,4.938964843750001,10.81277699364495,24.647698448197097,19524.06101771941,940.4292758628936,22.326638474491887,6.706663611193182,5.367832904292993,100.0,0.4459889444137761,7.8125,18.88405297337291,82.46342048552782,36083.57687516391,1607.7042047520351,49.799370224164,9.70198665594711,5.7347803740360375,114.0,0.08020211906418656,1.6848594565959758,3.359685620520384,16.86304942724244,7371.888619566798,366.1816192405808,9.115294012661227,2.1181137600828017,0.53531562495248,28.81561805254227
Train187.csv,0.0,0.06654448718374081,0.37841796875,3.095318616832281,16.2459447678983,69.47367792716885,23.42238369469688,2.6839450403562752,1.6184496221284044,5.72484552167467,91.0,0.11869632095691288,0.487060546875,6.687033501604112,26.406235824191903,110.1428840307461,40.899924184072184,4.614371531532023,2.155972027667508,8.060866881278768,455.0,0.12819829798043206,0.5615234375,8.44882728911005,56.90401414861204,150.1858582107303,48.23746355445527,4.988067524470869,2.888326803030337,8.099547119306239,4184.0,0.028021573571151554,0.1528318362493764,2.101533819300218,12.26339677521896,43.23466084956295,15.730440832085728,1.44551825827484,0.5766484476914852,1.0621575326666342,882.4515899434654,0.05544504736625813,0.421142578125,3.9171710083860223,16.32949493122616,89.10266919351297,33.43948010096824,3.1995917562386103,1.825374303987588,5.782286880660596,91.0,0.08192754840693395,0.53466796875,7.089004019296246,19.658261096462585,142.3331458597986,56.35781077840742,4.853844263122385,2.7379989264255187,8.059682435880536,3112.1000000000035,0.13507812314670578,0.57373046875,7.614735135913391,24.688171028412423,202.27110228951358,62.70990082755269,8.166049406807398,2.9554715742928974,8.09002346594939,4304.0,0.02432729304541938,0.1698598638925262,1.8917504544122477,6.058615748973525,57.628007114407936,20.09108031283969,1.713243574303314,0.660639360415392,1.0284537218802976,1172.30543053461
Train188.csv,12.19461548368438,0.27794960056196494,2.587890625,4.972002498916327,4.997762458785347,6280.3717540668395,1750.6050771215837,19.608891254315857,2.7069048050269533,5.404211738865381,61.0,0.4919164354271356,6.435546875,8.892599634674413,17.621679226436182,33240.164984025636,3273.6328256292804,48.260362760048096,8.631634339726098,5.86196822681995,74.80000000000001,0.9332481127530056,8.349609375,12.06267728513357,51.39122343773275,144713.2657193154,28366.071754391098,392.65443364573497,46.241682709860164,7.0019590827074545,446.0,0.1876678330632663,2.176025535660958,2.266048057121545,9.497812910679174,28529.64400711956,4825.793586401552,67.43093620121849,7.822017143404324,0.6594604757410063,67.23361789313438,0.2238003823340186,2.0263671875,4.786769248065113,3.672875317707296,4740.248112092022,1702.8205968857237,18.17813982751393,2.9329907462322287,5.258638489324394,61.0,0.6091902670177666,8.872070312500005,9.570477919868505,16.905489925900152,57275.60754452693,6018.446831057853,100.6925227252768,7.662103931837028,5.729877337477028,72.7,2.9512902595208894,20.0927734375,11.051127901779756,26.26460314405857,1590993.093968652,48576.880555312026,705.4753330145838,105.4170509250432,7.816299361529014,426.0,0.647381585108852,4.7890022450619005,2.5547819222285373,6.207217438747411,372104.310050888,8520.284579404666,128.6003396904234,21.339096319841303,0.7407759195858435,63.68072216142025
Train189.csv,4.628613176288962,0.14185874904052523,0.830078125,3.5212037562301344,3.379517145175142,1181.6731609864987,177.64802960687103,5.4196811044082125,1.8252550720799143,5.104581315032469,64.0,0.19340179697740195,1.4819335937500002,5.2343551630835705,5.276329126777378,5345.352091507746,800.1855714030478,10.064041074697604,2.6826964136035496,5.8026976448974406,73.7,0.20290865747858633,2.83203125,9.921814455963577,20.444222142715166,5899.260472759672,1040.0327058083176,66.15577027776372,2.943891325734203,6.109191385686422,865.0,0.04683926456760389,0.5452642390747892,1.3667827616122592,3.76895282792962,1976.2548402671887,321.08320803140487,10.963927902471701,0.6560344296436486,0.617223045149704,140.19102132782078,0.09773065341731915,0.799560546875,3.795306872340377,3.2599818683120376,1119.884932154967,172.01306627236863,5.358967184837575,2.169965924365699,5.075122312113436,65.5,0.19828212902529288,1.436767578125,6.3174745163444275,11.080827888952038,5007.822092370171,949.7302389159933,12.089874785195862,3.285462714699988,5.934453042263429,87.60000000000001,0.24345316419043525,3.3935546875,9.106873627399434,18.862693087939142,6498.868236861422,1117.4992127574346,32.874909076997,3.465451896835933,6.157601951642097,166.0,0.0542676017835966,0.7102400842237212,1.6119010936951914,3.841728336721313,1860.7475045685992,359.33093822939776,6.532869896599272,0.8994149647071524,0.5383971460599628,22.661206354417676
Train19.csv,0.5044001538263613,0.06621138657351597,0.360107421875,2.5644611628914094,15.651681737433032,66.52309632201082,22.356650495350785,2.850433970856524,1.429757819636626,5.945659504259513,91.0,0.11877743864496458,0.499267578125,6.215158360717649,19.476952002384834,102.45503389979602,36.144293419934876,3.8218305265446477,1.8933152159113862,8.050599830254438,799.0,0.12240134558202963,0.5859375,8.797670772007615,41.6526331924263,129.90955558831473,42.70884905949786,4.8891397409310295,2.2387548856279516,8.107296629286532,3363.0,0.029934468263753393,0.18043437417235195,1.7656602569151332,9.138319872417908,44.189837083225285,14.991756439499786,1.395267186373787,0.5061041943595922,1.0379822861478465,897.4982394655435,0.05384803787955389,0.37841796875,3.876337542192511,15.072853676964709,55.38264088158134,23.790232933348506,2.382034340084199,1.5879032705828786,5.907688381458268,91.0,0.08058100940442335,0.572509765625,7.224208983982685,26.603206715844607,159.80860670731644,53.38654248604936,5.497727415901251,2.4770923472666913,8.01440208403583,2248.0000000000036,0.13031204543731958,0.59814453125,10.579249964025072,44.149811092969,210.34478845162423,56.10595199560543,7.476708286882838,2.9616245014614715,8.086217684505858,3364.0,0.0263197429678975,0.18502461503944398,2.1741144687325207,10.3240449820957,66.2569320842099,19.681197681576545,1.9587043526951702,0.6859248272486108,1.0660954852820896,919.4367326104812
Train190.csv,12.402309664671705,0.3624589169428724,4.1748046875,5.778981951663203,5.4301618952749635,16438.64474675421,1611.9773915264652,40.69162931967238,4.766062257342428,4.901192309985483,56.0,0.6470187608067929,10.028076171875002,8.821051864929169,25.73355689935557,68811.48009041135,5723.642717930265,136.2386758170109,15.093143254248119,5.6707399675868695,74.50000000000001,0.7682129755846293,13.76953125,14.403992251759007,57.232844755233636,99184.722856637,11248.07335109206,211.79349135264516,29.44734722027232,7.391458524913779,574.0,0.17610987079138624,3.2226901160974952,2.3589725551814404,13.464796466305094,26785.307787132646,2552.325494982997,50.979810992366346,6.267761626661508,0.6375839845272294,90.41596581909636,0.38316188180357846,4.254150390625,6.037646243869389,7.886872019037401,23642.511338927507,1662.9350576847582,42.8178210072376,6.009998821639076,4.833766747169729,59.0,0.9126388711063776,13.125000000000007,9.932085571728386,27.074433823866116,137526.61448729105,7944.934570586708,182.82244716884932,20.44134316572176,5.603305664274092,89.4,1.2796655837011628,21.435546875,17.676216128767642,64.15758607609266,291481.62522657006,14276.118996331317,199.90158099076808,33.70971883730834,6.090879900408467,115.0,0.2684868680301234,4.822924981376028,2.8799614609526087,12.609400389875438,63098.26572755663,3503.339617022585,59.745551014509005,8.292145177971276,0.5976788064107028,18.386051098591018
Train191.csv,0.0,0.06787141386371474,0.35400390625,2.9665777400240927,16.176849642024514,76.30773109255887,24.80491539539225,2.838373548596403,1.6474549388240076,5.870862978085068,91.0,0.11890761479453098,0.474853515625,6.169559160464167,22.1829359134492,107.03874065491054,39.200252238115034,4.85222838584101,2.0678554893704204,8.081480434611894,2981.200000000006,0.12959153634915732,0.69580078125,8.399200351236916,39.71983397439027,163.14256005278207,48.6731166190705,5.95245343929844,2.91240888962219,8.090855045553209,4464.0,0.028244206780461537,0.17379243288718285,1.892429304551235,8.363377708735646,44.36818751414232,15.235990249305754,1.4895406248741987,0.5985860226768654,1.0513963417328995,1205.8037933618957,0.0554393617008679,0.439453125,4.202448313118308,16.64418061731314,84.13501210055203,32.382490814300965,3.235097898541267,1.880979594702301,5.685836040002469,91.0,0.08212968148574427,0.53466796875,7.291714204155479,21.39851221594253,134.49256886695076,55.33951086947502,4.7477581126697865,2.5661421735378345,8.033019453981026,3097.2000000000057,0.1356245120870366,0.5859375,8.138434574843483,64.97612661958078,194.8724026527662,61.777540939530326,8.610688994516785,2.9344465019120682,8.086052543124183,4726.0,0.024586112548483807,0.16546422534223598,1.9983102862492312,13.1950814706717,56.82268104526525,19.7559872878563,1.7572789169946768,0.6488802053619095,1.0365663427043361,1286.570862782512
Train192.csv,0.0,0.06740696805067597,0.347900390625,2.670156585028494,17.520026354217492,48.32537255653226,18.62196427573799,2.274961688464292,1.4406790503166138,6.152703583798056,91.0,0.1177240713537748,0.4638671875,6.3753175823818315,26.704774225682442,100.13874942852196,35.982319496787696,4.181207614078154,2.221988423421052,8.089373133820523,3207.3000000000015,0.1283598793841788,0.6591796875,6.595658255368398,55.09120518543876,130.27019978031655,47.94599886030923,5.3369619517465186,2.734807800800808,8.10254266177293,4718.0,0.030030922637460277,0.1716986721638925,1.7733965214806582,12.102850733949523,41.137493768060615,15.080453407596552,1.3930044992306674,0.5756668270113994,1.0791303784993282,1343.9872217933287,0.047165812685618654,0.396728515625,3.5802516153535837,15.462979391536766,84.25154243356687,32.367106025620686,2.949716869576383,1.7493710000372313,5.801852305835832,91.0,0.08188355138249287,0.54931640625,6.924278517748959,18.81638752669936,141.67897783280188,52.357592093872775,4.461315940904617,2.549009583011893,8.074106152882088,3676.3,0.12733197538082824,0.5859375,7.565649822656163,21.35369230430749,183.5613010983211,60.248159971864304,5.232307514627251,2.9816137719961797,8.092465729795657,4810.0,0.025663698699982366,0.1935160993956017,1.9335254512607438,6.82451313010579,61.04594592024625,20.437838262571105,1.5231157236369217,0.7104280327192825,1.2067425105181944,1666.8944291963835
Train193.csv,5.340707511102648,0.2525545281348551,2.728271484375,6.826611619134592,11.222371310823036,9504.996501935428,387.8783171822705,9.329658523073682,2.1796245865458697,4.887753164551471,50.5,0.41033640151809486,6.351318359375001,9.358255686119755,30.43826002219119,30554.292884169103,1293.4865972578395,24.909194537478164,6.580587018577563,5.361744500909825,100.80000000000001,0.546042448916767,8.72802734375,13.016431833646521,80.9279370865682,55348.36366861639,7597.082563497755,56.27877162488839,8.73375856645998,5.765955492028574,350.0,0.11348795858711254,2.1922663931744846,2.6390278314809215,17.480643052503698,12939.276513583723,1320.8732782804757,10.563220641117761,2.178447300975767,0.6213670651739662,55.997898607336154,0.2174528028273935,2.42919921875,6.1537453886925295,7.367076488823177,7602.487749365392,334.9327047199752,9.896896262538629,2.2444511229595814,4.857964049218563,52.0,0.42059802575178684,7.32666015625,9.408640929156492,23.203181830042894,30239.70991407161,1342.588463461927,25.738968854725265,7.9411774952923215,5.554493481299812,107.9,0.6271471691801872,8.447265625,14.111032773243167,92.25708757642927,70699.57742775932,3519.762914731669,42.79088667095484,17.27868758904453,5.768855453655268,225.0,0.12582023531685102,2.261856861995386,2.6919397046416664,17.376811924888514,15068.060434595569,839.0391987656767,10.741933332975103,3.6460335784233586,0.45316322307036006,38.82729186731931
Train194.csv,12.669345040226839,0.5714941361914424,7.659912109375,6.907479072832089,8.37159818082668,52765.40872973543,5019.336682033696,85.17765916553856,13.045971645241256,4.887368368975861,59.0,1.3952174063348226,20.1123046875,9.797428289328705,20.48550985028956,334528.05843236117,18008.911193071337,465.741726507796,55.73396294704675,5.459160445854074,74.7,2.2537241520036786,29.4677734375,12.870005594431772,35.08809990977602,804373.6771864155,67503.68530206312,1395.279159361512,111.5607389769594,7.9284810684155556,78.0,0.5372679007515135,8.123041545061774,2.307524770809302,7.969554014089992,200163.9203104871,12636.143582693785,321.63194790387706,26.809913630528147,0.6454225601937847,9.316484047107041,0.5069484121875911,6.939697265625,6.098047183941775,7.502496867956678,42514.411216633605,4995.889635507374,131.4733452791794,9.070979875839711,4.990479563172345,59.5,1.3121246682391245,16.0107421875,8.338418396139916,15.953920590526126,244368.8814955759,10378.880835668662,405.829620610939,55.1249587459315,5.777971000053503,109.90000000000005,1.4003543130803513,18.00537109375,12.210444507313603,24.037196157201485,358056.0772313909,32200.496424609533,1736.2231894059348,93.69284058382162,6.014763349429142,407.0,0.40322860649504194,5.211592202020992,2.0240779224836656,5.325893791321921,110292.61615245929,6199.600890590302,312.45958703367,24.025005823480406,0.6034811612077371,87.0100512782144
Train195.csv,9.257226352577923,0.20500161022493218,1.800537109375,5.08970904641334,5.473339920641724,4225.802637051079,525.7940812662457,9.595709935758268,2.3851334494961804,5.0742460116521055,45.0,0.29443975786664217,3.5961914062500004,7.679007099140061,11.247608893065044,13458.564283123433,1583.2629981788727,25.742610611279343,6.148765615514013,5.803562866174815,346.5,0.8641739885445507,8.2763671875,9.559519014062722,15.342595470063339,143061.30844354798,4649.885480477929,100.15853910291311,32.31033191311296,5.992892345945482,513.0,0.14328752993422839,1.5065061537608255,1.7245039418807524,3.244693045175674,25601.496119221923,857.7508339734231,17.204641198094095,5.504747123460765,0.8431550072737155,123.88152338398774,0.16911073740933008,1.74560546875,5.452974672604977,5.301070108017825,2443.873346734654,545.5336507716745,9.005110891624732,2.547083105471451,5.389826359905875,45.5,0.3377410251709539,3.6596679687500004,9.419645739037549,13.504786778345721,19433.364036296116,1814.1746487452826,28.487094974266682,6.126224501133186,5.774622427521137,55.900000000000006,0.4076702162023264,5.3955078125,10.953576392469476,26.940588043974387,31160.799827680745,3480.5719512315677,52.704291140125896,12.29455871268849,6.0704434562008815,342.0,0.0882705028304271,1.1013034969866904,2.0962140861735867,5.231755458826953,7693.558076771714,727.3771886725634,10.605681607229227,2.384733681786047,0.8011794521728295,52.393306764795824
Train196.csv,0.0,0.0647259543984755,0.32958984375,2.4239302596963137,15.967009809691493,66.0865527710711,25.095821855845234,2.7413563623974646,1.4499399732094136,5.781775598188588,91.0,0.12070887125373155,0.474853515625,6.382904408214221,20.490991245542915,110.72250188354327,37.002055914809134,4.081001771481594,2.0365656390000706,8.083049920392105,444.9000000000002,0.12643202425780797,0.54931640625,10.91363889567062,22.563276529248995,126.24577085040447,45.21873810504794,5.079446986148597,2.344771548554798,8.100591641985941,3364.0,0.029132773625667137,0.16175575927061372,2.1047190696283096,6.878190991829851,43.054694789618964,14.804105732670385,1.3482804003533806,0.5056718239859075,1.1401003822179738,863.3313362167216,0.047571559617255295,0.4150390625,3.7656758223884412,16.956708260933997,68.65870355870793,23.777929528562535,2.479427648512406,1.6111011602421446,6.022260621450572,92.0,0.07526013683781622,0.511474609375,7.181303511594322,30.34014564130357,133.04051094949654,55.63004169881771,4.2725799602350545,2.385441692186891,8.08496864511936,3886.1000000000004,0.13472338028155517,0.5615234375,8.366223793740458,77.19553406077236,186.85847904838087,61.55095864015736,5.680678318637673,2.710417100330328,8.105315525369823,4860.0,0.026567705613876842,0.17369862820049678,1.9126338926223128,14.002373598154728,55.282743670493424,19.427094782934997,1.4723761032332288,0.6078385398435168,1.1032665765429859,1494.464805109487
Train197.csv,10.918779800476525,0.22266536950740418,1.6845703125,4.227741299541034,3.470556388481839,4566.836117140956,1171.784959928992,13.402160306377322,2.136144614469446,5.064837588312376,67.0,0.6210869030237707,10.765380859375004,10.044464278430565,25.074984010831272,66915.28292431512,2767.4831089995355,76.6301152664781,11.321517513471708,5.638151580776667,318.70000000000056,0.8317711920708584,15.24658203125,12.412777647804493,42.37238703563068,104182.07502969043,10658.189645075177,262.83537824508426,41.211666559885195,5.8959722938037435,578.0,0.19356614312109904,3.920007540787663,2.5814014718450884,10.813509942676696,29580.462426692124,1906.3211860697609,48.62823847512069,7.884458835146281,0.5652627854955715,118.64177634269474,0.1933541689036149,1.739501953125,4.941323164411035,4.235630250199442,3758.196484459033,1197.99341059683,19.41584954520296,2.7774680099998563,4.768378252445949,63.5,0.777061281622612,12.927246093750007,9.540698473716589,23.006708224584724,112660.30929133481,3810.762677086341,77.92955613292816,16.12798878661562,5.766891818318183,72.9,1.7685655733612897,24.25537109375,11.30586554485186,35.72804000406066,528973.1762623817,30832.934140909536,495.2341075653343,45.144072969934136,6.250258073314741,392.0,0.3567331037033064,5.326276326667823,2.37547622015652,8.501822115665687,103463.90242587404,5233.915266031592,85.87680591031183,9.993008586669768,0.6473117492933161,57.97890746588366
Train198.csv,15.755087157752813,0.40679130313175116,3.50341796875,4.9728283586167485,4.382996646994276,12590.72554969494,3635.949099423743,42.63847384425301,5.415985768053931,5.081312255299782,107.0,0.5648313686876372,5.639648437500001,6.611081301921617,6.897252777317137,39510.78043222329,9949.826224144417,168.79128333685395,24.50000906822397,5.670039972226732,577.0,0.8668125476082127,10.41259765625,8.683813925233707,10.895567511748988,59318.49399793376,29463.179759387793,298.99408548636364,42.233265675842276,5.811921922943815,586.0,0.15699878931593997,1.7621012859691572,1.2732363792335006,1.8200843688573465,14626.693676767789,5881.127346268331,71.31236707095682,9.96752851112524,0.5206145947349835,246.11912567583508,0.3849934131923224,3.448486328125,4.843350552391859,3.9082982174231202,15837.091777566751,4073.9327199634986,42.243686299634916,5.995969040815925,4.632943803846844,82.0,1.0453067879291196,10.240478515625004,6.355119341562095,6.3890295940775825,172390.3552624057,13905.026678847746,168.55335012749208,35.90484975267789,5.128222165940636,576.0,2.0717043426620343,21.13037109375,6.730216584637738,9.378348025484275,711066.0797631154,55079.91614829705,1325.1383544415755,121.21356464622185,5.802967886964007,590.0,0.43109328474223,4.370832234894476,1.0023019335088688,1.6765005552050602,152390.3339362696,12015.182193496352,254.64936199431762,28.334466613189708,0.4379349921411673,233.32453759463448
Train199.csv,13.915510126150789,0.7649644063351954,7.745361328125,5.455520264567033,5.061698645016334,89456.76878609721,6662.1418976409495,149.0778927216354,21.150895681554417,5.099934776744231,85.5,1.2392622792477048,16.043701171875,9.034214398305224,14.515219155591748,239893.39206590495,23723.886385913655,427.53131538938044,48.069825291105296,5.687729746247715,104.9,1.751860523647197,19.12841796875,12.747528966453693,20.531568455831053,525260.4874182538,41053.131712607814,963.8337773112478,73.0372795633528,6.02743359782003,121.0,0.338942567143909,4.518346562172197,2.1860360516982142,5.202006926353014,105016.29796705049,9475.520535814174,194.47551479406175,18.610727182815655,0.44741943244870014,20.18004893452937,0.7785011657301031,7.940673828125,5.1064777279246965,4.648000335971554,93888.37619941539,6222.259176056768,155.06534367791718,21.92356411189119,5.067177581520237,83.0,1.585173041438334,14.144287109375,7.944214047038751,8.286855408090435,418991.0782392894,29136.567211731297,455.35416849407693,66.16640846704038,5.5144564618061915,101.80000000000001,2.140100338256957,15.39306640625,11.838001080787182,25.71323589822013,810882.4599423852,39362.16824028023,721.43250889011,119.12768798151869,5.965039023138111,111.0,0.45860734668047853,3.632925654130849,1.7450800440766172,4.686822782753196,182505.3336393429,10268.90013552529,166.90182525593968,26.804598426257396,0.35008301198956204,20.00602936460656
Train2.csv,13.351768777756622,0.5972677062343098,6.16455078125,6.333956808094651,7.725239507974676,57885.87917653129,4662.72941708154,111.63936979896296,12.437737894255129,5.14157581421299,57.5,1.365421233233661,17.413330078125007,8.950006204342436,16.00904845556176,259073.79576501742,29856.10537704284,738.0234552225039,83.0325949970423,5.631132811762593,81.9,2.433666822092629,30.13916015625,10.701197682532033,18.63209460746604,1055711.7439227973,79701.66378818723,1544.7558298643498,113.7307435377643,5.788721249379602,91.0,0.5491836938168576,7.231203084181881,1.7929557568002696,4.405763474485896,225293.32533267856,15829.076620500924,400.02983102157833,31.297443050577378,0.4330092596766347,13.848757559344449,0.519656580018111,6.689453125,6.836014521240063,8.514495736611956,35456.23948326998,5039.519043404878,120.89910018872425,7.728304946794806,5.2184704742922605,60.0,1.5943175386921178,18.651123046875004,9.941173367115054,18.348976319069536,405445.55920697935,33694.370423456385,694.1261022566991,77.89402239627897,5.80677835077852,90.80000000000001,2.4437336135763656,42.07763671875,11.022884823875549,22.385866576498277,1000680.25633566,61441.19171985944,1725.6832943228576,145.84324590034356,5.995240860985504,111.0,0.6055113930128907,9.277595207608691,2.232265124875837,5.686648796937806,249926.2467784866,16399.93478593756,424.74040572675847,35.693877589771105,0.5160356840294626,16.112367871839943
Train20.csv,9.524261728133057,0.2403236624523023,1.8798828125,4.321420380724479,3.769717596581252,3557.0390169372413,1972.236646375818,20.830842171689657,2.314763054788516,5.223824522846362,50.0,0.6340562100833138,7.6098632812500036,7.248656752002474,14.128396781818704,76669.08355931073,3369.430130955645,73.14503846296715,11.973542212869033,5.814867240482267,394.1,1.0449172973532543,11.81640625,13.259114953070082,31.60855830494071,206581.96932051523,5514.112927526607,161.57530494650257,40.14903488161224,7.0731571819477175,782.0,0.2455660716833583,2.7977136164756184,2.030615802392288,6.842947598351378,54016.82472558033,1195.4963269560067,35.06412335063173,9.340988338883623,0.862097492564017,218.14408046919357,0.2384143305138091,1.66015625,4.2478037870327565,3.295461396935435,4066.427018183105,2041.8180362186163,17.14282474548922,2.556733385000032,5.3367869513755295,48.0,0.4311076530432907,4.622802734375002,6.606619881114377,8.051005462957605,22896.447377316996,4377.160314007313,61.45666546870959,7.8804684358209895,5.786834827851719,367.7,1.2675811520674052,12.63427734375,10.47597623009959,10.765832687223078,306926.1554005607,7058.455055427626,209.03533468309092,28.398104969735076,5.964632431394226,779.0,0.23026394342903803,2.731233067862052,1.5301910845130697,2.265687114701468,58773.71933497818,1478.021056170786,39.683988057692005,6.735563276486216,0.5290166593370816,174.0495619069465
Train200.csv,2.462659574563999,0.06931270401777434,0.40283203125,3.0942368158678026,5.89354322005669,85.99030162377969,50.07241978361493,2.9009852289686853,1.6746077581792314,5.677438831823843,427.0,0.12543731637507957,0.572509765625,5.647492798051045,17.405178126296033,218.70032783498934,174.65988294393128,5.047187702938476,2.5505650460553855,6.311147513492916,797.9,0.13604565187646794,2.3193359375,9.780293511020696,38.51576293301521,3257.0179426402096,214.59552751767774,5.703066893335956,3.1326549033355606,7.921113437686488,3272.0,0.02852402762579829,0.366118737376236,1.768067029092371,8.27250158627031,557.9589755943352,60.33422770558035,1.5825955340254414,0.6608982438090413,0.7411676784859532,605.7850762388836,0.06543620942820255,0.4638671875,3.9327292044845863,6.9105882523150175,103.60038504324608,56.86577767728541,3.2624172106657943,2.0713325811182224,5.95651277309749,651.5,0.10786720767820586,0.7019042968750001,6.235820376706458,17.267255100745125,313.99593764901266,123.887819295073,6.453682217569443,2.8256982306702643,6.341371001104745,786.8,0.15022719780197763,0.9033203125,11.051229863107363,40.042232914461486,2407.6659535857198,317.78631815410426,6.975513462755283,3.226762297602604,7.9317258237229735,799.0,0.028803203410779216,0.20338168569204393,1.7822981568057776,7.50107415235072,447.43631989670206,66.6007690865716,2.0801410436686516,0.7790854386290442,0.7869739419590281,345.2070936409042
Train201.csv,10.7110856194892,0.3775117665149775,4.052734375,6.347383013823393,8.549539214092219,22847.06328504979,1112.8702279110234,32.54060901527517,5.57173605215605,4.743639776844407,62.0,0.6707349035924948,10.660400390625,9.91378622096431,29.977542354899622,83438.63068095164,2638.324164138889,163.7398359707962,22.171826196130187,5.476764809671401,67.9,0.8022147582906124,12.46337890625,11.457471369860137,31.326852355035296,111749.58691121946,9042.759133179487,817.2044705832546,62.39069567236374,5.6677993699870255,86.0,0.18813852482143206,3.5327662170605456,2.3332111595031604,9.471445236573505,31316.17720455259,1523.7655228706203,152.83890867403457,11.80276473140951,0.4633014457084414,7.835964761916684,0.4496218686877034,5.55419921875,6.171483754968875,7.2131824920330985,34517.90082191893,1163.3892393922781,37.043783558705705,8.299342748366847,4.55827731714968,62.0,0.5961385296105634,8.350830078125002,9.797378923762029,22.946988354614682,65326.0379857768,2283.591337914876,150.53317053649607,23.328227129979947,5.265117875020476,66.0,0.9734613694254105,18.1396484375,10.884564562900072,34.20688093455386,160844.74998550065,8755.165113676183,2935.240453154082,93.11795147765383,5.518712355236433,75.0,0.17870264984624168,3.3740023894902507,1.9302372243582533,8.152165614712915,33425.930440124015,1443.8145666758053,509.16307406736166,18.011859449532807,0.44924843881758325,6.905330821184457
Train202.csv,18.603464497007558,0.61218155602594,9.9365234375,7.323525022526773,10.342093767680772,47227.125964573424,6751.610777043037,167.75568343375977,18.21625671942729,5.004465126864085,56.5,1.127497002496566,14.880371093750002,9.760466352442748,21.415268261344387,235548.8073019197,16107.958435074239,418.9314553612295,44.779352866323705,5.642296095636397,65.60000000000001,1.4706471091820243,21.728515625,12.38354429978466,50.48000541634174,363842.0853164886,23470.93813762123,764.2657470979935,152.1479245038209,5.852118522302279,99.0,0.3065257999881692,4.8168327081785725,2.0111313617819175,9.342908425198015,89093.84885068746,5999.7665165140825,176.0401932134735,26.73496990852155,0.43376563277763747,11.804354003396375,0.7349937046935818,9.490966796875,7.647588803463283,10.242367629386266,91769.83294111512,7253.624287957156,163.01169832682172,22.838842800387788,4.916845923001032,55.5,1.2017305077722735,19.906005859375,10.55752303237717,21.258156315666202,246339.93716794378,20259.629031095563,553.2803692096908,54.332487852318515,5.4851977034213695,59.0,1.4242162973337822,25.0,12.640579305638227,32.71731527222021,339729.3824589659,32598.513379291435,672.4879437240462,84.48463783356065,5.619973009806359,63.0,0.26588866204953016,5.7025754656483745,2.1621017073566886,7.698969792445758,77531.18516927357,8276.009808837009,185.4903492230777,18.03782544258412,0.44375100158710995,3.896613112691585
Train203.csv,9.494591130849152,0.2281795178763104,1.995849609375,4.887920044497108,4.142795607361441,4978.639561352527,1622.0110401185639,10.180542132733667,1.9849549584450057,5.359417903884694,50.5,0.36180330995094495,6.337890625000005,7.353580623630503,14.165648094249528,17418.683884419836,2348.56482791139,56.95828440162002,9.902742729197506,5.699538327688005,369.20000000000005,0.943465572405779,11.09619140625,11.775461477761812,28.278823267891404,172164.6064608847,3228.2387796102093,207.93493049712902,15.64766219427656,5.836814197089374,772.0,0.2135298371453671,2.565733478085776,1.8594120778870311,5.513304331074486,46780.12137143123,814.0485507162218,37.4355123364415,4.169235720167695,0.6980076830324998,194.6491133906086,0.2084937725961719,1.708984375,4.699094640444029,3.4482365442255785,3155.7642278033136,1617.3820909655524,15.842895898938444,2.2248243145192195,5.301365762618279,49.5,0.5033211735034757,5.267333984375,8.550259193670136,9.739020280418684,43031.71458399748,2490.0371625930343,41.585955384259016,11.166917888678187,5.804602914741677,369.3,0.8443992377472459,9.48486328125,9.853154073168726,16.078542880030675,137461.51683187572,5284.946376094963,98.85312326876556,22.773633000936982,5.938467352363144,771.0,0.17404979069796314,2.150853076513428,1.8802204876311508,3.330673484334294,30062.54168307402,957.3211428935059,22.055778188719607,5.072618735774024,0.6055587108958979,178.3204629312071
Train204.csv,14.034192515286403,0.34720970768435777,3.0029296875,5.124045593111511,3.5199302644267276,10317.272948874768,2468.332265534362,44.39336293458004,3.581199859561172,5.068701274662392,68.0,0.4715342007777173,5.191650390625,9.86491627469776,24.290699643180485,28182.141627142206,7966.738178632518,79.34603331551926,5.9456012850535425,5.53617578086477,572.4,0.6116322501302675,7.84912109375,11.646981474741752,58.948527123138135,45438.46758519964,16359.816686204744,167.89548743899917,9.018246630975412,7.194567261556834,583.0,0.11114844172296343,1.556533919605536,2.511789947005941,12.219790421617471,10606.468234648546,3813.945327317738,36.574068385786305,1.9021273100802596,0.545535152184049,221.18816005482188,0.2865877726760171,2.484130859375,4.4190093850144,3.3286813407659945,6294.974510556714,2316.592629725351,34.91634453990115,3.350350211019195,5.280112679910525,104.0,0.41592384263134696,4.385986328125,7.416434096534616,7.728383882827895,22576.023452162168,5814.279184679468,92.51127391818966,4.915452801311062,5.762843458370588,563.2,0.6031126386729622,5.87158203125,10.716258660208208,17.49028866023036,64490.847850532664,11428.613155065792,329.31256977730794,8.706536611138569,7.160980314956356,572.0,0.11113764832710074,1.202315119848021,2.1246606589888426,3.4895160113881305,11953.685970431103,2368.169698617297,58.426194085070144,1.615016129052559,0.5310582293072978,232.90471957098143
Train205.csv,17.505652397503127,0.42970077007331164,4.43115234375,5.965615463995935,6.660238090009219,28205.734728484706,2322.8923714904877,59.0862005593151,8.856258270919557,5.002196842567627,55.5,0.7526445746360185,8.45947265625,7.746474172079821,12.2412422772236,109266.25974426608,6186.5324427739515,156.59375469632278,32.94526188192831,5.511725158886587,63.900000000000006,1.4470811641377364,26.77001953125,10.468608227843736,36.05507017414678,365970.36778890283,16512.582373645982,393.97468992314055,59.54705542125956,5.776281622099088,91.0,0.30525722680255596,5.121466050538203,1.620347558938585,6.252001073612127,88420.97503452508,3570.8426255815275,90.32329431044947,13.58302675439884,0.5254570007322023,9.767412336437937,0.4117305297653582,4.50439453125,6.02503931440399,6.656318009082297,27533.376786901194,2261.133334821783,55.92956039071321,8.127928186480322,5.06967489496371,55.0,0.9014583752328726,9.910888671875,11.16644870821235,22.955226237910477,130264.8946320611,4837.463813147853,186.82609811919406,19.19304902220517,5.5566256325975045,61.0,1.0028371944697625,17.822265625,12.941287066093908,47.534024896511994,186866.8486218737,15342.937399295823,753.7689391661719,70.9996389442313,5.77617257079221,76.0,0.2356653090361385,3.883690941883792,2.621951326829417,10.853451116484164,50479.26611498431,2651.161433358807,131.45749467742434,14.750572493589548,0.3947448520549697,7.153929754862009
Train206.csv,0.0,0.06199550001731208,0.35400390625,2.3909947234574362,15.946510001662082,64.58744190480914,24.610799492031944,2.723581291798532,1.4110254562663156,5.772407072429238,91.0,0.12057268473147063,0.48583984375000006,6.206451618700952,19.07410602177208,116.97976207192873,37.54348779440946,4.317127458202461,2.1676503255626676,8.085762575982896,2449.8,0.12709073165037013,0.537109375,8.795134357925171,84.98700242733297,129.34898377451162,46.32552408021546,5.224567941498874,2.347261017258022,8.10079774646789,3364.0,0.02923447038657687,0.16848356618459792,1.9869606797499322,14.24094281387311,44.23456812749084,15.47135367719622,1.4243784415378185,0.5827485431923412,1.1424496582997452,1066.626809151167,0.04874388321253615,0.37841796875,3.6072230503541194,16.661647146924967,76.81662181518935,25.334466589884087,3.331673292101005,1.68843647379715,5.913549880007664,91.0,0.07377815173788332,0.5444335937500001,6.839931184061101,26.862141253549012,140.7576074810766,54.78191352730248,4.30189284012628,2.4455257291921773,8.094310062962915,1146.3000000000013,0.13484593085760982,0.59814453125,13.96514698950305,55.273606434619076,177.71963995928536,60.54742195412152,5.654131165774192,2.773821840954959,8.098781468283642,3732.0,0.02622230706365086,0.18045050332171328,2.41675019849424,12.33363255007689,55.076430565994535,19.749715624684207,1.5487230241141337,0.6522595625641545,1.1136697241112834,914.2980567208034
Train207.csv,13.67814534787956,0.7214468614257572,7.0068359375,4.5960927921272425,4.26962013093234,78985.35205420246,7723.433600405464,130.85330068049888,17.529379904970156,5.177400964342634,85.0,1.1324378093333207,11.7822265625,6.581620234612127,9.15077487440864,218894.62643359418,16594.501264447557,379.4603903660246,49.88260603376455,5.85626263258719,103.60000000000001,1.6098021569997754,15.85693359375,8.566940862527415,13.354412734927502,478878.38777472614,41630.392888835966,968.1023606752705,81.36393873893816,5.995015878535841,215.0,0.31117050060617096,3.230742560512529,1.162789656309634,2.9188249189075077,102629.74252809088,8194.273420173837,183.04056529103386,19.84135917216824,0.4464607035156876,29.569568393874132,0.7806977624130966,7.666015625,4.741224730117576,4.226001468429135,96807.65197745612,7443.01094652432,169.86344395533092,23.425286382036163,4.990584778564243,83.5,1.6143797784096232,13.225097656250002,6.808489937958159,10.12138463245243,431513.24946233194,21374.42680485732,386.26793881335215,76.2088674729283,5.624811616290578,93.0,1.7666785169112533,14.44091796875,9.83909021959329,17.732694155584063,555598.0598990044,46805.39901926711,723.3562373461574,103.0129487501082,5.8718393252165955,99.0,0.4182605354684173,3.1186552570318065,1.3724615918472107,3.1938979285335867,160078.23950842832,9180.142359867057,141.8420930114318,26.006200826183736,0.4056939115873403,16.555658964535358
Train208.csv,5.340707511102648,0.2389316169394652,2.459716796875,5.913736173732637,8.730519629338055,7226.3749556890025,339.6765366308631,9.287050141462357,2.0458907379341786,4.942290620731892,52.5,0.4401621425261689,5.834960937500001,9.819935274021027,25.999465513986557,33894.275920231536,1255.6310246655887,21.391490710953466,5.521251026458076,5.418798627720753,101.0,0.6224567404809895,12.060546875,10.668412064858686,43.21814144210335,72811.69256632165,8443.399512505444,36.26490225732439,9.827038978636699,5.940495058727588,336.0,0.1242086070875456,2.4397021247019843,2.1628121004764367,10.33436830523353,14982.966159863145,1456.5088412201242,8.763647686031154,1.9739024440313278,0.5048428662806241,53.25759188838714,0.2089944085231711,2.166748046875,5.48538709704679,5.263173837951003,7221.728654024099,402.9802792830983,9.320505914224732,2.312569040915058,4.950735505098779,47.5,0.3518458731214865,5.899658203125001,10.463263838532619,29.876636887072756,19809.34419911476,1409.1177147976948,18.963745932127757,4.706136174430475,5.498447966292443,100.9,0.48816955814838014,8.06884765625,13.343448391553475,60.25002800222293,44026.98671267873,3176.5631268410657,43.521063747634216,7.570787108393028,5.7014457846063875,220.0,0.09593686199845602,1.9574069233146125,2.589826525647159,12.978955254630336,8965.218643671618,668.7099272223096,7.8998020823890585,1.6424729910880238,0.4800887735421349,37.408847549744166
Train209.csv,5.607742886657781,0.27600463833252054,2.44140625,4.854142920130016,4.732773640270451,13241.923582843538,434.55223813167436,16.053994848379965,2.8652527646714727,4.48282685200981,59.5,0.4011423152594867,5.240478515625001,8.142833940732327,17.925515978862965,30391.9203011858,997.9326016197684,53.152152455993765,7.582742381791893,5.474821453376664,102.20000000000002,0.7604689982883918,10.68115234375,8.218612480018312,20.317921439786666,113237.65312440925,2523.9585353368057,600.7703274262365,15.218263222897786,5.7186463346055865,108.0,0.14014377224718516,2.061000407960119,1.8641343802930939,5.868023913948807,20624.10660965083,468.41784308603957,102.40342512084662,3.19232131033064,0.6223455923373316,19.817921182606415,0.328881130297189,3.118896484375,4.959817887595712,4.551361773073493,19043.556710817902,452.7951762835814,15.183988564188368,3.963485875843672,4.592709389414779,61.5,0.5236289281412876,6.351318359375003,9.447870294737687,17.34529817833841,48860.57904724763,1419.8685496551582,60.738915056951875,9.494880994615816,5.651730222973067,90.9,0.7370470013531527,10.90087890625,10.866626769240561,30.6837524339183,105926.8337435804,2631.378852883502,520.8879355951169,20.514494772094057,5.8912396427271485,107.0,0.15652739686913533,2.3934780771122512,2.3297572227708216,7.0993254067932625,23389.865986546894,577.9155404767343,93.88723019915123,4.191554628602086,0.6573771242435505,16.780260678472786
Train21.csv,16.111134325159657,0.33202939123848485,2.947998046875,4.661024083549577,3.546003131933631,9666.709921514024,3039.867960723598,24.334637871134348,3.5207467707566735,4.853701402892465,64.0,0.4360865857769471,5.01708984375,8.614144377258986,10.01423298955776,23534.005727498996,6297.079442658924,122.57468965372348,6.763217487469555,5.555982052769376,571.0,0.6064167108102838,5.84716796875,10.100002937913573,15.51120356514986,48884.129871348094,12089.92678025363,233.4221306754174,21.33820652762343,6.145003058373453,600.0,0.10070959850867299,1.3048976482499521,1.9072188821651197,3.282715326692543,10403.044594520434,2578.748327593952,56.56661737563258,3.4767120815454318,0.46448693182062484,220.2511683247957,0.3036621405578591,2.789306640625,4.315557424205696,3.4793665549838346,9889.393364618958,2276.2613471572854,26.04799743829048,3.780192690469254,4.868647517172658,64.5,0.5106362817982272,4.71923828125,7.281274110599542,6.219861673158989,24104.562717431145,5988.4964245101555,103.11385012774898,6.375415445368413,5.44727680602714,589.3000000000001,0.7870466619076543,14.97802734375,11.942638876985482,32.75534898585951,115002.67425329314,15525.63529445014,202.2814726869691,29.47844649566128,5.6813502334080495,601.0,0.12343070686569509,2.346351292587592,1.9123730083178476,5.177213448129303,20253.24880327881,2927.3706972578857,47.31180552453541,5.885881169327236,0.4183247981256189,245.62102414084995
Train210.csv,13.351768777756622,0.3867563762545804,3.57666015625,5.495596378237893,5.310236063731338,20979.546310892812,1832.9902864991977,29.936145137790326,2.5984115983051237,5.278331054623561,49.5,0.6802666589937794,7.144775390625001,9.03986375315752,19.009176736137913,75774.88216040612,5469.1691231976665,113.02346445114041,17.40488500112852,6.00358277949405,494.70000000000005,0.7559864716044761,12.841796875,12.695491220512018,31.54021903962267,89645.10069867923,9277.43421536842,323.87057230574516,30.324667535539042,6.697037982463168,601.0,0.21056028066059954,2.745335189945941,2.234407969791167,7.303039662821283,29413.368305331962,2400.243099862254,71.29540324799403,7.899040167048728,0.7279602541344538,181.23012822099972,0.41260491229371277,3.997802734375,6.0354023106089425,5.518043426273676,21093.59482543367,2513.6328710925272,30.88204376840182,4.572910263596417,5.403181739025889,53.0,0.6531481978156128,8.2470703125,8.71292476180237,13.094172039543343,57946.444595076806,6153.628241127808,104.84562588665652,16.847918660505506,5.822263811004209,358.0,0.8143744213397882,13.19580078125,12.218827948371061,23.800819476242474,114807.87594939646,9456.672451696213,161.995702163322,31.310673756913893,5.998091665830273,601.0,0.21195525593365855,3.202944403738496,1.9969367579434822,5.344451842336245,29724.44878240398,2319.527373504328,39.67115463318714,7.316298930532044,0.5017689848051189,162.40828842284344
Train211.csv,5.6374134839416845,0.26755813402918893,2.99072265625,5.25323759615816,6.586971337243871,11773.345363156235,422.5642897868317,10.173390789877887,3.150798010320158,4.697869030275902,59.0,0.5150838374055611,5.839843750000001,9.668164520286995,29.562565955962313,51510.620296774825,1061.5231431129653,36.044478426786306,9.051010053623209,5.188557164538934,82.0,0.7265064566542583,11.90185546875,11.93128245940327,40.876792997258626,100605.88600603155,1424.0854433655118,98.05780565634447,13.28480600837394,5.842299261782526,103.0,0.15096951096839592,2.743083845400429,2.29038281964038,10.181421124417316,22652.75466368069,356.8524420159396,17.846757851903355,3.3398697811906346,0.5061093260144556,14.7991435035106,0.2963321992660909,2.691650390625,5.689751728887273,5.451151154915962,14850.272807468544,421.02765338297047,10.014326592395486,2.9737140486055313,4.659581662550743,60.0,0.4466515165839818,6.2548828125,7.962076828260154,15.000644380264891,35593.91262027261,1188.140138139031,29.06238307177568,8.55621237197657,5.2428743108812865,91.9,0.46913970006999267,6.75048828125,13.90579684914792,43.38979140579515,41265.95593734216,2173.016498445392,93.56749117081078,10.658043315116796,5.718701475627465,345.0,0.10564570425164345,1.7732439186900975,2.266227342839208,8.408453713801656,11847.101716325145,484.5043957819363,16.722847728455072,2.836045684363987,0.4770583584422804,56.60091064583237
Train212.csv,13.737486542447368,0.48943638112903753,7.8857421875,7.576606259414392,8.083123184524407,24254.068199280067,4990.18215891356,110.94155522818821,8.019632189235054,5.324006370706776,58.0,0.8633436184579075,14.548339843750002,13.406253422271131,30.785039641416123,136136.5097903366,14977.227666499246,342.95586326591945,33.9436665948786,5.765431879971973,533.400000000001,1.144838409088576,15.83251953125,15.835222422897614,47.85272248187182,205027.54545380248,18077.279980253566,514.3029830057209,43.869255226234465,6.14921359480681,634.0,0.257098424964014,4.322936126701569,3.413854009658353,12.151180579072117,55120.583502130525,5091.382627317748,125.60489533446577,11.980317038699663,0.5580736800232321,178.70514898412273,0.5467448644926027,7.373046875,6.935564291797499,8.023256516785947,40669.487940431456,4885.049234690081,102.07682568998374,10.147125606636756,5.1988120275097565,64.0,0.8669313164500799,12.8759765625,11.956273871923964,27.458409795358996,115219.94982378029,10279.191348442651,308.19661521334075,23.84435331362428,5.591233923147996,579.8000000000001,0.9849876208059977,16.29638671875,14.183756492348966,58.39793178941798,134717.59418324745,20595.870413849392,462.58088034923986,41.54035102359029,5.873208864530951,581.0,0.19280866921840759,3.477069166183347,2.6465021731290146,11.91740468215449,37808.9009543091,4566.011985173646,120.08491581498487,9.718830125254334,0.4663861216729672,186.17656899768565
Train213.csv,10.206685465662838,0.27185227756443975,1.9287109375,4.030506677445691,3.283453690930486,3290.5711105440096,2598.178804504002,18.728044830387212,2.340232403355315,5.44165204469048,52.5,1.1752744281381151,14.028320312500005,7.652444375870537,9.451360724793954,251339.90255886127,7813.517132293207,145.22717447452936,36.65908253926244,5.7677866162402,642.9,1.9689019575966038,17.98095703125,10.54570483796859,20.603236228034568,732481.0452767519,12808.308882678932,317.65657162866484,89.8537508349602,6.080246086691478,880.0,0.4957236923423283,5.021641269570227,1.81848669580993,4.017533895069977,186425.2787138156,3064.428180197011,73.58799437905172,19.92127004620912,0.7997459149785391,285.48100172121786,0.2615757405607377,1.910400390625,4.262770042724737,3.136052001134591,3940.8860858394764,2333.4450175778748,25.086094769783166,2.6545691311757613,5.464283461693244,48.0,0.4609686261688983,6.683349609375001,8.074933941388036,9.447294992354681,26335.67530042213,5407.336746440653,130.43494212990572,9.357409607819934,5.735737069373775,394.1,0.6029603743335958,7.31201171875,12.65230120754302,17.423342954457073,48552.41959902404,8613.215472134054,147.91662571976593,35.06974463782859,6.060027025135333,649.0,0.11751453464529668,1.9022425779717207,2.1130055855964267,3.309895676242233,12948.280866089932,1849.5890015686414,41.66930211223124,8.217870312679418,0.39386289077255104,175.10940497568228
Train214.csv,15.547392976765487,0.36056470160203163,3.118896484375,5.570234508855479,4.5463370007749475,11167.877379806156,3118.3385061496797,34.447074208368306,3.806925096637565,5.085108736522891,87.0,0.5439235221551346,5.621337890625002,8.118540653619757,8.460213772031418,43268.91483724501,6348.6540857764885,138.4789472678045,16.704677055399795,5.335693595617054,565.0,0.7027993083680961,8.5693359375,9.2897367020662,15.318922031892411,82949.3556576835,15513.869718246176,251.32002476233563,58.11974983245289,5.928326881960246,578.0,0.13955698955304777,1.6804336381441396,1.6039619315892286,2.71328570887682,17917.110756468206,3044.016003836092,56.689308103388974,11.55007732609678,0.4299671246890687,239.36781769577442,0.3148369473256137,3.11279296875,5.422358408475201,4.132283946586208,11313.83156738152,2234.6321125491722,36.94064184971668,4.05626052101064,4.945623665647174,84.5,0.8163305043254057,8.084716796875,7.363358329161082,8.764122868573152,105125.89312864523,7078.436611165949,131.0872398341617,18.71907559775371,5.433360565893691,565.9,1.094577142759421,13.37890625,9.21460992760187,11.388418019015878,206842.7989903547,15637.632205385966,353.8103421856454,56.12534128758681,5.78146024057099,581.0,0.24059926222273922,2.7439239938675413,1.5100398180911772,2.4176096476035327,52346.189631537505,3627.889731426172,65.27608532206426,11.78820889335877,0.46756470324927457,229.03619178731884
Train215.csv,5.311036913818745,0.16514067589336723,1.422119140625,5.065808974485062,5.686013105110043,2177.203222958988,219.85621758760993,5.921179532105363,1.8236129838118644,5.046894786724646,71.0,0.2889233048262944,4.02587890625,8.613585443613225,23.887300242427223,11623.33283588164,2564.395787281855,16.986957353344664,3.0793331149658347,5.661244446333478,526.8,0.38744811433620496,6.25,12.005998250884847,51.281576465627886,22529.53375636417,4559.173074243656,21.093468067431772,6.156073783707093,5.986734188821269,540.0,0.07718991277666136,1.4404393353381577,2.2175206434632515,11.604637298552126,5312.0572880221125,1197.3570947984751,5.658165961786434,1.1439230747889537,0.5346885828848829,179.86561552569603,0.17373914467591733,1.2451171875,4.723328796998816,5.028537050581859,1887.9545826546191,227.69778571225527,8.11047973391932,2.13290369931629,5.0962352961960455,70.5,0.26521885629425546,3.850097656250001,9.890208199811127,26.06394119790557,7982.216827419973,2116.5886566410227,16.767742941783926,3.4746056274119965,5.663121505534117,242.00000000000034,0.38926848431862604,5.1513671875,12.233785483672712,51.20915490499004,23421.409711293512,3966.367120947306,22.616840565778578,3.7558804951422675,8.04286179851658,799.0,0.08223686797374742,1.3346639042329993,2.6836766695701164,12.22498381597395,5603.358583167476,942.6057833993518,6.141090710468144,0.943493513065272,0.7180889645897228,168.6484387666767
Train216.csv,11.690215329858018,0.2195528470149097,1.849365234375,4.26383900023384,3.7878335456511296,3243.741978655985,1579.3525225417975,12.908652196739684,2.2580428610127834,5.206186204550296,49.0,0.37907536021330207,3.8940429687500013,6.689711967865793,8.365293485520558,21212.193701847547,2753.566936018442,57.81150051328401,8.099726090152004,5.46884690152107,360.8,0.5593236143069528,6.73828125,9.664951692999276,23.8958102452896,53020.80687255073,4090.4174949479384,98.41241751546319,32.146533872769155,5.637972746392347,399.0,0.10483380435529106,1.3461148886610745,1.6053850342181588,4.51315436440663,11631.046451144075,937.4254120986092,23.124853271526433,6.940140947201001,0.4385450935998207,127.57984249456298,0.21107600617793965,1.6357421875,4.648172777410349,4.026107706251222,2681.012767860014,1524.5578032667265,15.932266125704686,2.6090379394448453,4.91660595580832,49.5,1.0434876618662852,8.143310546875,6.5010345346472524,9.885991540072052,212040.12835705807,2533.5335645215914,68.42139282078345,22.11489642757079,5.674110035693867,369.8,1.6588634932858166,15.68603515625,8.119555138184218,18.548355099850028,542878.0904895272,3287.331218813251,156.36352752662918,64.98863112326168,5.8349104013925235,855.0,0.38654124562247333,3.7932171116611655,1.3445929619696464,3.6428091726752703,119754.36128837477,767.7364264919751,33.910819101055026,12.70450892825232,0.8597509530565152,186.68322099213952
Train217.csv,13.055062804917585,0.5051354246461597,5.072021484375,5.6304110349956735,5.938897529537693,41445.66374570953,3105.5465482709305,57.780809514089,6.167646759995209,5.132229738574367,49.5,0.8197395470738851,10.146484375000002,7.3575185570608195,12.197075470116905,96855.58964108543,10236.364639259242,210.10685310870602,24.510407301322136,5.73903044241332,77.0,1.5001524212008315,14.55078125,8.137666141199302,16.36630787781296,399161.64899500174,15678.134710655702,519.900482773557,82.59867201292766,5.879033319409598,91.0,0.34760192620594654,3.526467728554866,1.0516954239670717,3.2583059914666435,95815.72529277306,4058.5815043281486,116.21113161034552,20.746717598883887,0.4554992974852841,14.171073916168105,0.554796991449938,4.9560546875,5.96520176100022,6.043823628463242,43626.28075561987,1860.032978430706,68.90676129514247,8.40212946050561,5.171849390901907,48.0,1.1352508364426774,11.317138671875004,8.056586739004828,11.32637003256016,225038.91035748314,8674.753782427579,256.32597550268935,57.00789719951308,5.728920304545898,55.40000000000001,1.4994338079625453,15.33203125,9.488615548892387,17.04312342845895,423165.94249889924,13464.737094887643,564.955593589347,126.38427725357003,5.823096270598075,376.0,0.37085921548669554,3.919348734113672,1.6471525887986913,3.3289720671982788,104081.48401598816,3585.135850864266,138.46827768375445,28.44646780422738,0.7533384122929413,57.633328777171116
Train218.csv,1.6615534478986018,0.16646626016884372,1.33056640625,3.9937492097113543,4.217539310132974,3988.7886150272398,100.4150795263968,3.334131717425843,1.784503487305217,4.535633164121707,57.0,0.3159965331249291,2.562255859375,6.623612176597124,13.277194095706067,18959.64217305142,494.6030630643242,5.409211210262881,2.788668759298219,5.517526278920019,179.9,0.41569438584606233,3.02734375,7.774066987449977,15.252115695641661,32102.961960444496,1314.5477060138537,7.3108307699383515,2.9499372583596504,5.660495160567952,194.0,0.08310886148486307,0.7257667819286181,1.2920337537088449,3.640490814191594,7384.134753494462,251.23235819005313,1.6485827578126613,0.6618165054289727,0.5140595740180337,50.516618166079766,0.1754549636384351,1.611328125,4.106120041402132,3.982964120613155,5424.621806516163,106.59866361400881,3.7199344394867984,2.097876866054399,4.737495618425436,53.5,0.2790848380876199,2.4597167968750004,6.907172207479123,10.758683369602075,14770.438669258805,363.9988575840303,6.285402016875835,2.839442878005759,5.269841527315395,91.80000000000001,0.339526850833824,3.18603515625,9.420416222851248,31.498394322220737,21527.46263391296,685.1547059080456,7.953418695287397,3.4522566957462324,5.9273879372070875,195.0,0.07056359971066369,0.694004781805564,1.431450331363028,5.713469494989372,5341.246637276905,147.88444944509232,1.8204169136258954,0.7208843177065406,0.5561383954552812,30.618350681209137
Train219.csv,0.0,0.06475588084749728,0.35400390625,2.3920678422362682,16.12054946365121,68.17812063762435,23.855624415987617,2.657050972132871,1.4638502900956034,5.856411100859482,92.0,0.11835017512341964,0.487060546875,6.088312874204516,18.812106199315302,120.77219911113168,42.85707124014275,4.251140123220305,2.112332029071728,8.07898761295971,3274.7,0.12938980957629287,0.62255859375,8.693124367995123,35.385265736004136,135.3908529697446,48.716509956348446,5.825841896234233,2.88813812225048,8.095944206049367,3908.0,0.029548579448490295,0.17178806292631538,1.8858501185113925,7.791640619062808,46.14306016152761,16.956497249299403,1.42002024524757,0.5894439895669102,1.1460470817227295,1268.1873814129362,0.047737009739088315,0.390625,3.5903734062322368,16.0870285804752,82.17713575522478,30.145571978916173,3.3426810938717324,1.7554775672241791,5.696051482958747,91.0,0.07779195949164797,0.499267578125,6.898852232653664,19.636169725948875,134.13312390679812,54.03976388009114,4.500930772398312,2.6059462394581634,8.042559170462075,3273.7,0.12696216257645218,0.5859375,9.81181946239986,37.04890536602931,178.1887076531593,61.271179516676874,4.9054103847495325,2.819703115958802,8.092646469215792,4736.0,0.025479496043264677,0.17655249784630897,2.0384228826307065,8.475146078670765,56.74660611296462,19.840308227572766,1.4625296412105213,0.7190336225538316,1.1397205160969222,1363.1920629852339
Train22.csv,5.0143309409797086,0.19792276249317933,2.508544921875,5.531546244042699,6.357613086385925,6391.603092268223,249.3499586072531,7.243733800808165,2.278648238294814,5.023130151104706,57.0,0.34230517746596184,4.6630859375,12.100930416091911,45.847260813619485,19643.441571725038,1431.706120502341,14.944921402455574,4.420795073997106,5.632845625303405,102.80000000000001,0.6217132693516751,10.31494140625,14.668546286301424,84.13529503215454,73889.39980576657,4769.50982437764,38.578137227902886,10.706048955896497,5.752486875305022,332.0,0.11165496841926638,2.0401879736064195,3.324599323516476,19.91915695672934,13100.432863778879,919.4965701900951,6.562444947415916,1.8298812805221896,0.5259381429869593,60.11902257189483,0.16680424086661705,1.91650390625,5.977174930557692,5.465894707318327,4464.408318060212,241.55574394422223,7.235724484249259,2.4225530330427913,5.1732270279904835,54.5,0.3372778048892779,3.8037109375,9.54793612252619,26.71388959864977,19344.093561212125,1404.0746347860545,13.641506312482418,4.489467783136163,5.673985169764515,100.9,0.41000479672114887,4.99267578125,13.245890485091026,62.60409538489164,26101.0248241962,2712.5129913978503,19.503371545506894,6.623032690060581,5.8816372514219735,105.0,0.09339886781927814,1.309811289019998,2.415171152067927,12.376411661101974,6886.317462660857,717.6881450338019,4.470475398528585,1.3616300639316248,0.5237248093695546,26.96147062824096
Train220.csv,14.152874904422019,0.5556008916187163,5.23681640625,5.9000151919201125,7.298313749723124,36104.642256353254,3995.572238619392,82.02307579928052,12.093953423533295,5.322651972757584,65.0,0.7834987585659501,11.79931640625,7.9960043698333285,12.272037593988014,102740.98245459478,9374.727958117976,326.7489231926424,26.715134618064422,5.807384063679059,98.30000000000001,0.9860416260641447,15.12451171875,12.106132969844415,37.42451121207916,156176.30482866697,11825.253731474677,3680.1564752767204,158.6143785197313,5.9965441529320165,2373.0,0.21827821460632915,3.5697148422985006,1.876325318141295,6.691886889105992,38163.64752666226,3444.987814377678,655.8549409001852,29.91990183072457,0.3866560748487423,406.8707565062891,0.5632325968210762,6.207275390625,6.217910469745037,6.782872024355108,53131.28657462598,3440.0496508804736,91.7138945491429,14.294862655742332,5.221682104552778,55.0,0.7694092134839833,9.183349609375002,8.020216080899097,17.716892110246143,98222.93166854083,7548.132909257533,230.23049236375803,25.449347801071607,5.707254553884068,89.10000000000002,0.8878672971400727,12.2314453125,9.251270807428698,22.612644051306795,134005.95347515412,11022.850814504609,306.60386301831215,34.634832409291555,5.962550182224523,106.0,0.1829129995065854,2.446501183973611,1.5255602795217744,5.3426655042061,32960.46906807097,2683.516198211752,79.82811778140974,8.420587632535097,0.4445512359486191,17.420102208009574
Train221.csv,10.028661881959417,0.3781209713333878,4.55322265625,5.919868425602215,9.221618649100446,24017.4625533048,1233.1163087738068,26.77007044722577,5.857702676681534,4.625610806769875,58.0,0.5504851468507546,7.880859375,9.23148772159365,22.39048463924549,52766.82248058136,2867.42554872435,123.34619364501522,21.923510443370336,5.0548332945457295,64.9,0.7476936183507874,13.04931640625,11.243035277254622,36.871076412182155,93697.36645374344,5559.143278559538,390.79099393804387,35.507724904111164,5.650959965884288,90.0,0.1567191992530619,2.8698954019523626,2.080454519735378,8.23701779156274,23859.605314268305,1314.12694039748,72.46418315337512,8.754287792788007,0.4067943857310859,7.29190475801762,0.38056896582548255,4.742431640625,6.2921004497678865,8.065276441274747,23765.770068000846,1113.326324610792,27.794281293750885,6.492744083005383,4.631293792301031,58.0,0.6528119800793498,11.627197265625009,10.0773248460362,25.513238430799493,75016.99036367552,2865.9214774414822,95.17949562303511,18.55034323001158,5.247251381926621,64.9,0.8902969592777648,16.56494140625,12.573863752203707,35.25492969759196,144538.28027478783,4296.688923628595,765.4619978733423,64.67418643386327,5.5502524674951355,75.0,0.17111132086955425,3.580328131383805,2.3567417049250943,9.318310357321524,32550.724100913547,1076.9739989626366,176.6843300152422,12.993515104683304,0.48295580215888223,7.791659703651078
Train222.csv,11.986921302697056,0.4242584636546029,7.025146484375,6.5735948187444375,9.632899556245494,25443.079912030364,3051.350857789798,42.894831254713516,4.028536251532946,4.8154578096840925,62.0,1.205528717724433,16.8408203125,9.861114958383254,21.367335517733746,246539.659107268,10130.166209292778,228.05437571170256,29.84745185030641,5.291715479598944,76.9,1.3316809285857931,19.091796875,11.948244997528343,30.314624032109855,326484.75231207744,16352.493261211128,521.5380162845863,44.391959387469534,5.633718750796266,471.0,0.380424966621787,5.852170926270365,2.245102171401273,7.679299624832018,99588.94590483958,3976.874254287673,109.74592356750992,12.553051910795354,0.4139304265612843,71.5461976518494,0.4293275228891769,5.23681640625,5.833851301761025,6.650346611808263,22096.6375302097,2673.0687844840604,42.43980287606132,4.597778200400573,4.8567588164595765,59.0,1.0788020182071736,14.482421875,9.664309331626377,23.837212439564635,191950.06284812506,10794.853850794601,258.1356580879258,32.05952391657679,5.720055289899956,86.50000000000003,1.2768799175890364,20.98388671875,10.415533830455349,32.94901704750341,286662.01882512437,13813.059295979303,414.70927824177517,53.02675894222262,6.048252243525601,557.0,0.34351368072757926,5.388747971295735,2.1640679885075125,7.9997268049358485,83004.20851188654,3611.250195946352,107.60687744572965,13.628204979933058,0.49194671611450724,100.7042341385778
Train223.csv,3.7681658550557575,0.08645926008570179,0.457763671875,2.986393994665789,3.468475593232921,99.76729147341774,88.60878195736245,2.8762671026716253,1.4126986293945183,5.453935689386583,780.0,0.12593509846525694,0.657958984375,4.682398818251844,9.396804005035039,839.7514501013729,468.8661294943119,4.508977433310629,2.0717391356904895,6.049480160163743,793.0,0.15072174281582157,0.79345703125,5.711804494837405,18.79988382202109,2060.9927059274505,650.1334615805087,6.429232589635345,2.974375748362346,7.91635344970851,805.0,0.029790701803408183,0.1752769335369834,0.9145912421220977,3.9630789476709607,434.3898098090802,173.39003324472276,1.4946731177201062,0.661080169208245,0.8238061020493713,330.98998639498143,0.07174215655762423,0.506591796875,3.7654823339313337,3.6291474039506886,137.41373417512997,111.46131443880188,3.2128809248348773,1.640976890917794,5.477903570736899,782.5,0.12134277578254042,0.828857421875,5.3162849727788855,11.547616794701508,1616.654748098901,371.19812095834885,5.924829946438094,2.868219178986959,6.043417370656107,793.0,0.15810626797300312,0.9521484375,6.512417704266041,19.008415568168196,2885.499859892142,661.5650010374206,7.531993419795373,3.1109863736379317,7.950665949277898,2408.0,0.029590577080351756,0.19857798579723118,1.0461484541727608,4.168504676203289,694.7052220241762,153.42950171048608,1.8621292532300209,0.7912981010576127,0.7475895812803024,473.38250505669305
Train224.csv,11.512191746154597,0.3925494747701773,4.3701171875,6.368844595473684,8.464518624358796,21444.62004109661,2269.9007770766893,33.15756590652102,5.704567124823048,4.819443562107383,63.0,0.9247806426380504,13.494873046875007,9.103472855436689,18.555423694671838,160990.79400026353,5592.429664552965,161.4008577824036,27.69351869070991,5.505379008315076,81.50000000000001,1.28834251757803,21.05712890625,10.031031346348728,25.77941484767891,307913.9934588117,7474.079189626089,1755.5655265869343,129.10062964320494,7.6138311415894435,114.0,0.2828249379897917,4.7499805098048675,1.8329679136804893,5.950659499825818,71557.39571361331,2052.098492080985,339.4637227532326,25.37904874103303,0.6496861478416482,13.596264135324086,0.46572869705755565,7.18994140625,6.7527880495836055,11.393629897146507,32256.70406738948,2485.9540654415487,41.58374669720441,9.269897855853273,4.733363962301295,62.0,1.0631476602135246,16.748046875,11.155759612697038,28.33889475136863,196660.17905728635,6655.360659699443,179.62717624751232,32.14343215919139,5.266608320063616,89.60000000000001,1.3491117053925397,20.10498046875,12.562324541097839,38.981175582694405,335010.60666496324,9627.30380465935,2643.883171614574,205.8416605988426,5.347804482132014,114.0,0.32552652715740715,5.378889892915297,2.5024821104561816,10.221679780476176,87503.27206435543,2580.231592329093,454.8424825570348,36.58523141745692,0.45622544326098224,16.51218773361059
Train225.csv,4.064871827894794,0.18426995031973012,1.678466796875,5.303229419202502,6.020344029652897,4690.340364428415,169.39099131392834,6.280122488671244,1.9484800212987765,4.556789409360155,53.5,0.3722090643561641,5.260009765625001,8.460713715722441,26.90051595637233,24456.422781380792,449.55400186754315,11.375924268566122,3.4410869999951084,5.550085765864463,104.0,0.5095906450594931,7.26318359375,11.120586715804924,46.95572519420945,49874.65206903201,1472.6488284497975,19.660683686489016,8.025932267673324,5.814026910796956,164.0,0.10860208266458506,1.8230638584745018,2.2742248529107165,11.884758577229475,11218.898668877291,351.64771010110485,3.944065572474453,1.3205861807541175,0.5865311914593874,31.195561958995064,0.180932418388975,1.84326171875,5.915913646194671,7.290467129536716,5060.175404946778,165.83654211991654,7.5101294655833835,2.4694423256338833,4.539596530615304,51.0,0.3598937697463695,5.1904296875,9.478649759427444,27.645831265680265,24914.61150736682,461.8632319099075,13.55820942736804,5.0939858348277545,5.40630662432578,100.80000000000001,0.5094503692145268,10.65673828125,12.361077220749978,46.87098896969027,46518.866198478194,1343.4433997287113,19.281233599552763,6.033045618212166,5.800951313884989,107.0,0.10404052895639085,2.1178503533516317,2.3901197342823566,11.591485822819324,10723.062039359167,244.24235880669912,4.411858815575873,1.4034622979931513,0.6087601395447919,24.191860072139967
Train226.csv,16.73421686812163,0.4311352150035333,3.814697265625,6.714014101193214,8.730455222183778,23589.047643559523,4006.174606500952,54.297016695573845,6.2903520599015,5.0378075409567735,56.0,0.9008306967593703,11.51611328125,8.265849152268505,13.654971911349302,124168.53698488683,10018.305501093222,233.43061270397246,27.535976223543138,5.613437997416609,585.0000000000011,1.2634687068763992,18.0419921875,11.250756349586805,18.765582249035003,207745.81584373437,32466.11906716731,2181.1950133266587,47.52170716954639,5.82572072871556,652.0,0.27855654373316874,4.247296406786018,2.07120100126375,4.7655435728303575,54795.95798602828,5809.382680693797,374.77279592578435,11.623925403304789,0.4976451014223191,194.7980098677538,0.4767105244831174,5.645751953125,6.212213420708524,6.377164404098274,34988.100722161515,4158.7636423112845,61.51607920796196,9.806204796293542,5.118591685908723,54.0,0.813405097898835,8.65478515625,7.865438529911165,9.345221715219736,108787.06823371071,9061.163907520537,189.17246196448704,28.92463409527223,5.514165908270383,104.4,1.065007469650275,11.328125,8.351566611783507,13.45817898330312,205613.35796042622,21313.124444442437,1079.7861760793817,35.61388548073439,5.972753102182902,645.0,0.23769888917742948,2.500579885940124,1.346904514546778,2.4010828700947333,46651.6059783512,4095.464587355304,185.62723962787172,9.384398160518117,0.4969071891192882,142.26064052910067
Train227.csv,5.51873109480607,0.25151061063339025,1.922607421875,4.001153255916588,3.5047143984926143,9006.234351873885,337.60300093941373,8.110639714237687,2.3664669091914674,4.931045491356201,63.0,0.38180962211058145,3.349609375000001,5.623000869318629,7.032558172097936,24650.66297938411,981.7090413340399,22.072694353101163,5.224465639170186,5.367614015232312,99.7,0.4298696651987378,5.1025390625,6.954421530819835,16.299564250543288,34988.14162246351,1939.425364379789,306.4118838642829,45.063919138984694,5.804563525900556,104.0,0.10373766975684956,1.0828140315888597,0.9814884834458145,3.3204785371370957,9601.241468042675,431.4633798115887,52.79223088779192,7.498340737633818,0.5292152132400261,18.92891203787212,0.26236836945908404,1.85546875,4.528702441918984,3.637230956393938,10915.179461007137,443.0351141485818,9.373337030668434,2.5970393072446942,4.876642085728724,60.0,0.4650601307373734,4.051513671875001,6.603287399704578,10.563481947594772,34059.3292776195,1304.584168557431,23.897861432609123,5.696702554652612,5.326892576194098,107.60000000000001,0.6007061721658983,10.58349609375,9.408685528187174,31.955944725901734,68967.10516045787,4205.4602816930455,176.5500370098806,20.941082876773567,5.713365208566294,184.0,0.12379658464579597,1.804631475666854,1.3912759349227597,5.5105681657256556,14843.805230969527,919.3065162877151,31.34811243980544,3.8516605039263987,0.4251183788365641,30.187694098754875
Train228.csv,0.0,0.06732358699824173,0.3662109375,2.6821555629368077,16.695689884650264,58.877386612320386,21.24497499015669,2.5486617929857305,1.4421077689544555,6.078613321616164,92.0,0.11824926393078204,0.537109375,5.8756106572340965,33.808060638040594,98.41888125326697,38.18904848788227,4.632208968282723,2.129573400563104,8.082441700070454,2625.100000000002,0.1283724744152733,0.59814453125,6.855644544297162,74.61442062084154,150.07242966194525,44.17812822819278,5.713657026184412,2.711589603082618,8.103932195982317,3363.0,0.029816885439901065,0.17122339960497843,1.555477575661048,16.246602365754566,43.58918349944201,14.594887218225878,1.5200536816050525,0.5096981163585445,1.063902477232355,1026.8795800263047,0.05175760197578112,0.408935546875,3.5560768215586105,17.196060933287107,77.67947458692723,28.326239785626576,2.6365367659314094,1.5929402426353028,5.761398023474923,91.0,0.08192326514972353,0.5310058593750001,6.934395339982378,22.192167333482594,127.27902395020179,53.56933003939821,4.520210675524403,2.57458068782875,8.033095631163352,3269.700000000002,0.12804256438935657,0.54931640625,7.608343318924594,60.278647421289186,179.21740560369165,58.78567035293672,7.372465814874638,3.3216375045451962,8.09312017582075,4000.0,0.025117358246001763,0.1628335152826428,1.7930622964103797,10.690450651479265,53.878125440034125,19.30043565462657,1.563044665205227,0.6727780724670482,1.07859469478454,1197.567570102388
Train229.csv,0.0,0.0639545746399287,0.347900390625,2.4000908678662314,17.287887421780397,53.38794802595183,21.363464961813584,2.505033947860243,1.4629215257816193,5.998715569523048,91.0,0.11785635232365615,0.462646484375,6.484596068196412,25.003574725300908,96.22722653611861,36.874517622464666,4.2644474895991955,2.003939007433134,8.094521122826098,3111.1000000000017,0.12621415082500403,0.5615234375,8.668864748971238,28.72616976427584,134.38086870434054,47.65957121072714,5.629672088231256,2.369731913700269,8.101170960057054,4892.0,0.028778520386404757,0.17138140417482772,2.1078091194652893,8.512967439971566,41.492727960142695,14.826566985605089,1.43041463003801,0.5267811298419367,1.1517441729947715,1313.281332540152,0.048450821289957605,0.372314453125,3.76882748909801,17.05388893717143,67.21202134778068,26.807436163506082,2.7692083220491233,1.6637207953598283,6.019453552837508,91.0,0.07608772206991346,0.499267578125,7.339929551352805,31.48371873423808,115.22777474624404,41.38429644587668,4.080815234871035,2.4692087073415907,8.068373164941901,2384.0000000000027,0.12724376568014922,0.5615234375,11.942129913659809,79.2695233872779,169.62710700031573,56.191035511733055,4.227662569653675,3.06979458112344,8.083540449700568,3676.0,0.02555672293475261,0.17652076229453886,2.363798986601707,15.158435327762689,52.054480468634125,18.71987306643016,1.304552705639581,0.7025898083872688,1.127381509479291,1046.6857216949127
Train23.csv,0.0,0.0663955848861029,0.35400390625,2.6567352187478788,16.607264154781173,58.714021411964424,21.781048855827567,2.747109883693847,1.4491214345171648,5.906183535672162,91.0,0.11800194862190784,0.487060546875,6.294651999111221,19.52323435518849,99.62467541789617,39.79719650435017,4.606536094116884,2.0928456057816303,8.079705678513811,3354.6000000000004,0.127791351769881,0.64697265625,7.0375592347056015,41.18982989981847,144.18120439964306,51.64935368112229,6.001607770502929,2.6397692148322136,8.099610983192372,4759.0,0.030431403551939667,0.17322422254841147,1.702832228162592,9.37223649649727,45.52844981004301,15.755303178690193,1.598129043396575,0.5484831526331578,1.0873625407060654,1363.6379590633424,0.048790905700907244,0.4150390625,3.8143650381393606,16.35487022034956,73.83334161927795,25.947026567254984,2.6778830083950793,1.6602388557174184,5.983227693712745,90.5,0.08202839427934842,0.537109375,7.318426464863223,21.502965914347133,155.99830233213962,55.52729247865503,4.6285274112492605,2.5878989275467585,8.072724662368488,3885.7000000000003,0.12729387769428133,0.5615234375,9.792411509279892,54.744835827840454,172.3425248393,59.46661350678363,8.79041586812799,3.223291453297426,8.095221810444178,4797.0,0.026183821761908165,0.18365776690936894,2.1794022426511472,11.028838858488383,57.73511892284053,20.339590725542834,1.8001632450210756,0.7159387489183827,1.1186759689367862,1652.8555850288124
Train230.csv,14.924310433803512,0.3276719535266374,2.984619140625,5.22926718244268,4.993550234819322,15634.905825207345,1651.561392790672,52.80906771566984,4.309090426065383,4.843458817680675,68.5,0.668449906893756,6.816406250000003,7.703677754048599,14.8384576994642,71651.11359226306,4563.836478985415,118.64639247836543,14.513976348464675,5.524312006774993,104.0,0.8922199056322003,11.0595703125,9.019179278234125,17.516356124968784,139967.62316232064,9056.790684468784,358.2852023048452,38.24901417638905,5.920409865121459,532.0,0.18544246189287036,2.307227677547076,1.5529587587677531,4.384208801220442,31448.604812067962,2067.4667871930765,71.56956759609058,7.297834306513118,0.4806170747954509,81.54393347108969,0.346044677916567,2.618408203125,5.540046308622532,4.831404884836303,16328.078859031079,1809.5707366351253,54.120160030224675,4.164924715504235,5.103872287065043,68.5,0.6639109991110234,6.761474609375,7.182553763347739,8.053814515149408,69389.59545249217,5205.852153894329,120.180393348894,14.908024084504422,5.5674608788769495,111.50000000000001,0.7876493528064488,8.6181640625,10.47738083129192,10.926075036863951,104827.0140811643,8203.062762618441,214.43994541794666,29.243409867877933,5.635939789266414,534.0,0.1834823634120532,2.018367534426791,1.4694131641145909,2.1139895417213537,28188.322284860285,1878.1663644554385,47.73480195387857,5.758446345822991,0.46572449288612705,133.97467986059903
Train231.csv,10.918779800476525,0.44198050081572404,5.670166015625,6.408201596125627,9.398801912786233,30468.758969673243,1760.1244781907717,45.753986659822885,7.122249215268543,4.775775111299291,61.0,0.7206748713717226,9.769287109375004,10.132138908714444,25.016596372734334,79322.46522163533,4262.274088241657,178.65256070939714,35.079668491367634,5.36049169067689,88.90000000000002,1.208774647062005,19.5068359375,11.854951398984715,37.31163598822483,257737.09293208766,9787.8754131577,932.378230450746,56.82654557805833,5.586791294270965,109.0,0.20865197207392422,3.86793190767593,2.192272124943321,8.26084232246309,46209.475747474105,2040.2590636383302,169.65362642399222,12.827961656971542,0.45618130122761924,16.456381740832338,0.45008553998426165,6.4453125,6.885754177605145,9.745956004738508,31788.46206413756,1902.300114937908,45.317229321352805,8.63209753611527,4.659041424580517,59.5,0.823660947059585,13.397216796875005,10.501302437663558,25.33177627742396,122625.68080010012,5704.825405129458,230.00246247327624,38.49575172287217,5.124886918292497,68.0,1.2891035998179121,19.5556640625,14.679338837183082,55.127809871252076,296361.8733548133,11348.580608984985,2550.9614983183606,118.07597168084396,5.16381756211243,110.0,0.2754706561834487,4.762435621072039,2.4837957133804918,11.063779918210816,71231.76400685139,2324.1128806269876,438.31932930292214,24.462335340775354,0.2812623601267047,13.632308819492023
Train232.csv,5.073672135547516,0.10885640705185509,0.628662109375,3.342675188894825,2.91619505872091,158.12307862723608,277.2184944401485,3.90466635348604,1.7313596871925163,5.4568302562047615,786.0,0.15173369996548047,0.9228515625000001,4.112439607485476,10.630488873702568,1061.6724225797343,893.0536562067011,5.817600365913785,2.226818991177564,5.921697205379528,796.0,0.1819086046405612,0.96435546875,6.5909074212193755,22.98694737291126,1313.3054858920634,1338.4098878686398,7.57768527215876,2.956101065475728,6.604807178037492,810.0,0.03115455582447336,0.19131343827142938,0.7732178760469542,4.854734033834006,405.26595051028886,355.14894969478223,1.610847812600039,0.5499114187501843,0.5120634317402489,343.6979449222093,0.0893628678865466,0.616455078125,3.7021122090598357,3.5093559080305585,212.41495763993743,262.9877399743185,4.482293052222667,2.124685606750067,5.417384901381845,779.0,0.13606374509606972,0.85205078125,4.4544819184162545,10.095727671699072,723.9900629704811,821.5586996827165,6.841194454004674,2.587438422341337,5.95647243842423,796.0,0.15915675085780268,1.06201171875,5.475147441242113,16.343849452350984,1182.1421952498567,1150.2502081376076,9.93143327378928,2.892899229165986,6.310198944832091,806.0,0.029686447686064776,0.16709593288578883,0.7279595087198552,3.56570563685459,288.36402557288415,312.7934073952057,1.9667693555670867,0.6009102608939259,0.4539679373779555,336.64729665296585
Train233.csv,12.699015637510742,0.21327973271160297,1.568603515625,4.408131138367687,3.47971357428238,4473.066897918615,1017.0079684371976,14.99352660721225,2.4145730474028415,5.140462673107567,63.5,0.6038364004213405,9.337158203125,8.465063846886599,14.007048675174467,61960.769619152714,6777.423798911584,67.50338030738324,10.197212924593542,5.6047508819412375,104.9,1.345192683707208,12.2314453125,9.977198103631924,44.258241505340116,329412.1089539644,9175.75329429224,371.74104719863954,93.1675326892267,7.946526898558702,369.0,0.281060162811439,3.427713819826611,1.941738823042417,7.8170880695931135,69154.44905008073,2486.7647379837654,76.46496258079996,18.72342246088953,0.6803286335876509,55.44419350797701,0.1913010747415782,1.513671875,4.2922698952325415,3.608201054878859,3967.9091548844403,1197.692949243673,20.365156989421685,2.8314448757306248,5.214728490870292,62.5,0.8074189212525288,9.354248046875004,7.5090338615585495,14.605073124920834,111489.32503951172,6674.437726861736,76.28959158679169,9.263178995671,5.627017033965199,335.40000000000055,1.4961488877935247,14.697265625,8.453101100103204,31.396984543648408,411523.83435146156,14364.217475484567,285.6600972971007,66.95740805314414,6.400896086754319,381.0,0.34379846541722464,3.950077426899578,1.5135469241506017,6.088298501659489,95116.87640248732,3421.705093830324,62.34238050027988,13.69891556854622,0.44983122203728276,102.0215778340543
Train234.csv,5.459389900238262,0.23657041360774017,2.850341796875,6.634155463693709,9.842148904249044,8148.291975188375,379.5032861131481,10.392210001059148,2.2790182336702034,4.993516023873379,58.5,0.3447311440963685,5.264892578125,9.603178014333066,29.844162356716176,18074.605265879865,922.1718771308405,22.48742929057832,3.913239901840674,5.461770358734207,102.80000000000001,0.4912486128265752,6.25,11.851731449829789,36.15907189024214,23954.341964349987,9844.32582549515,28.35799949036029,6.402013654629295,5.663404208439621,335.0,0.09038898920305911,1.726304864041677,2.5348419289310438,9.85537649947284,6146.916487057926,1669.1879603635261,7.315659819496978,1.2096083961690092,0.4574829329678292,54.008092203275424,0.2204933929395813,2.0263671875,5.329059257645984,6.278217133724922,6745.585129760131,399.38060770308266,10.161465484659189,2.3885036495714123,5.1944001638292505,51.0,0.35072235187607537,5.496826171875001,9.412164578962852,32.728079529902715,16649.045709100534,1336.6730809237795,19.803171239553773,5.205859695279621,5.550751475761291,103.0,0.5314128009198316,8.5205078125,12.284013071226443,36.30623595471695,55064.87038686189,2610.355794868268,26.985494743661732,7.377716136820711,5.905010798044206,114.0,0.1074146095073922,2.135986280108822,2.4522397848642585,10.60443569467811,11494.697006227674,608.3829943185173,6.924204271514697,1.6025201369579447,0.47673730148277177,27.695029309200958
Train235.csv,3.530801076784529,0.11996290434170997,0.93994140625,4.8302312589599286,7.317371335757665,913.1285635586506,88.2143114684059,4.553131014467658,1.785037906941235,5.480928292968376,67.5,0.15184454578256665,1.8237304687500007,7.97821794108809,31.90549748648981,2495.0198135142236,478.5360972556159,9.173140067970591,2.454045398605277,5.944386775967951,81.50000000000001,0.16845504096140831,3.11279296875,10.072582773813922,80.72987079883632,3825.459242553238,690.5262715211469,10.977191589894511,3.134644312286228,6.7601703156690105,92.0,0.032045668034310935,0.6576945210399013,1.9554469466739044,15.107773468532807,890.7603091888246,201.24051865726506,2.8689629180306335,0.6762843806654772,0.6429168075814287,12.267684938487783,0.09808162657063439,0.7568359375,4.619563274687841,4.633973141808427,954.7928847508232,85.55980535622076,5.230073015532847,2.002290696593381,5.541567671992665,71.5,0.13735886374196535,1.4477539062500004,6.8091219602736945,18.541438885380302,1745.2198439419415,444.15730986997914,7.611254616033658,2.7961219928796055,5.754301214607246,82.80000000000001,0.15663052952071266,2.64892578125,10.499341625728869,27.118737320405135,3679.8923430014875,680.2731063110502,9.417496593604444,3.380514695763625,6.107796881208881,91.0,0.030702999737975793,0.5382340479638205,1.6728280554165729,6.2646189577392555,905.0525013898173,177.39962489521827,2.314470612391397,0.8133580399390956,0.4430412777857279,11.789826122551595
Train236.csv,4.687954370856769,0.21239049206445254,2.2216796875,6.688748006667749,8.249118594703873,6327.023223626042,338.6822676178249,8.412946449900733,2.1743815885567126,4.920909104173264,51.5,0.3351406787911583,5.3369140625,11.483804693815578,32.51148992724303,18966.032421024098,903.1251584116312,26.422043323920654,5.586285462776282,5.565200557981689,95.40000000000003,0.8149487293387504,11.9140625,14.436712882526992,50.15136425892319,129624.17241842198,2172.726914567479,60.01301701719688,16.876695891935906,6.837901149789947,121.0,0.15573598766554397,2.8706559833585827,3.1210601362179884,12.496120743601383,26008.587507557095,463.5841336934601,12.964653939488777,3.2617636363903437,0.5618258155399105,21.699451857996323,0.20911034133872447,2.0263671875,6.390603666550945,6.842237361627582,6461.85710485104,329.3024739268101,8.985016546924149,2.1307545996857904,5.054948043362318,57.5,0.30379821070222,4.561767578125,10.0869424077903,23.1414457138234,13303.75818322773,1174.0488060728221,16.364568606832307,3.9514954570157386,5.4656405969491,100.0,0.3600371314807456,5.38330078125,12.233363320011986,45.53595879616005,23725.019665738164,4062.8569500418494,41.19248384321581,5.192019663354164,5.751745861333928,202.0,0.07108023695367423,1.4213739640768668,2.4902316163509277,9.82411907654816,5105.087445275345,736.0729682113056,7.512537115543245,1.108008860432751,0.3088621133687581,37.07307764318333
Train237.csv,14.775957447383993,0.2990235850563818,2.490234375,5.410341998868481,4.6358371658211555,7998.853239822287,1809.5813552072977,43.8424952814878,3.080422259357957,5.1804581204868665,63.0,0.7604792781434777,11.774902343750004,9.613634901057269,23.757619748457813,93582.93393796479,5538.132820060856,135.46135874644887,19.47236947197876,5.7305261453531156,114.0,1.1127252227528948,14.2822265625,11.168255973539392,26.440772849744604,217482.37120043486,9216.005449634655,182.18291791039607,27.01356650734116,5.995454423059494,613.0,0.2356195389087579,4.08090515437848,2.2103828839226094,7.579808959769985,46331.218589207594,2265.655580651498,45.008046775393794,7.599614126118576,0.4158225219764663,118.55035849798178,0.3625164376051896,3.1494140625,5.88774536374234,5.0990886969991625,16000.292661236144,2238.311286936611,48.623520264198056,3.38898079843859,5.080725809901928,62.5,0.9316394364682731,11.906738281250002,9.286246965250367,18.928801945334133,151062.28527604343,6940.678244300452,154.05073285183363,25.78526757710504,5.473789865161168,81.20000000000002,1.1748420791827179,21.59423828125,11.178694464369709,37.49992958139205,251350.54649215357,8062.9054541745445,228.81468975547733,39.336950287069904,5.617821106666448,544.0,0.300452024041261,5.024890856182507,2.0813348291567912,8.522229625668592,66739.84210711862,2418.974819100988,58.20343205300314,10.838817071371146,0.5603018580215546,84.29669977970669
Train238.csv,8.960520379738888,0.17369550455736804,1.470947265625,4.4899283395186025,3.7641674478828175,2651.2622075418385,667.227614611209,6.442186808628577,1.4774257652821197,5.4453318986420465,66.0,0.2306594950323346,2.073974609375,6.2054156422784565,9.33144751306855,6279.949208803563,1311.1904160955667,15.43738721728691,2.338094592794272,5.9456075648122555,211.4,0.2916786015430188,2.67333984375,7.230196608650671,18.28151994560408,14834.576568934432,1728.1490323560256,42.1811993725063,3.2320520137944486,6.16166142469637,923.0,0.04605269409304514,0.5515940125567127,1.223929697401036,3.193931150934244,2901.8279454961257,456.1480926171797,8.190381394169805,0.6517702751326196,0.6159788083593892,227.70450114951615,0.1644193894993665,1.08642578125,3.6843212250196746,3.155598728932338,2169.061364358374,628.7471224601711,6.0577767261094895,1.5658520533329043,5.4814317487475765,67.5,0.20577230978036382,1.7944335937500002,5.438003117879091,6.717207455460884,6060.892779986007,920.8443428513982,14.054650546977243,2.770897952065703,6.0368416286659405,804.0,0.23770017595417026,2.64892578125,8.524107605536713,17.59527851467408,8407.77897877654,1347.2628930419512,31.372693501324548,3.464632143872423,6.204023838019927,811.0,0.036609158625232854,0.42879488059104703,1.1582873344101683,2.8657021814701067,2154.2477687972437,364.62665953116306,5.585194856467656,0.7348987430071992,0.5652285746861447,288.6657276916503
Train239.csv,0.0,0.06663025155357763,0.384521484375,3.275578479783536,16.37574114863785,69.90416833099091,25.690777535049055,3.1049267953711643,1.7439176321230478,5.770704085566839,92.0,0.12038233058059253,0.523681640625,6.114039051034756,21.2813653827833,116.26412315236506,39.986571894063395,4.223402123135344,2.1503234051968922,7.970333965685754,3274.8,0.1270798270987348,0.5615234375,9.013347640182294,39.12213144381718,138.75877792917615,44.83231518080268,4.822967990383126,2.7603305107269818,8.095604940904185,4464.0,0.028499839998239903,0.15569199822342947,2.0171719295496984,7.855241697930879,42.67711696081099,14.410453144911601,1.3083770279346014,0.50922614273984,1.0214071201006347,1338.9836743864496,0.054405455492840135,0.4150390625,3.989329015507682,16.54272430491469,86.34273586355766,32.69648900996084,3.0053300725202083,1.7555734962520329,5.692618353130246,90.5,0.08135330089387402,0.535888671875,7.0515285604537485,20.706513601960015,133.7573854791073,55.87209621836799,4.711647273729187,2.386475261133294,7.95670694805515,3141.7000000000016,0.13630373498860726,0.57373046875,8.139229197600901,85.65020642639064,206.02696391003184,62.70126499186212,7.2542927812268,2.6939964375895675,8.092579997935486,3743.0,0.024279329606798662,0.16196209108341045,1.9224261333451211,13.572274635590876,59.32401927641191,20.849234319793144,1.5803906048899092,0.5636363570569681,1.0824341243869535,1141.561016201472
Train24.csv,5.429719302954359,0.15847802311421177,0.93994140625,3.5009839555337585,3.197711711059693,2110.84045834517,242.9541975238572,6.138812809133908,1.6331670534958516,4.974562008696521,58.0,0.2296566103844882,1.806640625,4.721123965168321,3.9978749465783405,4471.815696872899,2315.057776389889,15.509344596207537,2.6204098173043886,5.515563943879197,479.9000000000007,0.27243214116664316,2.5390625,7.640304332564219,15.485914144206726,5285.638049960679,3957.7775977241868,24.01502350061188,3.341348104374301,8.08259910753783,544.0,0.05876993660000505,0.5758045124546267,1.0978522886106903,2.516269089498033,1475.1817157547152,1070.8443014593677,5.749490640052467,0.7247154027486303,0.7396495192070063,153.80379838754797,0.12212014700134083,0.91552734375,3.8963455996605374,3.25823662028216,2104.376980409652,216.35716155127324,6.701360778305778,1.931037182348763,4.960835939763223,53.5,0.22055632117575646,2.03857421875,6.3384301318456275,5.363732366538506,5565.651112379527,2057.043096927602,18.751332399366124,3.1868179358395436,5.5065662564339695,476.60000000000093,0.34504326383247685,4.4189453125,9.730328358247602,17.00923538388867,16223.293220409047,4716.383191276356,30.087117673357657,6.972178553819337,8.000615247512311,539.0,0.06783316323886218,0.9929471594904067,1.497010893918779,2.8641334120591995,2929.6807436448935,1043.930121966337,6.668319689240959,1.2265970269409543,0.7625285194966517,155.7720910045747
Train240.csv,13.055062804917585,0.2021726282180314,1.470947265625,4.083814500361788,3.1540760736134135,4283.460471845114,1069.015746523261,21.495556656279874,2.8323163852841127,5.244967895992209,60.0,0.5188931319888782,7.626953125,8.50184275709762,11.583089862999367,38565.803187278485,4640.701822009106,65.98079533576265,7.83282888246578,5.650440417842335,68.9,0.6968680458406118,11.03515625,10.212975591195304,29.28837270983371,77356.63019719435,17572.90569732636,391.2093427965913,30.72617645488735,6.131943152583763,364.0,0.16027744046763184,2.923728923350607,2.1115301480200737,6.176030242846647,17326.67870717899,3262.614724180861,67.00882646602203,5.333478349797591,0.3436274200037399,53.219832637255635,0.19186596114552462,1.52587890625,4.1761163825351435,3.3630200098474736,3406.5429198301244,1222.1140943274181,16.7734618282376,2.8775574989677395,5.328121240139067,64.0,1.055452872459572,8.833007812500007,6.338207770048046,8.077278679982411,218955.43320788926,4383.071069121502,110.7131478449179,9.62819755206866,5.575441297966792,81.10000000000002,2.446072871540337,18.1640625,12.46072107370099,32.95035857547839,1080161.0149411107,36980.188541593525,680.9088023009131,98.30954307089199,5.678145567018494,369.0,0.4948314212319833,3.868749120652046,2.083053879561056,7.31011717628129,205055.73098217114,6298.50498406159,119.51766067983058,17.352349013382415,0.5928418462361289,73.32238317867198
Train241.csv,14.152874904422019,0.5415492930982237,5.279541015625,6.654456060964881,8.626207872758041,27922.073449384177,4275.3863349809235,92.910427551155,12.888159212178394,5.438490346562655,60.5,0.8730093544118561,11.851806640625,9.483937166991469,14.185146964001307,134948.4977524769,11167.27419214347,297.72831084974064,32.974918145245894,5.874391310931469,91.0,1.1739573352045636,16.5283203125,12.016737734614825,32.95548349313664,245164.31936276055,13701.063363117159,1828.896472454039,138.62500454609278,6.140453093550943,365.0,0.2529511526630616,3.6502888763485113,2.0071003437041046,5.546106067853827,57441.922004773616,3741.9438563015856,374.63511686639566,30.519860310692973,0.5008734751110722,55.25307542345494,0.5591250385050524,6.890869140625,6.363264139906544,6.055368583855181,52643.04251216989,3961.327284973415,86.08720841260194,12.772476624892171,5.2291319616582985,60.0,0.7893331499787768,9.122314453125,8.67543903652054,18.53193378466435,100394.2234685623,8905.057175159673,233.8384658014457,26.65803799034557,5.7549375314192135,91.9,0.855366269596806,13.18359375,10.886930109355736,36.226364125759495,120352.9448452207,11686.334572605014,462.14008300801794,42.024547918387256,5.798148669857371,105.0,0.16985878346857106,2.429962038432407,1.5724878219559721,7.572680313464028,31124.509434933472,3149.1572476074293,100.03062637473712,10.02604254854934,0.4293794013260467,18.337014308496354
Train242.csv,14.182545501705922,0.26601078942820644,2.398681640625,4.49846109416437,4.0886864528966,9112.850702898784,1727.6415616462805,32.62539652577655,3.826398215391056,5.1305429336888775,73.5,0.9359484498942228,9.399414062500004,6.241755028093594,8.025189828481594,150259.4529559788,6115.600955411745,130.88386651927172,28.026333414404125,5.773173242725985,108.80000000000001,1.0705943745799706,13.36669921875,7.337553402756908,11.415505307819013,206948.06408614613,14450.81092175541,226.1503410675594,46.316102519156914,6.371304583901759,627.0,0.2745160326297275,3.078829070862059,1.1096320319212631,2.0555907521349144,57422.759513011486,3108.841326136881,56.145849203864856,11.608778586108821,0.5801772875013234,123.41278233533997,0.26676896263738437,2.484130859375,5.124437830549454,4.260023246376304,8694.72499561965,1615.5415386203895,34.14066569182722,3.898463465710295,5.191551160311806,69.0,0.4552336942037029,4.16748046875,8.053948374151915,11.52404452154664,33013.769555513754,3124.650004405453,92.51353073748943,11.968870065827128,5.587683191836075,96.60000000000001,0.7115153175831004,11.279296875,9.44822650773997,16.44609747750356,69099.5504645207,10212.206444173,203.47959529284583,18.440581825993743,6.004282861552019,522.0,0.12651871124473707,2.1400216385199156,1.6824632347234973,3.3947998362552787,15222.804458250028,2131.564322203389,40.24976970794984,4.367848235280896,0.3764457028918617,109.52692573489635
Train243.csv,11.423179954302887,0.3841474235826785,4.486083984375,6.346713313424795,8.71625396626672,21934.12742872654,1781.7042645394706,27.148212646880708,5.9896330370541335,4.9094931168041605,59.5,0.5521211241010796,9.002685546875,10.354994566725717,30.14623346685264,51087.60964408922,2951.4278904260423,93.91006905196656,16.624240403552502,5.343529911083612,67.0,0.7929818288541953,11.767578125,12.83280933456601,36.879337400135974,110283.64104601937,5404.7102375465865,1486.5573808562162,91.55899359372093,5.851414923886074,80.0,0.14878914076310557,2.9790349951123685,2.7534027722238186,10.514578774426328,24143.2797059878,1172.7919835339076,290.2564409031718,19.102238465463383,0.4840450408410151,7.675994947725018,0.381312410146346,5.718994140625,6.908901996651068,11.768596901887523,25021.303819764857,1349.5926513691954,31.666127166390126,5.274365624521751,4.646935162223805,59.0,0.7644015398883901,10.618896484375002,10.196535582776743,28.77860820704082,98856.80134775356,2954.8471134758356,125.67924883678344,20.759257701378285,5.141530504204881,65.0,0.9486470247130436,15.90576171875,13.179082279201088,45.48336646672665,162627.6284463232,5809.353625596842,1180.6713529979525,81.47859923517576,5.384190107970485,85.0,0.18837561045678536,3.6545607133839475,2.388629897305462,10.675844749423073,38285.37987853378,1292.411530000937,203.73919322242972,15.860792917419998,0.40414531988309144,8.476472493761777
Train244.csv,0.0,0.06549014126643811,0.372314453125,2.6667640527670553,17.296249225621082,68.16423796136948,23.56013394428893,2.5521041951045795,1.5871528578273013,5.8048416607725635,90.5,0.11786096570577528,0.5078125000000001,6.397793663237337,23.169708252288444,99.8954498080055,37.283265079981014,4.25569838910575,2.0278212772545183,8.06005529481223,2997.600000000006,0.12862550623787627,0.6103515625,10.470429288862581,49.58772874065724,130.72996608612823,52.96856333270931,5.13553497062467,2.6472656972336646,8.08955438200481,3366.0,0.029898652030069913,0.16409939112744273,2.0481088335364146,11.087281706941642,42.143391270569275,15.56596135589248,1.3845245512213047,0.5512992360120422,1.1086101231830585,1068.9430527394807,0.048744456648252665,0.384521484375,3.8452212577143636,15.898704285705044,72.8005177048038,26.75093376554866,2.5995480940146307,1.5601368966646731,5.877173277910041,92.0,0.08224567353138873,0.5566406250000001,6.884125045156816,28.299291476083415,153.914037510422,51.594753038014865,4.564952533446964,2.6004209419325135,8.04077295952701,3278.3,0.12726993644815876,0.57373046875,9.631149066553045,64.37133654934375,187.38251898127731,63.196463442582285,5.267969183263761,2.957939576086164,8.076050616934396,3908.0,0.025453513221362165,0.17061166885783194,2.1289835289294317,13.753235991067744,58.45682295111266,20.332443146636376,1.5084083859719137,0.6878168456035127,1.0990459426462822,1375.9121999008285
Train245.csv,0.0,0.06322908760480442,0.372314453125,2.6049436363757446,16.40933040764781,62.25853465540465,24.04840824066706,2.707602379194328,1.5731483478418586,5.795584758031307,91.0,0.12060937293392461,0.49804687500000006,6.266704493058893,24.128446342713083,121.52086733550999,38.41034236031924,4.302106643536031,2.1569681820930127,8.08179036078827,906.8000000000003,0.12672785800323155,0.54931640625,8.072577474092197,40.213776483792145,133.00679792487637,48.986426530049386,5.162183959132474,2.846300533672758,8.095003915421872,3915.0,0.0286044740885945,0.1704738656341988,1.9299614458705285,8.862988311492566,45.20004591927076,15.38256165337064,1.3874985756054026,0.598129420161746,1.1252645572933437,965.6501837330898,0.052236930287012165,0.396728515625,3.6692697547513817,15.941563449027804,69.33590752526813,23.754398335515425,2.7119902381837413,1.5972161291003975,5.96446769132506,91.5,0.07409338767969068,0.511474609375,7.443624732842372,27.863363054853274,149.02756338758917,51.12745887424284,4.707986486323627,2.5286688797605743,8.027790497689857,3364.0,0.13508314239202926,0.57373046875,10.172558501334265,59.68171246366054,179.92637418621223,59.65442551289985,5.156217705161099,2.817881825736332,8.092279770833942,4479.0,0.025598528057897262,0.1668989997877154,2.137086152381476,11.74264444342494,58.05097346372886,19.9810521501634,1.4445129342537688,0.6802014158295583,1.0828784223784633,1379.4566238734865
Train246.csv,14.152874904422019,0.45039571081398005,5.072021484375,6.328333176450512,7.951256700261358,27189.030563106717,3523.441420134571,63.26502349696912,6.468576904044109,5.427982120759944,61.0,0.7973316404650503,11.365966796875,8.643026884428997,12.954849823592392,102264.07240304956,7326.909785665205,188.58600913993175,23.12385877354936,5.762056055149335,100.0,1.0691766001816465,12.6220703125,10.913531659163379,28.555197137057775,177223.69197977212,16165.115406321784,691.5668355232466,61.45589964673701,6.022914286396895,106.0,0.22441299536454107,3.0609191711912964,1.6004922343165786,5.659085431916619,44629.5830962592,3004.87196885889,140.45540393934658,14.243014845525567,0.3419675597971408,20.446576730592337,0.5368770020701392,6.45751953125,6.3224782956763725,7.630772023274856,42710.57689766635,4057.284025114782,82.15915507415271,12.897040612591564,5.183288925683097,60.0,0.7869812931644469,9.638671875,8.257399404774025,12.622154050671398,104591.51560261624,7234.3072467972315,227.62571359397504,28.83893096654487,5.709156163425747,97.30000000000004,0.8834473681767406,10.8642578125,10.489471212476113,22.675596992252146,133039.68665417508,10440.57222473816,557.2858540071367,65.92622670891777,5.9755578741857,106.0,0.17046341847317553,2.02072601415779,1.4036384008555824,3.786422787567472,35825.38365850974,2142.888059907473,105.33232754242117,12.43673719551184,0.34020534548746867,17.223003104496613
Train247.csv,7.625343501963226,0.15952916795647476,0.9765625,3.5407288765443314,3.0591485825942755,1507.866447602681,616.7161055578305,6.112020716568406,1.3443465778928954,5.414452592795925,176.5,0.20502282830047633,1.376953125,4.5789662594843605,6.868629876648259,4359.964986875219,1463.9838243674083,9.227190304063834,2.401448860322079,5.861091622862958,794.0,0.2294230255449358,2.47802734375,5.639997595823538,18.788114333574505,8587.395450037915,1704.881948083249,16.44335904772566,2.7932822010096223,6.336212805795572,796.0,0.039744321284592425,0.36538009968461616,0.660149372239988,3.3585570337628523,1825.738123306896,491.15295402977665,3.1311803425146585,0.5894011972350853,0.5578539823727381,341.7401342188791,0.15580965304412792,1.0498046875,3.762481773825311,3.04447046465213,1466.4613737448021,643.3445566552551,6.274629949709717,1.823032221589831,5.390656677703072,68.5,0.19075906870022633,1.4929199218750002,5.303663377176575,4.876750616257714,4901.383211659568,1114.6528399768595,10.810096292917912,2.56609675606615,5.987168606062984,794.0,0.24418868545506145,2.9052734375,7.882243230401257,24.51022047896218,11205.700062766724,1489.7253179925674,17.182244683489195,3.232030874095133,6.107242638706955,796.0,0.03610885794946471,0.44115320480640285,1.102202011344769,4.01062957104887,2186.4788047339734,414.8288116117009,3.415627705421909,0.6675974385652218,0.5738454053690146,331.2521329530385
Train248.csv,15.07266342022303,0.31198155997923616,3.8818359375,4.8186439722456935,4.428859957271955,8941.234085254984,3175.684816977214,37.51487296821446,3.724844927346463,5.359869689175783,66.0,0.6837599930483343,7.087402343750002,7.355655396215649,9.398429982285963,76559.92632285599,11198.982142094666,244.788536127617,20.48307940746246,5.759696984964897,530.4000000000001,1.616283975201321,15.22216796875,9.376845957436396,17.392823419465394,426784.41920394445,30812.373690467644,567.7943570061792,61.24237663183187,5.88211667302633,574.0,0.3132122013595897,2.817507587980439,1.4673322982452954,3.103699617538809,83927.59577812492,6284.051506878938,125.3352391918165,13.720861951269837,0.4455190917929935,186.75673253844826,0.3064619596017816,3.485107421875,5.062020061947965,3.821948070275776,9110.479830140259,2942.151343103128,42.00512710521126,4.605244825312937,5.29916160599848,66.0,1.2518767540341906,9.5556640625,8.299291294876143,11.653840946704884,288057.2003249009,11544.0045827641,198.61968871203888,21.212874276907893,5.888725027690212,107.10000000000004,2.457281773080889,13.75732421875,9.03538364187763,16.84973294946344,1189841.209276737,35304.39304895069,1334.5559990446059,91.90442081154251,6.057063514020749,575.0,0.5397612160423867,3.4107163453443343,1.9332794024127964,3.7605874876919247,248666.8308891151,6798.4612490036825,237.03508625473148,19.77682726962279,0.7718857659895949,147.7500495716922
Train249.csv,0.0,0.06715777117913976,0.347900390625,2.674552376329041,16.119398618848614,58.80303239668487,21.59028202845562,2.463828348460959,1.509477734472798,5.874638726340617,91.0,0.11834366965599499,0.48461914062500006,5.563754558987385,19.83165253419072,97.8002496133275,38.35363181746477,4.022505034917755,2.084497664731879,8.087607521992483,3270.3,0.12760248637228422,0.54931640625,6.621015757347127,26.316094208676944,133.21152091841924,46.009215334901754,5.120319092682599,2.578071712581563,8.092200631161617,4812.0,0.029599791209845808,0.16380116390936544,1.5027582433689737,7.2664667935250185,43.261495031305344,15.710909054556309,1.368230393037142,0.5559091286367583,1.1512647903636921,1355.1707021021143,0.049112749870403725,0.408935546875,3.7738869485054347,16.346099871055763,76.54714131734835,27.879153016919496,2.8894579057677374,1.7151606049889456,5.887760278133322,91.0,0.08231304792994092,0.5322265625000001,6.982165448894034,28.387625427187512,139.42163681275485,52.47756445755437,4.662938383774922,2.66526467241307,8.054899891828041,3188.6000000000017,0.1272697022817041,0.5615234375,8.920351756468245,47.813605111091924,186.22175297104582,60.430236824743034,5.328056574571219,3.336289321776932,8.09581763853902,3909.0,0.025420628898138543,0.17082647102602533,1.9461368853612344,11.520524155742864,56.51335473913907,19.304735478951418,1.5264178010417113,0.7338042545189559,1.0789717579059335,1190.9313319835028
Train25.csv,0.0,0.06749257521795729,0.3662109375,3.013040239512506,16.480130990384872,64.89864363385038,24.42486711177547,2.83955940243926,1.5123748834058701,5.874875021638388,91.0,0.11884557579379604,0.546875,6.131515075358025,23.05065829464027,102.8809083966014,39.865989233055664,4.423864974800608,2.2098108378470416,8.086114812798005,2981.1000000000063,0.129273325455236,0.68359375,8.598159152204246,93.27592005038663,157.7362904381246,49.266908582405264,5.522962406466133,2.9965928581332055,8.09875032076691,4364.0,0.030160770574190296,0.17510914794094995,1.7526176565563192,15.428369001307326,43.850675965735,14.946592147957645,1.450759366848236,0.5885639363384025,1.0439048981869834,1206.780022398837,0.05536568235714835,0.421142578125,3.8287660636579783,16.61838702133457,93.6488948891211,32.74298985723161,3.2320535537504975,1.7570377327805842,5.611319161164348,91.0,0.08193469374669543,0.523681640625,6.964041006910393,20.193732505674145,130.14198824803114,56.89634329070324,4.624796314912932,2.727079036685284,8.079832514563638,1618.8000000000022,0.13577621362825426,0.5615234375,10.419108931558965,44.77436338948635,204.44488957032402,60.57564558843822,8.208591348825179,3.002283084933593,8.083781506382133,4260.0,0.025717336310435754,0.1731717106904766,2.0745818859534184,8.475448550083446,57.54843914051478,19.8387569458642,1.700292251558518,0.7175927291021906,1.1074115832968208,930.8954898837665
Train250.csv,1.8989182261698305,0.16819240422326054,1.177978515625,3.752132373090359,3.459303456685473,3899.3333604335107,130.1353913154108,4.230223497911504,1.9830190201477045,4.709953542115928,61.5,0.31398204465288904,2.5463867187500004,4.7905815544351285,6.3146051635493965,18316.63036872583,400.0324265141562,6.140402741772527,3.031832084172748,5.421102609394936,107.9,0.4615661569035942,2.89306640625,5.911935044115802,16.451693462804865,37140.79428117822,1627.9822009803765,9.220577755330126,5.083501642531755,6.097651697606796,268.0,0.0911683479014084,0.6878816286405315,0.7092477363042281,2.634569276621831,8538.57384345725,286.00504178794165,1.840632042220204,0.8913137664193452,0.5408388001374402,51.80186863183605,0.1600273742370825,1.312255859375,4.00327974860269,3.986014919622493,4511.406578202845,132.3790693105029,4.640717682757792,2.1407196740051067,4.563403343324092,52.5,0.35740348405181804,2.6538085937500004,5.831138545269545,7.932575072473744,23211.18565971168,348.7792033178819,6.501061636337355,2.672875355072988,5.598024013931121,101.60000000000002,0.3717641296523387,3.28369140625,7.388246919967773,16.56453047774201,26672.977439457696,795.8418099493576,7.405455960046843,3.330904289270228,5.884106862026707,107.0,0.0902875563591427,0.711537372520456,1.1585414486617915,2.9231075555766215,8026.427758801532,172.37736318375497,1.7888588127726415,0.7055070474840205,0.7174661378419923,22.73273726918956
Train251.csv,13.945180723434692,0.5124901253159502,6.744384765625,6.472582305920524,6.255297021259141,34587.45967921009,5284.70403809894,65.23625288544922,6.586677824877989,5.207478355888506,73.0,1.183039870572421,14.06494140625,10.669836773990978,16.63876664898545,224382.34051783994,18169.867638046395,575.7404218740857,56.04093783639506,5.686723168384403,106.7,2.010438029928467,32.89794921875,11.834982762312805,35.303434718185166,715543.1865180128,39148.48528435465,929.965872965519,94.0249660780259,5.978940536632019,533.0,0.44422848028436945,6.696708774806657,2.288829157468076,6.514859331171474,155504.10155714923,8920.930627241218,262.708755483602,24.585924160985584,0.40340646704717814,111.81335155489035,0.5187892743201865,7.867431640625,7.671346524634784,8.069636090929569,30495.26219837951,5450.389091979092,91.19225003806133,7.265890438510006,5.383058176194181,63.5,1.2464869382626649,24.32983398437501,11.510834300621061,21.453412768770995,259523.8299328037,20445.77408094794,496.88868518782175,44.49167181283921,5.808097353546199,92.9,2.248158913611888,33.70361328125,14.05992707261465,38.251769329485285,832909.6358259206,56467.242399240175,1177.3649951189348,131.96001671311737,7.620380242227142,378.0,0.5339438002308851,8.556377905787567,2.9106757899142948,9.056835127344124,203810.1972900534,12558.85073470643,287.9517225619121,31.59513261927269,0.5524466439428775,56.64403653519054
Train252.csv,0.0,0.06395169385170546,0.323486328125,2.320160211391337,16.84453363191338,52.36653039738364,20.250726221990817,2.2956896966224685,1.3300531854481643,5.958911323424163,92.0,0.11834065595624996,0.49682617187500006,6.619111504821993,19.13711248126048,99.86525713593274,37.918451080620855,4.158726399421362,2.068451185755929,8.089921024744779,1847.5000000000018,0.12647880565499842,0.537109375,9.733663768072793,44.67600581854421,139.35004739878184,43.93740471778747,4.828192751716789,2.540093216094535,8.098216022480736,3364.0,0.028646315687438435,0.16682356343393087,2.1032999501795913,9.523755142462306,44.62396747437829,15.435367672842824,1.4006776911154504,0.566848763011266,1.1372925947655879,895.3728949961295,0.0478457271871648,0.372314453125,3.660448849798038,16.06993673810188,77.03344027670065,28.612547296059724,2.9565013557449946,1.7814152705886803,5.86628278178401,91.0,0.07476076589940109,0.487060546875,6.712714828961267,20.109714726954206,115.79021615772717,40.027239984117756,4.528046828499512,2.336805867655961,8.088832154776997,3560.7000000000025,0.1277673288002907,0.57373046875,9.595223535150163,49.618754512013005,172.0081336715167,57.23914730343113,4.769276049113144,2.8640750851985834,8.100526164038875,4712.0,0.025816918837671395,0.18259454015557255,2.0000533551295305,9.94848488366141,52.3403202292541,18.947145106918033,1.4604422234593686,0.6948194799641156,1.1453853337693938,1351.0098870266456
Train253.csv,2.3439771854283844,0.19173209105859051,1.446533203125,4.2033763361423,4.354724601376208,5398.400188837817,139.1914788029853,2.634767102393655,1.3553211539715415,4.789620408508103,58.5,0.2721088702856482,2.65869140625,6.096060799514497,9.921094191022759,13303.08714393451,364.98718568925443,4.984066648758256,2.2658421281231775,5.222082203608601,175.3,0.37876738136998117,3.30810546875,7.482597931582209,16.083441546115377,26826.238811407857,664.6690475306737,6.923518125793071,3.512599438879732,5.708468207195926,195.0,0.06643042317978014,0.732652210733484,1.1905046787581708,3.452473272548384,5474.075008436624,165.55570264952001,1.4270154776767732,0.626944511111318,0.4964328311936755,48.165881580611604,0.1791490857556283,1.59912109375,4.46120584750966,4.902744929849332,5265.644031996563,150.33284801957365,3.5665573159452784,1.8702453613641292,4.788532653789673,61.5,0.2615919806824467,2.374267578125,6.766728217610985,10.434744513854962,11107.653597943776,553.1993777504908,6.567763315963866,2.709868642451668,5.338042179102964,104.60000000000001,0.3693902922303228,3.1982421875,8.564263157450437,21.367425211014215,22634.92313374541,1488.7149657868742,7.910715116288227,3.1876896486601236,5.83054289349873,461.0,0.06675085750051674,0.6812122277628716,1.2684527999508985,3.7178027293704705,5174.097482939052,289.3763774057923,2.0423134158147107,0.7326537265491143,0.41406548727294157,78.4372198700177
Train254.csv,2.314306588144481,0.1637536623425972,1.202392578125,3.877157766089902,3.6952695866084673,3560.602652202795,114.3609485858103,3.461202331866118,1.7186302307817385,4.755064057245272,51.5,0.2792461822889047,2.376708984375,5.53819505951068,6.509094457624533,12997.152933732978,410.49437127084695,4.570549092427729,2.2868820121979048,5.253000805817701,103.80000000000001,0.32655665835033576,2.84423828125,6.9315727662861075,17.8979771568135,19685.34073647988,519.4935299391569,6.1977961662508925,3.0781406827308886,5.702217602811544,224.0,0.06892165937485421,0.662812075115418,1.0433817029490713,2.911408360951445,5374.070579494549,135.2313500548875,1.3151116521849469,0.5479461837881718,0.38673742630929403,42.95254239783135,0.17024186896712998,1.25732421875,4.469387514714627,3.9692710273349365,4287.282026589893,116.6334242300064,3.659321167112723,1.862849616108745,4.894150614069922,50.5,0.23977995945887817,2.3278808593750004,5.772232422670026,8.595573808924016,10882.718765820611,349.3652247303908,5.653247011587757,2.5345560701869765,5.3070039578383605,108.0,0.34231382241793745,2.8564453125,7.681339944185296,9.872807932491659,19848.016787559278,1133.5141779979087,7.156355419552839,3.0254216249630272,5.4638050556384545,223.0,0.06370174896619575,0.6266179925214457,1.0568291405674453,2.122856420265712,4609.783459544804,206.1216934239211,1.7366824344323122,0.5861248716963496,0.466276624940351,44.857238824965584
Train255.csv,18.603464497007558,0.6669227714065695,9.47265625,7.227013507810459,10.651241769702033,48795.92326706162,9403.028026968408,219.0805690682717,18.958569121783743,5.170506914032491,56.0,1.133374259725255,18.12622070312501,10.388759689029726,21.90035053773194,213870.80305672035,17327.48780919245,449.2661543629647,57.039329359229065,5.706340353058207,89.20000000000002,1.4013722436262093,21.83837890625,12.523771667253126,33.56048049532928,344702.09797247715,25598.30741694058,804.4122232744526,95.87866683475748,6.134446023223665,697.0,0.3137508371386227,5.041378965861691,2.3926170476692667,8.397924992921174,87580.81889199677,6061.968802157681,176.05478600296613,21.633337311855104,0.46042480915480355,111.5656862290104,0.7806399350395559,10.321044921875,6.735778232250754,7.974169476415305,85669.96333587522,8572.840061659772,250.2513390898728,25.19645725733829,5.075323516921733,55.0,1.1678545343116078,20.478515625,11.462467192014252,25.764340742475706,233904.03288887066,17602.823558500026,476.20667724082176,58.32646664013573,5.639438040383585,70.80000000000001,1.3321151259518922,24.15771484375,12.393059224072852,34.475034170881095,301282.5583178107,22814.52725435851,586.588355971986,71.44160625916344,6.005753848894161,699.0,0.28662966671386886,5.872697969511969,2.3335667337940307,9.045915885367654,80590.04389395806,5655.308233754694,154.15874569353386,17.742269284288398,0.4305378597834909,111.95728468371318
Train256.csv,15.72541656046891,0.31074265839227855,2.496337890625,4.31558262209265,3.8630787776478077,9877.445694527074,1832.1088610890483,29.711717212399748,3.4223621219120703,4.923682811790943,64.0,0.46854160558498026,4.063720703125,6.4410371334107435,9.621912805578434,27086.2982998759,4356.171731668038,123.6230507138852,7.532128153449419,5.762285478310369,564.9,0.623944308856235,7.16552734375,8.283233615796702,14.921751395494802,72967.8693876516,10502.924719025215,218.71588967858065,15.324199088560597,5.997361141712274,579.0,0.1164113409197185,1.443141419362396,1.217492912041363,2.920034368693281,15995.964808663317,2137.528375360278,54.235162615002054,2.695974367643765,0.5379631392784577,222.42986956566781,0.29852098774032193,2.7099609375,4.575178600452968,3.7341353308812852,11970.93200789055,2181.2372085679235,46.57776508177575,3.616501180546227,4.939150445484936,61.0,0.46817676443215717,5.184326171875,8.2678966434298,9.017126496144385,37984.51624807597,3358.067887373797,134.19330073254918,14.054101784807928,5.433741047558754,565.9,0.9016920766816756,14.24560546875,11.644354524409833,39.599045561296656,152171.13469253064,7112.449171325526,184.15467390275825,23.378109235133806,5.772002723053583,572.0,0.14572275993838135,2.810179225576099,2.139614431618526,7.1313759299180886,30739.6491394423,1505.958307589217,44.06549201192151,5.630861496707051,0.4565366703500371,184.7382200870667
Train257.csv,0.0,0.06131979843640441,0.3662109375,2.579913598739253,15.763915307763614,65.73621097616648,24.223112583249673,2.662967343589596,1.5794482774084457,5.794856759258142,91.0,0.12032984631270406,0.487060546875,5.98791142559294,19.894931627903645,114.31871707614813,38.181334477047095,4.163223200051891,2.1286290093966995,8.069569175859684,2566.6000000000035,0.1266462872867237,0.54931640625,8.788850951377833,39.94900826784264,128.30617282520834,43.94178058646341,4.834171813618664,2.9260279842297665,8.103642515479585,3454.0,0.029045025041153093,0.16848183877697515,1.903977099520533,8.519908072698124,45.30326509511364,15.616245466957295,1.3604742255117672,0.593231882625694,1.1396977502432173,1020.8109655287554,0.05067056362327159,0.372314453125,3.6888005028405777,15.54092525308901,86.1168637639163,29.15975618588426,3.0067252699758225,1.7215851326589195,5.849843131534963,92.0,0.07506101937889038,0.511474609375,6.9879979175849245,18.780890177628415,142.28349177985834,54.43941872476935,4.5497485719685375,2.655192286520548,8.029422882974247,3891.5000000000005,0.1351480999732945,0.59814453125,10.712942062881892,44.53468945211733,201.5769917212286,59.503106434389366,5.463396213435218,2.8562447702129012,8.093281511039724,4478.0,0.025998915621595117,0.17717123158347567,2.1361216527622835,8.232887740001892,60.98405502872088,20.70836429095715,1.5592858084345493,0.6858165701281527,1.12506117423928,1417.4505940326235
Train258.csv,14.093533709854212,0.39176846295796514,3.741455078125,5.612283032856187,6.002472408049063,16938.044514246365,2398.911791495763,48.02438314220157,6.500076039893688,5.304940678062749,68.5,0.7755079931809823,9.102783203125002,8.252652813973171,18.590775230527008,85956.50311742013,8334.74805221713,183.58083558036975,27.686851760173752,5.8994183829907865,99.50000000000001,1.0128306240518752,10.595703125,10.104634393146771,30.386676366983796,173958.73250448355,11857.634033946551,2031.391475782557,83.61973781413549,6.672002166143363,105.0,0.2148759304319362,2.654393328211734,1.6518610511605492,6.114094183255891,39001.27223693575,3253.6565685701366,378.5035466939814,17.870825348876533,0.5547231503426782,18.948918793363912,0.47891350861551596,4.52880859375,5.771612432074423,5.724005539442166,36239.49975990679,2424.4408346029068,65.21093856508955,9.942367778685966,5.328876528198111,62.0,0.7229762969742742,8.660888671875002,8.18309021752442,11.027110504343325,89524.90827521084,9011.914961338043,191.9766417687083,23.092735091078442,6.023920290054502,105.0,0.9107688593941907,9.86328125,9.814707409053513,18.15731026210961,148556.06873543473,14129.91710221807,359.8246907628351,39.478687121320455,6.1251230191252155,379.0,0.1932708361092181,2.244044196774986,1.673267752395714,3.8928606479123147,36162.05064469062,3398.040882065715,76.18997955376548,8.285399394671765,0.6242709871172429,78.20203701790638
Train259.csv,4.480260189869444,0.19126958594171162,2.42919921875,7.475819391666567,12.418884126717835,4521.423724223887,244.17386300218521,7.716345390882096,1.8438510418054195,4.6969145437397755,52.0,0.3209566545108387,5.078125000000001,11.50731598832308,38.586212590942104,18764.727558655402,695.6544715368765,12.815836397286677,3.7198942667544306,5.539486686103605,99.80000000000001,0.38924168746172216,7.94677734375,13.726268855840317,51.418271513913936,28927.682238514273,1503.3270447775465,21.815090331730424,5.306795842080792,6.865414244311943,156.0,0.08666548818954635,1.9227720750209631,2.876205676926732,13.265074277536408,7707.432285546847,316.0443172520424,4.077596679456648,1.1411036221205966,0.6111772606916026,26.134548942683132,0.18342917867671432,2.24609375,7.196197838867208,11.37021245043917,5808.286528095432,216.501769237158,7.250009674560031,2.3582543738753676,4.882468691992864,50.5,0.33470554766853683,5.135498046875001,11.00808655659659,29.799641924611763,18443.858518615885,650.9066539777349,15.088004977076306,3.60121396803376,5.563700240444645,94.10000000000007,0.5942530257966872,11.99951171875,12.72401229569055,44.81228683559059,66525.30799142041,1251.2076657840396,31.417095391188283,7.280623879459831,5.904550867106755,99.0,0.10082264016678766,2.1560525522477203,2.667302862658444,10.890764489704274,11983.800295207779,309.9684145749866,6.2742134439532204,1.2736328383297992,0.5272614716433853,19.798102023931484
Train26.csv,12.93638041578197,0.7506394234199592,6.951904296875,4.8474727407579,4.3008971367956015,73942.62532273111,7777.881015159295,131.7489047747009,20.949502008460982,5.139581896931099,83.0,1.4243786054147651,11.622314453125,5.945382912548041,7.34862327549628,349983.99980609474,23157.020538441506,356.2508117004406,52.61839609965617,5.802704478294183,95.60000000000001,1.8911143607509062,13.2568359375,6.734100157564531,8.103654169382319,590749.3322012667,41657.66541005348,608.1102710756123,79.9347109055402,6.059295065369911,107.0,0.3871496375283544,3.0174600669148663,0.8990299518140458,1.4568700193330169,139241.61471219957,10380.677888264612,138.05049221204854,19.07399269092789,0.5167085711449791,15.118283632740853,0.8699905520630316,7.2998046875,4.767930237527331,4.099001212427435,135512.6827175133,7469.886487567605,155.6530808164723,19.829773210668755,4.94784371555008,83.0,1.5641919336783698,12.691650390625005,6.214559579782107,7.783615964097723,412998.19720401993,25721.47782667668,341.15170482720004,59.859011970979665,5.639194344737945,96.7,1.9508586055464914,14.3310546875,7.603076215709727,11.0469915251975,680686.8041237928,33729.42658060608,660.9745167695121,76.7810067361593,5.769774134375018,116.0,0.3926521933348761,2.791164721515141,1.0680601588038259,1.8874233191882477,156896.89921400885,9413.71489926881,133.7685727245226,21.206876566005064,0.4659111178818032,19.147352134172493
Train260.csv,8.871508587887178,0.18595956899830948,1.37939453125,4.037226772542004,3.5871685373668027,2769.4960168336556,668.9539103329577,8.652808524931718,2.053562155656164,5.279694011000791,63.0,0.25214448201602885,3.0895996093750004,5.958472082683527,10.169310085685,8818.232868782825,1288.6967952011948,21.193982138236063,3.0287414143088176,5.939148663026989,734.0000000000013,0.5282481174182699,9.46044921875,10.585518587110165,30.523720814648037,43880.77559425266,3504.424075162893,44.86360473320858,13.092002506152875,5.987036576109394,803.0,0.09486003487785816,1.6835982171616735,1.5726527610688985,6.145179289229681,10354.136772547141,635.2098664526005,8.371045773604534,2.379678910220087,0.5889523884758687,243.10542980361421,0.18910067302332156,1.434326171875,4.240396082857159,3.477975802133423,2885.169956524409,711.1492168861621,8.121370774053219,2.3522115973206343,5.377461107088758,62.0,0.2601901154001287,3.248291015625001,6.772853707318696,11.815085559398462,10329.899649550985,1361.0135552473362,23.900702151521177,2.831584334163933,5.975314255153494,568.9000000000002,1.0678907897556151,12.07275390625,10.188094510926387,28.596263082936552,187733.15572843674,12877.700690817097,162.05211859523413,37.217483825908566,6.480776797960125,802.0,0.16364097314556375,2.078324056031292,1.6367657183936204,5.398020426657587,32106.913053546792,2168.2720331247856,27.369085971869048,6.102375378094701,0.573637906976962,219.16695084740766
Train261.csv,12.669345040226839,0.24545665144503714,1.824951171875,4.4994483004728805,3.673852004136264,5596.407143518301,1632.8670640005762,16.269373505548813,2.20082322410186,5.120808969032836,62.5,0.3498335771583671,4.970703125000001,8.637938954918981,12.179043654898843,16742.093348827162,3438.074843564929,69.14851113859436,5.006812693957209,5.388848835247809,335.7000000000003,0.6836101639003186,10.11962890625,10.517107781049651,23.24275584706975,80592.00390714046,3941.6401102772875,171.24200272598839,20.569663916810075,5.947810303166223,418.0,0.115809045447844,2.084397745506537,2.0707527916891664,5.1482544732307876,15385.812279399415,1087.3684092961942,34.35683601711928,4.054755211090786,0.3732186411641455,107.48132105161343,0.25601428256393577,1.922607421875,4.722363331318044,3.683201113980208,6424.391931296872,1724.7254251710665,17.984099109414288,2.6370292721457043,5.125226612204132,61.0,0.5481748920842725,5.930175781250002,8.09075477418276,7.717503679447951,52646.41661926888,3292.5975971377875,75.10917387202407,10.874379222483412,5.4078111411548315,101.9,0.9273277917660253,14.31884765625,10.741680444225379,32.29940559778934,140054.1928766722,13140.818904739725,89.3885034419083,15.480350226594004,5.535919583581087,405.0,0.19075040939871366,2.967188330872624,1.9030683571529121,5.910512893238451,33584.96541785943,2198.1791682695084,26.323814492790518,3.904513670715215,0.4144471767641871,95.4526837954282
Train262.csv,14.123204307138115,0.4188989885681733,4.730224609375,5.488984993715873,5.262209700453561,20951.478735506375,2300.5262549425283,49.64455755352361,5.230039880809933,5.238604289530454,62.0,0.6670676824289312,8.620605468750004,7.865258269762865,14.82298349649194,71823.86710308462,9724.950436580832,199.88718149175443,32.18036619220686,5.921293037048698,105.9,0.9822024257665494,11.5478515625,11.163705379941552,35.47797522109821,157476.67968237775,12566.096456796457,1367.4748825297165,66.12066733667903,7.174982853211734,479.0,0.20252193122917742,2.5806115170418287,1.7812863911366585,6.534449999047379,31622.295776759172,3673.238208303064,271.0674012105514,15.30554600435327,0.5916393107022987,73.86979148305483,0.5104521014507173,4.937744140625,5.500802574121197,5.616643866643091,44377.81554487221,2021.5496120290238,63.587166378389355,9.529863524877275,5.063109297184653,58.0,0.6562500675944856,9.698486328125004,8.915728288460183,16.226922397271117,72550.50983525076,7287.506962908263,153.72714826578377,19.815073794622815,5.771241903811611,83.00000000000003,1.0518830347915922,12.75634765625,11.334729268738917,37.28938408736794,168803.6275360571,16375.44895402599,372.5681722092006,36.320671372086096,6.174532561899132,106.0,0.19768889626994826,2.736572862851883,1.991113437296975,8.104638202276822,35940.44208864913,3290.8857449415623,84.08167375943206,8.191174015252699,0.530705849937045,15.214835225446906
Train263.csv,19.43424122095686,0.670357949789965,6.25,4.959092059675763,4.054496532056975,39738.892058716796,13817.85759881391,326.0299267435697,7.352267908726818,5.812834637268165,81.0,1.1421274645964172,10.836181640625004,5.958655104212578,5.398183545828114,131406.30057666384,37909.554494087984,838.9969303141671,34.576506566738644,6.1048466546763,729.8,1.2729596195008217,20.41015625,10.579324256194042,9.830239906992126,202765.91921060934,54991.327071029256,2268.4724432129824,65.02580266132478,6.286907842152725,924.0,0.27388935332775194,3.4976230105749946,1.2320740050250754,1.497050048873729,51887.58731704562,13030.997332510671,411.50458983387017,14.53097424927304,0.46498700205772037,293.5273358224068,0.6771177552007945,6.427001953125,4.750587954309777,4.098632939270857,47942.78738626378,14072.53583051085,262.51578751122076,8.57565956909249,5.610871601164966,79.0,1.07150869459991,9.46533203125,6.394100720123271,5.412698658835194,160359.05114760078,24634.390190809394,1010.1856375239537,28.25421104006968,6.133033227269219,591.4000000000004,1.162093731430291,14.53857421875,10.298149263807204,9.984935299363837,193519.1415283095,35318.882679752875,1823.6857768021987,43.59622845771097,7.303748106635418,733.0,0.24258841817359808,2.634093928514414,1.3495429454920065,1.3889428357645728,53830.24037222495,8086.625174208533,397.6057017633816,10.841341304043363,0.5563863340686573,216.44535070948046
Train264.csv,3.7681658550557575,0.08053837600494329,0.506591796875,3.1050220566031506,3.4885713473507645,96.79538681392208,108.51835830057206,2.8359943637513316,1.4183150196386574,5.61388852536526,791.0,0.1370891538081422,0.7263183593750001,6.276130816312327,20.951220512336004,373.4386773332769,446.85866500760704,4.888773895641688,2.422912119791696,6.073931873397006,803.0,0.4262954336994287,8.1298828125,10.308651940894316,31.333320272252198,35262.36692723597,891.7012737387516,23.192433808605394,9.034119849635458,7.886350905097951,809.0,0.06549744731845698,1.352805839060732,2.017527495326829,8.018980456869055,6112.663234084232,190.70529770800508,3.8076448047315203,1.4548616254953382,0.7018001062749436,310.8606987437259,0.07574255492508453,0.52490234375,4.15300025898628,4.803670390231959,134.70079383780507,107.20617433209243,3.3086648742745193,1.6623088490274278,5.607298617178848,772.0,0.11828854320493562,0.9875488281250003,7.905714251119801,17.011939893826565,802.2409710080127,367.2940636407299,5.083987528091708,2.885063730010691,6.413581670731576,796.8,0.5848271084699959,9.36279296875,12.003821055052402,32.79525440978905,66964.31783789075,828.8328786174271,21.25091549518824,7.628354919989916,7.92857521425185,803.0,0.09301303171027407,1.5735753376764885,2.2007196630167027,7.330850736817626,11618.538956389379,184.6026889492417,3.4955474630281684,1.2844847366080858,0.8012501395499224,355.66170175287357
Train265.csv,13.796827737015175,0.2683685823805233,2.3193359375,5.140786942210441,3.975542826986471,7602.09883898551,1888.724113707995,24.902205476926298,2.759741390564647,5.205102469163958,61.0,0.9901162712310083,10.845947265625002,7.478037861332131,10.294151743645402,174842.64699366677,6202.648736538711,112.87781833112028,23.947552528468844,5.7856609044350895,91.80000000000001,1.556250663358861,15.46630859375,12.048015423478931,24.483733370535045,413585.6232783485,22211.130377431586,491.972739586456,51.78787896993594,5.85554394198355,919.0,0.37304813205001425,3.9374958517983702,2.1673563752283576,5.914384428102077,107139.7229195237,3983.928226336812,87.57321873229017,12.446096782061367,0.6488428790830459,149.30207424881945,0.2873540800575484,2.35595703125,4.944101950042052,4.403092525882791,9829.702581850419,2293.260646994825,35.840711721362375,3.567830992278753,5.152398208489834,62.5,0.5899819889665439,7.248535156250001,9.79593984031911,14.048048002119986,44772.99093889616,4530.488599202511,90.4193339450337,12.729327902389278,5.73989678325681,92.9,0.8106757555610786,8.48388671875,10.895148382193023,22.720466646322993,121011.4924497765,8260.675698906325,215.81262810261904,35.71151286927703,6.02511482664696,496.0,0.15377253236379562,2.1850520671981433,2.2180673408837683,5.199670275542511,24265.418135401393,1887.197057389623,41.115200031210506,6.979669557547892,0.5798764745117055,102.25655159328423
Train266.csv,5.044001538263612,0.11378005357276925,0.738525390625,3.59396615996003,3.475156038538481,293.9328914060694,294.1455506866272,4.222126701487749,1.7133444985548067,5.309403170593727,785.0,0.16386358128216322,1.1181640625,5.042944659410681,11.111565875514279,2174.527390735414,813.5131508831564,7.061219273251427,2.3776680360178424,5.932354449717512,801.4,0.17705473014354003,2.13623046875,7.403593660961648,17.285270240310332,2551.5455028130436,1015.5238664434366,10.74621828769602,2.7643258572676186,8.048451424335141,3362.0,0.03419914937029131,0.43267059184914197,1.2169360078609968,3.8774654591659212,790.6167121982838,313.9272257397971,2.1081927296199012,0.5797231163278359,0.6662072644464897,603.8136580053072,0.10068511265857026,0.76904296875,4.184551724424817,3.5232841491837266,310.15966657148863,263.21707116156716,4.708746897983051,1.9141700309718495,5.447649398647915,776.0,0.15199305505983635,1.2414550781250004,5.337056642166464,9.940698832407762,1936.7033224412744,780.5113345361302,7.012198829521674,2.6879593512493583,6.275253201970614,795.7,0.19103005477603754,1.8798828125,9.152042849558175,43.942999251915026,6381.846531925874,1129.4184190645183,7.316926792344583,3.052711803432952,6.830293669363458,803.0,0.038930781415325265,0.35279742545528375,1.2269954657206066,7.531132510916404,1537.0858787117274,320.5363279798319,1.8689421296849946,0.6362752011911205,0.7246573925202476,363.11610224683994
Train267.csv,17.743017175774355,0.5844324809659065,5.950927734375,5.074681450670793,4.5535685894485205,35734.01708844022,11215.81670255121,170.6399313226019,7.081940180395249,5.623568008633885,74.0,1.0429184751883929,10.072021484375002,8.939052015216095,13.729873720580976,125760.68281438878,24155.64405019873,494.70193980744205,25.087698434442242,5.99558001443778,550.1000000000004,1.3284407184304299,17.37060546875,9.24722996304693,33.79385046503013,227577.30959785858,43510.216842720416,1171.2486600497384,44.605630861366286,7.494598054375771,666.0,0.2604050447390737,3.0374460085521204,1.7614261930732447,6.341386490225565,56597.975050897396,9633.549966986573,239.5248080843209,9.87070383264483,0.5398976022767409,180.6128861638546,0.7307718523319819,7.38525390625,4.816181255098878,4.449933996759353,67365.658856558,10459.787740285148,139.93117967379055,14.224279410424916,5.0444164050047275,73.0,1.3668983018582719,9.742431640625,6.423427177436507,9.883976630595525,327552.4012229411,17661.509844578188,509.29036635641467,41.44414496389481,5.92814094864102,206.00000000000026,1.791474057996688,13.92822265625,8.116754808469192,13.002031093972107,610774.9786444857,29380.118647466,2556.2762448562235,157.8273149269232,6.154496609124409,667.0,0.36019878582048986,2.482255138467153,1.1373367678614068,2.3892765961675853,136269.92747362985,6090.337520145418,529.4815178790662,27.9881952093331,0.8278748571469037,166.13400264827638
Train268.csv,12.491321456523416,0.2268862077001642,1.72119140625,3.9576847962808213,3.238686022602957,4821.456862385855,1667.6293938401502,14.03705577241305,2.7148273490675967,5.115698569326561,80.5,0.3098283182943402,3.0456542968750004,5.416529594655794,4.576252903514352,13840.042197930754,2551.4542751573827,41.97768933259284,3.7305150768931616,5.465041794903153,390.0,1.0688028408952714,13.58642578125,7.1962100984668655,17.505490099324444,168844.34739667847,18898.71640920464,305.34237372494414,30.304465230459584,5.57003135444878,456.0,0.15842134216297254,2.149351965749474,0.9304012016773576,2.7558137833226617,29020.727881409715,3145.970197738539,53.01654820291408,4.902290817831638,0.41947548318584194,138.8652639195184,0.21720283498838844,1.605224609375,3.9290459372024444,3.017298425644179,3823.8742824270917,1776.8220818190753,17.23590745854971,3.2208501352804664,5.23045456151149,82.5,0.3386509434862885,2.7893066406250004,5.812245397495629,4.537430389450167,13473.008365977446,2811.4208710747125,47.55757872689467,4.923815898629764,5.617008519253186,398.1,0.4569499440701233,4.833984375,8.642699986077117,17.684923902740078,35444.50914169728,6273.565074017526,86.12950896682821,8.721871541128563,5.805174223094327,826.0,0.07829190349296272,0.9247801040022455,1.2066270831718449,2.7116046149485427,7244.376310475106,1204.9997716502933,19.591825907215583,1.6277761901219767,0.42990655387434334,178.53391386074944
Train269.csv,13.440780569608332,0.2446260946451562,2.23388671875,4.239981754782663,3.8286034428330207,3870.9463640137074,1961.0274799308836,27.140171499927735,2.5046471286819325,5.327293540006026,62.0,0.761607705569335,11.834716796875005,8.932487849053032,22.75104117862006,98405.35618961757,5287.218923640014,131.40521851944058,15.832487668908588,5.785011683088734,207.20000000000024,1.2229634164206744,21.4599609375,10.586086476613216,33.79335172908688,267475.278774109,9894.525335703334,238.90354742841836,19.825637236951767,6.074102735172448,452.0,0.254133366929536,4.749402883821391,2.0958902557509873,8.450161243714785,56301.05261311394,2039.2171260975376,52.991418347838035,5.611292955784294,0.4968001114551446,104.57934711858742,0.2704614715560497,2.239990234375,4.898054627871364,3.7824059135616634,5417.943184817551,1984.320806971567,28.312961919921392,3.1586259004358626,5.04909606822547,62.5,0.6643218464856518,9.35302734375,8.13009065364468,17.34164428877862,76035.44570609901,4851.095057242843,126.34428152419804,13.78495127271068,5.496364842269719,93.0,0.9759455753985383,13.134765625,10.076904893055016,17.87867292031203,163787.91557297006,8463.64702186511,161.53532811833264,35.38869638943157,5.894804174851886,439.0,0.21439014115279287,3.450692070604716,1.8123367540151492,5.14047573711513,37589.92590543158,1806.5406988382624,44.66430000898149,7.584185206040454,0.48887228515933323,90.38837643054553
Train27.csv,0.0,0.06661013135987706,0.3662109375,2.8926874812271546,16.272144229490014,66.24798350659778,23.95252619097834,2.8584534921535987,1.5645050976963841,5.639732203663559,91.0,0.12212163123238519,0.487060546875,5.943490128871749,19.84775677620926,117.10618276572552,38.16160813509108,4.497624373214046,2.3069956288667774,8.046498039175827,2995.8000000000056,0.12731798999693061,0.54931640625,8.001867320254178,28.456607265782992,123.33685971951974,44.85977003735298,5.465075392429634,3.0398203265752173,8.077697335078291,4592.0,0.028755393832821545,0.1477819825781647,1.71543083244417,6.237973106239229,42.04020469158732,14.170355404039654,1.3603603967192945,0.5461637351536441,1.0329321000226777,1175.8781558903115,0.047115080598577885,0.421142578125,3.854494052778358,16.052755033785587,93.5207992277856,30.599513393334288,2.924786957834505,1.8016313387163998,5.623354301561413,91.0,0.07535372203110097,0.523681640625,7.169247141301352,19.302654122699796,139.3456518305049,46.669566658110845,5.229296780445897,2.563466597838669,8.051970764757188,2397.6000000000004,0.134940048345662,0.59814453125,7.811550823744836,49.938988617913225,207.27590322372856,54.23648174263279,5.882184289957996,2.762070991588029,8.08709719190475,3911.0,0.023733349494192924,0.16037705947062061,2.008032235367045,9.074288168715317,54.47099903958449,17.175918193564915,1.5748824139780035,0.6406127902172172,1.0609480420694175,1090.5667391315399
Train270.csv,7.061602153569058,0.19274304489539643,1.275634765625,3.7259139905890564,2.989825343900179,4392.4508901798945,639.5669360433574,8.710635058134137,2.112563413142448,4.801724105253002,64.0,0.2508539375361615,3.0261230468750004,6.74091616241418,8.667321018332776,7108.654803115581,1687.6574165976322,17.45234356745258,3.148287216377119,5.471743343106248,89.9,0.4114655441746839,6.65283203125,8.907762638019344,29.44007377535065,31089.651443322982,2816.568760562899,46.699559391645636,3.459608143093335,5.67225916579009,764.0,0.06674978474395607,1.443261861733385,1.6880085191727379,6.374304776371992,6690.893344784848,653.3100461713121,9.081221107444277,0.6997347032991359,0.7379480428596544,138.8625353035782,0.18132121171327498,1.3427734375,3.752704470795674,2.96329631327497,4148.54967395124,598.2918459813441,8.357284674885214,2.3366231413649383,4.870532235582938,62.0,0.23464914235623974,2.143554687500001,5.427504703933149,6.83775959979912,6493.321318624324,1575.4388116973862,25.339389171171597,3.3712083788694094,5.480224763774653,85.9,0.3004051185157235,2.685546875,8.297050907509961,19.414676471644068,12574.419065415861,3829.0136207135756,40.482494559723754,3.7612648322302746,5.656237649618355,378.0,0.04346985918895091,0.47354146725442997,1.1105120470425789,3.5246031432074862,2403.6193999124234,779.4921260173128,10.24066630640003,0.8949875436952507,0.6816216466960928,75.85274977505759
Train271.csv,4.005530633326987,0.1660180979535138,1.422119140625,4.853205217781918,4.919256891462944,3590.4838664885083,154.12550319857937,5.40635022956723,1.7574150699567332,5.225596994705498,58.5,0.2785942460161534,4.147949218750002,8.674213086892925,23.359929911879185,9759.557311635588,863.4201939184271,11.214819090864507,2.9035545248063497,5.735319488182753,103.0,0.5484406810787792,8.1787109375,11.869411035550272,46.291385433369896,58343.02425413068,4996.548440422412,35.260202938830474,9.261121806032484,7.7460621323246,215.0,0.10731414056124819,1.786855669200578,2.3128223652946898,9.427059655508938,11945.11919577237,908.2363054987745,7.39621186927582,1.7888417595335209,0.7899537120072223,33.566573309618605,0.1896112811774607,1.947021484375,5.61286095497446,5.854558509158944,5358.744255222187,165.3263563365347,6.667533706668777,2.2291220463363413,4.84271726395854,52.5,0.28879731913747547,4.522705078125001,8.66613681538137,24.575959544828883,13388.52547267278,781.8320298487093,13.217329626102147,4.422961973806071,5.652380997057646,102.9,0.4789826430210251,7.50732421875,12.888442003064439,98.36675165029484,44474.59685361206,2219.2991945933913,25.122407465093488,5.961998983889833,5.870390003708707,347.0,0.08975718225902443,1.7943745152486041,2.2845692228003536,17.2649721131066,8408.998024220267,420.52292623191113,4.935884840417279,1.2492997336154457,0.6894386049822722,56.86702382257665
Train272.csv,10.918779800476525,0.18901497540362366,1.324462890625,3.831009990665243,3.081913153492674,2188.6628187242186,942.7725678669887,9.091966928659657,2.252580124019902,5.503879878362424,66.5,0.25632514934714934,2.316894531250001,7.434678278011758,19.114017392633215,7205.866307195425,3161.4679824385444,28.97256252752489,3.2108581523670705,5.871852952940361,348.50000000000006,0.3422892049204429,5.23681640625,11.978222770208928,46.08970814470505,13499.987541854169,3930.4547074958527,47.91938712374156,4.175251024311387,6.074039920578115,616.0,0.054236101948490475,1.1723944386985592,2.3056444911345633,10.943006199021571,3032.1413663736835,1092.7122246269969,10.789955348184444,0.7905128811666853,0.5515558649333672,137.35651604492594,0.19296368948539377,1.470947265625,4.005459785544669,3.13774664122697,2999.4837575326187,1024.9229006667765,12.807374396661281,2.366248704303776,5.321590229004974,67.0,0.2523058557825776,3.392333984375002,8.783947979872345,13.466565804768424,9505.660978660084,1966.9258224953305,33.384384742816025,3.8638925312979895,5.826027629189512,378.5,0.3195033436646511,5.4931640625,10.398426792475636,34.828434816639316,16111.41947187971,3656.4850313503507,53.563693255150994,5.231643368127101,5.936788970862536,576.0,0.04976557462598431,1.077511938667974,2.0129656537644673,8.18913022202481,3615.644948616099,857.3105915603111,11.562284229011228,0.9937662521585185,0.5242852123764039,157.6918969858629
Train28.csv,14.152874904422019,0.4870404130537992,5.108642578125,5.611569612292338,5.61285489695092,36474.88296207908,3468.2225414368554,82.18127395102215,9.47478985013909,5.351119317076503,65.5,0.8755716709265993,9.167480468750002,8.245971033255396,10.82600674111831,128563.64221874729,11566.330047643602,380.2597131420564,34.41952027759102,5.838101691298792,98.0,1.0106127964809326,10.55908203125,14.550551784260138,55.396769515121115,160342.1962808594,18748.907367851963,1663.9187073385601,144.43847256523523,6.3879579216155555,536.0,0.2383845343990796,2.4273436074840817,2.084275614198018,8.984160798713516,44641.426779262074,4436.711979437051,295.04160337694304,25.547884643622876,0.39922564731237015,83.61420310531878,0.5905118575447145,6.2255859375,5.890893459141349,5.6450322969718325,54965.72119116667,3006.3882270441204,82.74149584842266,14.573183931027941,5.14265279378778,62.5,0.927011985248136,12.293701171875002,10.606673521589627,25.7978393625071,123234.59014552913,12113.133050268814,187.297053834298,28.0044884987919,5.671764608898642,93.7,1.34335471039029,16.83349609375,12.1026317274413,41.888463061551676,314386.5996077039,16523.387961998927,544.2549929499854,52.73551239962838,5.776072086728281,108.0,0.24363016122011052,3.474992061847558,2.1424992591822196,9.919388766874127,65123.97812843977,4333.204291361553,115.32767162477764,12.707563673378324,0.41636775292256994,17.77855867154309
Train29.csv,5.6374134839416845,0.2591876313594297,2.60009765625,4.584184050887822,4.282102875410271,11659.271099952595,396.0836661884153,9.872612697445291,2.6759371330091337,4.613981223118525,61.0,0.39662750332214114,4.6044921875,9.255345421325693,22.340081737914076,29618.709253836318,1097.3378299252938,27.552766258421002,6.416782995881505,5.325214019789877,100.80000000000003,0.4761189914092888,5.9326171875,12.792134067470782,32.428097402957,41286.5116907879,1482.583303395065,93.44660110849578,8.293068154143887,5.674854127169081,212.0,0.09824238772576065,1.4162732888792484,2.4133004662673416,8.150023655018114,10920.494897102852,364.5238378835198,16.198675601044073,2.132017876886976,0.5476763110319255,30.408674749156695,0.2758637683433429,2.64892578125,5.160595114789434,5.307301506623418,13357.315177047047,334.86287560091813,10.85399006603122,3.1924051073907864,4.7377565817572656,61.0,0.4061540874889337,4.422607421875,7.340720489450771,13.910939399159021,24685.844847557553,1310.891519212943,18.980338035731105,6.322088990956192,5.160961183145634,100.20000000000002,0.5264638978231059,5.4443359375,8.754986879744534,28.34322392595064,47785.13850323005,1888.4568365139532,78.14082482029241,10.74205751690528,5.551083872288433,104.0,0.09256726115067751,1.1595515142494155,1.4786896209902887,5.615282391496808,10706.480797806242,489.2566910265171,13.531704829199958,2.0582780629086077,0.5474578997978888,17.569254706375567
Train3.csv,17.802358370342162,0.38481613281279414,4.1015625,5.325518232415572,4.736655200220028,8857.263661146935,6012.551811345107,116.34793645890642,3.8916338834198485,5.702377405701509,75.0,0.7645901738778442,9.403076171875007,7.788159732901122,10.937843346660769,89001.55745295457,9580.243044518144,315.54765030363654,17.665245229041062,6.119466996480272,625.8,0.9045373172658663,18.49365234375,12.21779644789692,34.827701991999625,135240.0448014082,16490.608648977137,596.074267113791,31.031426075344637,6.230687832406577,663.0,0.190840166687259,3.543434960099568,1.9699213300911314,7.588707080232023,35622.6887402706,3135.8511554372003,125.03240616840277,7.421621896407098,0.5618754653903345,241.14316773184763,0.4362436111998187,4.40673828125,5.596606015168447,4.566952109807923,13354.09308435563,6738.897811204524,112.78286636394236,4.7246151745409275,5.565408771067657,70.5,0.7325701895832083,8.377685546875004,8.562166509750467,12.325757022291679,80007.01515159398,10364.151943580813,334.29709659716826,20.679985611431242,6.0968787923659145,623.0,1.0701833424290534,16.7724609375,11.278388714281874,27.350627325111574,194910.0537786304,13140.463264032789,649.7996176356829,35.04972522400747,6.1622928870625415,663.0,0.1925559099565028,3.3995154058028723,1.82091612937791,5.659005850965224,41398.0180477969,2936.769213552023,139.39322997612476,8.382058203867137,0.5070294544073513,233.85104767778998
Train30.csv,13.767157139731271,0.29739331029028215,3.271484375,5.278181978554261,5.090847352268044,9658.446742544344,1890.6943549687344,45.901707483679644,3.399009109276008,5.110118710877835,62.0,0.5415589566312221,7.259521484375,8.175293500764418,18.720894551593705,45942.354410280335,5546.873865342854,140.42407293969012,11.374773129954468,5.560736711268559,88.20000000000005,0.6960779113337632,10.65673828125,12.372230142288887,22.57311008682249,73393.26734393033,10840.659555342994,163.52207593054214,24.78158181134763,6.063176035833477,379.0,0.15930593464913406,2.6563731990671746,2.150338218943617,6.124273495980849,20179.18806724123,2264.2366779676636,50.449505410662724,4.918911229764627,0.44926814640015594,79.85237844767055,0.2534014033674635,2.838134765625,4.509042143944513,4.802787160252334,8143.9266993013525,1798.2798050118333,35.802400088925374,3.3884231863494723,5.239187748627106,62.0,1.2059928820325005,9.935302734375009,8.502301426618223,14.351236430100066,281048.2660135188,3516.9019941279234,116.32804686639601,19.62741191650869,5.686154618356901,99.90000000000002,1.7391746925227611,16.05224609375,10.036471754560925,26.004259340657097,583111.4109542556,7660.655607333365,874.9289480283178,44.14512415858999,6.267757873366862,807.0,0.45258061323541515,3.8852301751541414,2.175800300039964,5.579450347349705,164174.5536273673,1707.193813615329,150.92460602968296,10.615328845801399,0.6924859488649906,168.93794799700126
Train31.csv,9.96932068739161,0.3541660050042459,3.759765625,4.850676986255256,4.959601256217649,20959.576537377194,1039.68734314377,35.40484959677942,5.312036577954685,4.6458587681150405,61.0,0.7452161447282163,7.615966796875001,8.744877020893147,15.983380520751142,101732.19677644495,2655.9389413874605,167.66215914748656,31.764748050209327,5.060305014194796,80.10000000000002,0.9247964941223764,11.07177734375,11.990970594698911,35.37865409000261,161952.08090122003,10546.810594989274,541.8251754008608,59.25691015362415,5.619222912556272,85.0,0.2183513333926094,2.7238224704408975,2.136137532648324,7.223534013123352,41604.43727390451,1939.27204689807,102.62312631102574,14.275578674384208,0.49555849996208695,10.400570897792102,0.38026182517308876,4.022216796875,4.978420930599025,4.812478265045158,24752.33637448746,918.9359025441021,32.28146386700654,6.647412206458413,4.358036274607069,58.5,0.7400623160728941,7.799072265625002,9.109231444929973,13.19896856447691,96526.01034999237,3177.1750585018035,456.09096984856205,35.38049577282481,4.796213456648956,67.9,0.955630643826691,14.94140625,11.012861045711329,31.240944032272225,169702.16445689014,7174.78894030609,1231.978718055231,164.04842598254984,5.047258605187429,86.0,0.194584495718517,3.0254292587217124,2.1755904387772804,7.055300449507741,39502.184939051585,1568.6702885328446,246.65303254268795,32.81019592595973,0.3561551245484266,8.825068608090252
Train32.csv,2.1362830044410592,0.20624518270335354,1.544189453125,4.0612919776266025,3.7467476694152935,6361.839295634918,204.9653312833127,3.774996547289903,1.6973462502376782,4.557165025798285,62.0,0.37780770595709406,3.4826660156250013,5.787984824541967,7.847043383295022,25546.702616383656,540.5860039455121,8.501253405782881,3.1074863731458504,5.247524065189092,105.60000000000001,0.5624406836282151,4.8828125,6.814422582843586,16.355430798522203,57482.08445702559,1696.6025096330652,15.016198522961112,6.420690934415332,5.66964727573411,193.0,0.103045501825072,1.0152806560275445,1.0008351202630588,3.048630063754959,11560.81591841035,328.6366969851345,2.9755743454682784,1.2462193047224532,0.5124625138696901,35.98294680730721,0.19366708016060402,1.556396484375,4.068983369246407,3.720223857993651,6087.095165013555,166.10997038796322,5.139698298297735,1.9354623673200042,4.627393782144554,63.0,0.3309468220966163,2.640380859375,5.043664941602488,5.210269098868303,20418.00669025432,533.2874669765353,7.319715455742866,3.188045461528249,5.263933846095658,114.10000000000002,0.4689494980033858,4.7119140625,7.966804728007518,17.442297937149387,42163.438925282426,1398.485224345269,14.982642737008938,6.049139913095693,5.554272407296453,306.0,0.08862249524121835,0.9001120738443069,1.168224796652537,3.393742564409966,8841.061874288082,257.70366470339064,2.7739693214459256,1.2080021072310938,0.46667074318365087,56.207058261729905
Train33.csv,16.852899257257246,0.2635022815806119,2.18505859375,4.440472306100789,3.278714596463834,7638.39644360109,2714.250441985665,29.841583379908087,3.04828760743964,4.990187205441071,62.5,0.46829787986375593,5.216064453125003,6.058301522211266,8.808802455790607,31219.42907469229,5193.14537279667,133.4236109443521,6.973113248281675,5.438009946741213,604.9,0.7342431274673012,6.01806640625,11.05053903041879,17.43075517719262,91213.32456667245,8023.551023973719,220.84038866325017,44.67765652220291,5.712306145240618,621.0,0.12746406975712482,1.3472895105970417,1.72037331900428,3.885768077186155,17052.16071564247,1963.6874359002145,49.898538649860434,7.515285622105617,0.4449429044967237,234.63303920364135,0.26814871038409693,2.532958984375,4.65765415283731,3.4721132990399015,8335.508804898403,1966.7285643494474,35.41900330165221,3.9059910141948757,4.832163149578852,65.5,0.597977039307414,4.337158203125,7.198298205023266,7.798201155932788,45849.42987078512,7078.438444802488,131.69610143202615,15.112112495630601,5.45436310020339,616.0,0.8208905136375817,10.7421875,8.648111436364768,15.3154732569908,117760.67185577084,9585.749542910064,374.1010850393995,43.14848164103781,5.897977730810888,630.0,0.15419571319387043,1.8582672735865156,1.422730448674837,2.9186541954890353,25578.440707850437,2499.508057852584,71.16405788262855,8.057182419391838,0.5424241375836366,248.27253170659054
Train34.csv,5.51873109480607,0.2185643412197691,2.44140625,4.800828043345003,4.9502167517212134,7938.068002449816,308.39180195601347,7.687134100434749,2.585838002978735,4.777539352516311,63.5,0.48376671469981797,6.258544921875002,8.216594564366208,20.92959818981528,38305.466233019164,1164.2335468755614,23.965123781726756,7.54461662516845,5.410000137358996,102.80000000000003,0.5749950740437352,6.8115234375,17.95767539737032,44.76483407322346,62745.85466784566,2731.054544433388,38.8483698363812,11.381692357187008,5.655302025217406,220.0,0.14081376051966843,1.9609127648662894,3.107886900212915,10.081339652335728,16564.369278634964,698.0376573957309,9.018491518034411,2.700221080018931,0.4903836378223355,31.599977749201027,0.284049449881986,2.349853515625,4.43281653825336,4.225610777853433,11975.464269716962,528.9066394178792,8.423878214126283,2.6991652475690397,4.717866584534862,60.0,0.4507237247837346,4.278564453125,7.633345140096808,13.628748349417075,30887.54358595807,2648.2879765565485,23.07312002509572,6.478863267133732,5.31659508010473,77.80000000000003,0.5088017291873738,5.89599609375,13.097613174522131,40.87823873846861,39116.74816849776,4670.218543420059,43.65713218526857,8.737282244376315,5.612161090874108,364.0,0.10888615005762581,1.3457096573590823,2.294136624368432,8.242754920097786,10863.205281396105,1166.0959464220898,9.046620649382337,2.061848179708104,0.48498849667433613,54.49250951965784
Train35.csv,5.489060497522166,0.2855571025597673,2.197265625,4.459270126859293,4.071338509294133,13794.200004201666,401.94908026299515,10.151238647121321,2.361780877839504,4.614011418678473,61.5,0.3925140573689833,4.771728515625,8.022864553539414,16.10522981115816,27360.07181206617,1267.1774312052069,22.542401777960464,7.329835213636993,5.286999636449036,91.9,0.5139123766990007,5.77392578125,9.209070711667412,28.61504143108519,44803.174587619986,1552.3149690224966,68.27068846515873,14.385286255287317,6.518526251150275,108.0,0.09832600403986964,1.2861113651488856,1.8073060796383682,6.657540446306094,10244.080246954556,406.32555925847436,12.598714518723146,3.4365660094918296,0.5871616883517314,18.2418378579983,0.27978100203175515,2.557373046875,4.910886681542946,4.389077741061048,13606.22940086764,585.5999101135363,9.695974770032631,2.9859301295822593,4.8212441800291765,60.5,0.5064966662238727,5.166015625000001,8.060274257036976,17.04399326985141,49566.79079941034,1298.3361051696315,27.872925128331406,8.667786925588505,5.3246060202720535,100.10000000000002,0.6515907121400626,7.9833984375,11.245979074189284,27.818055099712947,73081.23048491088,4589.004517256768,35.33854730504698,13.34339935765405,5.782988559217282,362.0,0.13292050706466682,1.6733792535918033,1.8732093985099378,6.242402809940805,18727.7818146287,899.9488337314796,8.890960036542968,3.3747907262500587,0.5242913810155592,55.20819084101108
Train36.csv,3.145083312093782,0.22120698399355054,1.678466796875,3.976695936823337,3.475324508746434,7287.691937806601,273.23573682833603,4.655702235885666,1.8516000630710905,4.939555530970582,63.5,0.3317071556569776,2.79052734375,5.125656571792396,6.805132272708781,19621.14839619341,744.0917945716018,7.806299189230077,3.0023800758804455,5.350313312833611,104.50000000000001,0.43291366785691743,4.13818359375,8.621696672749131,27.390021061122102,33952.32267319511,1473.4196909591556,11.984745916621955,4.477615097409493,5.755900272248988,205.0,0.0930261801027332,0.848813173724809,1.101248186097882,4.9300841859059545,8728.086189656136,314.4454155036987,2.4286507177197025,0.9163988689649021,0.525708148606961,36.832589488624066,0.20719672005878145,1.617431640625,3.9779545085214973,3.6856915284407776,7616.721947011699,199.3981566382788,5.153227905312609,1.87467110466699,4.913536555672065,61.0,0.32304746448116894,3.4240722656250004,6.041804401044162,6.846574883868012,17825.401793589375,665.3530926466452,7.375982500906915,2.9198387402668495,5.404944001195426,100.9,0.44157681503363455,3.90625,8.132528401841908,25.387396837293565,32387.49563923629,2129.0491156695743,12.860315942094578,4.095285037456808,5.761016445427958,205.0,0.08511587686340816,0.9341918673350387,1.1597738482028692,4.78975340114387,7168.093451399981,405.6820700105227,2.2138835723912336,0.7942357864940739,0.4790882607259419,32.7607180696257
Train37.csv,11.126473981463851,0.28078235919975825,2.142333984375,4.45421017903775,3.5993842325198306,7674.7553904504375,2314.885651944829,12.78394217579028,2.694326510457998,4.948316154364198,70.5,0.6246115720092427,7.255859375000004,7.272898592186104,10.474294953290366,55760.50001324747,5936.588853360661,76.76040406810138,12.01917880616649,5.540863751897945,489.0,0.8724976247738749,9.1552734375,8.390235870230201,17.97318274760301,135547.87533938378,7629.743946746225,142.59927756338408,23.219289499703166,6.043189638721849,495.0,0.18851327908303014,2.3293826882724957,1.4014597951965984,3.630885904809404,32823.76883963908,2026.4405883957666,35.29213368156522,4.815026704848113,0.4975302070881759,165.62382075051886,0.24161003774992246,1.8798828125,4.243544600758481,3.315138809365285,4879.999001309756,1656.8324770006989,14.73777821077713,3.238634481468498,5.288400377523039,62.5,0.3799686743652698,3.963623046875,6.357019823360429,6.158067138234831,18462.05245723533,3773.268921639291,46.458490097157295,4.965266748173139,5.658232298806651,116.20000000000002,0.5588010790005181,5.810546875,8.677752170774987,27.367709329226223,42901.94295078924,6364.206486141391,397.0515326738449,53.98874619816016,6.415735609384916,489.0,0.1089727890705172,1.1966120395829667,1.4598460038077417,4.5784967034405115,10894.342580406925,1448.4143031973017,67.44298640834486,8.960183681633616,0.4493325653243786,115.64702492930806
Train38.csv,0.0,0.0633182836997111,0.3662109375,2.59530715267375,16.32753767616628,60.403417017126486,22.947152109953375,2.4060519957645568,1.3860487093519607,5.844782351910424,91.5,0.12043947091490946,0.5419921875000001,5.87230505651485,20.85563015193569,116.49437699552573,36.03023571116595,4.123509383083851,2.1487324623556163,8.074333105497368,1974.4000000000035,0.12705613871955193,0.5859375,10.57200122295761,51.51573821547095,154.07375990199384,46.59799259552112,5.5732115677763066,2.3759232769029115,8.091732355817559,3273.0,0.0291549008265487,0.16923116676159847,2.1575929556288416,10.457920625658787,45.899675605400276,14.848083968452787,1.4210766415181662,0.5427728962528796,1.1022239586570761,885.7401251698703,0.048443287725985024,0.372314453125,3.3788697937774606,15.606720076954971,68.80346073528558,23.72344477932321,2.6313848735619234,1.5317379881785622,5.9788033271020975,92.0,0.07371782083953117,0.53466796875,7.007678189157825,22.02697063302163,142.53436679618633,51.848372379080786,4.2419274091353945,2.490655916250518,8.081394120395544,3381.1,0.13523412897273823,0.5859375,23.237415969454542,141.33301099455946,192.99358822888746,62.75503371375862,4.837522197030998,3.1744365557832626,8.09258395231438,4036.0,0.026517099855121646,0.1821349171114485,3.79063761840629,24.72790569937259,58.28495322058645,20.25177393486859,1.4544903916566196,0.7154854539838351,1.1763597926089442,1416.2581224254063
Train39.csv,6.3198372214714675,0.14166483963583504,0.885009765625,3.5487026466333123,2.971725497635572,563.0718771672994,520.5206007255824,4.934549573357991,1.612820496070443,5.393232384186604,780.0,0.17667174120945253,1.168212890625,5.288705106061473,6.397004327216661,2901.4317359634847,1169.275555713588,8.271122931743696,2.4961892499757865,6.002709194461541,796.9,0.21030490113314151,2.28271484375,7.297061575154924,19.43278479936591,5676.137528357611,1873.1768573532408,17.1486243452236,2.6664501253263335,6.1902487162128095,805.0,0.03725049277127728,0.3876015885567619,1.0234466388212413,3.5508321161750893,1312.356871332216,463.66892164537563,3.0159263386785526,0.5993342286732457,0.5745070078288785,356.3327096969909,0.13577622002662362,0.89111328125,3.6593696266794464,2.9497170675548903,973.803377736094,465.97430149232724,5.812731649844368,1.8683473619241031,5.354722873727229,180.0,0.18468581850901347,1.2377929687500002,4.195898710833175,4.725671578351068,4487.040374972239,1095.3208728555858,8.533809539776781,2.8616042689812087,6.053064025824293,795.7,0.2271303099125461,1.611328125,4.8139268926315495,14.43087850091533,8355.109838207636,1293.3048950181524,13.848435762472993,3.115164535755697,6.240830408657927,798.0,0.041458636904572306,0.2913230130255281,0.4274866233014972,2.441738137117713,1955.139294517093,402.90707394639344,2.7111957918632874,0.7603639972151193,0.6103647119158663,352.4275620938826
Train4.csv,12.75835683207855,0.3487837449861523,3.973388671875,5.7675780378294235,7.188733753726089,20046.036169850348,1330.911760891004,35.01575726621191,5.0712878096160665,4.790746466878607,60.0,0.591015315050747,7.598876953125,9.6613226458635,17.075829876941626,55069.15194310422,3776.1457015045817,84.9361486729929,11.886457372214169,5.490438769115351,97.80000000000001,0.8093109267512116,11.62109375,11.621891449173399,43.211529197084126,120684.44056484554,8331.06542530052,126.0894421658037,32.537723407194,5.950669244029616,473.0,0.16328733184431285,2.56396504698015,2.1106484079183945,8.318482806419578,26726.816011599916,1712.9534839614882,30.918175965903167,5.98746072879453,0.5385687810261397,73.12264953487394,0.4032202657075197,4.35791015625,5.376560678293033,5.672940355842118,27672.82067661503,1741.72312685144,48.13752521109912,5.555528378358147,4.959679837069985,60.5,0.8411650834027536,9.716796875000002,9.10062511087121,18.27447445122157,122500.62146951172,5826.401894336203,120.78087871638496,22.034592567226547,5.398336795503801,101.9,1.191041815630241,25.0732421875,13.015614653409303,50.26581549931702,244561.95914585647,12455.62869312903,326.0186341368278,27.076445002998337,5.547737881741178,471.0,0.24984809099221136,5.297872643824354,2.3317302426093276,10.045523863134182,54957.79286022767,2764.5981860810607,63.257966971985816,7.973837399787858,0.5340431860992226,72.16030331837582
Train40.csv,10.7110856194892,0.25813255572607363,1.971435546875,4.417798709008589,3.4401852472414354,3745.9300056875654,2741.80675004896,29.634828885401635,2.4501865562888527,5.5565592216443065,50.0,0.62176634117551,6.256103515625002,6.323706413211663,6.974098000418191,68693.02994246807,4281.2234390410495,59.594791550964125,16.6396591970455,5.821108699673037,616.3000000000004,1.1767673286274818,9.63134765625,10.808531279234897,17.782339746774863,269420.90506629087,6286.238962894747,119.69490237649092,39.38448688287223,6.011208084888628,860.0,0.23329454012434644,2.1624495286418686,1.5489946281335965,2.734750305731666,55837.93097624967,1448.2272885641237,25.71311926675934,9.337622764592737,0.8388303686297195,239.99719846997695,0.27168473218335776,2.325439453125,4.574665250460688,3.301032081055494,4287.194819251612,2635.88582217194,26.16457165186548,3.0329080883848016,5.517753209979061,49.5,0.3830198429891742,4.522705078125001,6.39143598120253,6.522856107068916,18806.72162931977,4065.176125089186,46.334276057374076,7.929712413198212,5.781408289077084,628.8000000000001,0.4634341818960172,5.77392578125,10.679956346127417,12.990663214231137,36498.795274215954,5329.6277441965085,65.7380716260187,19.917330860116227,6.112363568061691,648.0,0.07475525144714898,1.1880630739298847,1.656286528183057,2.137647306819268,8621.123302210119,1114.4996524037501,13.829531233906222,4.528133588202558,0.49486827044595305,222.72256249367732
Train41.csv,16.437510895282596,0.4018879376612492,3.50341796875,5.135638432545308,4.066725313912862,13456.955892830869,5467.907949029491,73.48492969431595,4.0621227334716075,5.199836379741954,83.5,0.7334232007042357,11.014404296875,9.302255395522616,16.766985679386618,85672.56083557673,10187.357418659056,219.92276433338466,22.978559094735704,5.993421321992095,575.0,1.308024131578546,29.62646484375,13.317364086186949,54.681688563529306,303769.8499167237,14469.684001635676,338.0852887365176,41.45177342988386,6.044507826108259,608.0,0.27328077484612906,6.060190629657962,2.51126333408391,12.110340401686807,71181.20911580596,3516.2597517394324,84.3913605816601,9.905772316713,0.5348304104656386,232.61951733195133,0.38688011965056557,3.533935546875,5.149117371745623,4.231774610531314,15435.758813604287,5576.986165263954,60.6399797117801,4.539669213738321,5.375325352446785,63.5,0.569999456681024,8.825683593750004,9.307593607805938,16.972957221818557,35462.09360629055,8698.25036074928,196.91379865167931,18.46235366175147,5.880639457685074,573.3000000000001,0.8320982194195173,15.8447265625,11.95619728124207,24.31593621603174,109743.20155015374,11066.68816703079,338.19134792748537,24.24069189806824,6.11482307246157,606.0,0.13800116792585393,3.0898538985595105,2.2459968309563343,5.983002075790709,21026.00148727408,2613.07788585487,76.33561468024149,6.317271744750554,0.5386210208885817,195.72080072372864
Train42.csv,9.197885158010116,0.1894590853222322,1.611328125,4.709349865806878,4.492515504514978,3788.384414897668,460.128985760734,10.239554136981665,2.2366907128522664,4.983043352548059,47.0,0.3255062363097885,3.9611816406250018,7.774387098025711,9.414481504358484,19180.12178173909,1270.0996569165882,20.624316875191663,7.466738189141732,5.812708220709877,78.40000000000006,0.691650110548335,6.3232421875,10.165312058895404,15.493052729860239,90633.06895362285,2236.9847991143943,70.602946908085,24.275623283076687,7.459430387547783,345.0,0.14103306953883918,1.3582576607459687,1.7410806384414035,3.1594826597610517,20216.244624270814,529.8447077220657,12.699666750110246,4.391301664962513,0.8835174599855595,72.80259455155084,0.14782642109898037,1.55029296875,4.9879266485409595,4.322728380555583,2621.7499383640284,413.23494339453543,8.254178079130332,2.5664450048698533,5.347852064384115,48.0,0.32904114913190824,3.1213378906250004,10.103940779457194,15.595144772147437,15891.81259207143,1234.980295277506,23.52020130996104,6.086977864324358,5.785576715067092,81.0,0.8459509823319777,9.85107421875,12.048596565413071,27.183671429447166,138041.94167270558,1918.611264067674,54.49422805961594,18.09330323120311,5.883875470207727,81.0,0.1381517013843106,1.7711305420006767,2.476885763149036,6.267473341493851,23830.320915960998,489.86070398719164,11.267470275457903,3.3370011976338874,0.7266972076895408,16.389783403083765
Train43.csv,12.966051013065874,0.5318847218475973,5.133056640625,5.893912651691629,5.596440677286062,44807.95227339871,2787.5587054943508,61.28432744209512,7.7295979864723785,4.960917003121823,50.0,1.2878953656407974,11.579589843750004,7.26745697791112,13.974599662338374,302141.2417397538,10722.797952394942,317.0469460460337,53.68604467210879,5.7358849872226765,75.20000000000002,1.629381462687211,17.3828125,10.677567495975413,19.249177834952352,457552.1602845035,22149.359718144093,829.4254297837338,136.12364634477612,7.96332379978132,105.0,0.41494411996034464,4.195251850559103,1.9406861423991915,4.553874796713151,125596.36754069955,5694.414308374366,192.87300096130377,28.16787584497721,0.7412918131986707,15.26865534149946,0.48507795797159603,4.107666015625,4.904762724218584,4.743609574458113,39308.573328993894,1989.3210486688622,52.62094299075933,6.5741705713294625,4.832869579304555,47.0,1.4855571546069388,12.907714843750002,7.466084355032715,9.193686451041135,394951.6340843544,12530.20601533144,472.977983688279,65.85299680216659,5.555763808192764,62.0,1.5806611002973607,13.80615234375,12.850005412087421,35.20325256323117,451192.7445513622,19145.048680297263,705.327718722085,109.2448657789221,6.813921437909199,76.0,0.4331850727481966,3.845288412207778,1.9208026326113163,5.6422728291702,136410.55579478212,4984.857997530039,177.17379549155422,29.61162288279762,0.6545598039325068,7.996520239297841
Train44.csv,12.84736862393026,0.2573004292402846,1.89208984375,4.401838055762212,4.03991760878976,7301.942263641074,2077.8132420119273,28.297026859247772,3.2315009279044458,5.13699997613118,62.0,0.7869159143990536,9.454345703125,8.437195479348276,17.04600548421338,100538.77841316025,7558.339532999374,99.21741240034656,26.609819233712404,5.501974015410781,105.7,1.3907173426111206,13.95263671875,9.381832461954387,25.418942347802307,339061.4700163998,18824.76067537487,583.7334853094036,62.14979475507031,5.746059177451539,451.0,0.3019310927040017,3.802320601321284,1.8967872835051398,6.595422955377834,74161.03071499061,4100.694834099797,115.19157469027301,14.98008265349459,0.30912704591413576,69.39129876108387,0.24379529315531706,2.5634765625,4.967052034680982,4.066582830980046,6919.367794298789,1778.2876132557735,25.840580634055037,2.9795248197518287,5.074113005105772,62.0,0.6328873115108741,8.129882812500004,7.8497245534909785,14.271616841278414,61332.90265755137,5970.471230044182,83.30422192902031,11.444239946542485,5.507087098525677,90.9,1.4815287355937805,15.6005859375,10.3092199542555,15.52017984905489,368057.80016393814,29250.684950449195,804.5772872844856,82.72822494393621,5.641538989119828,451.0,0.3218346962641656,3.394162428933265,1.7397424019619474,4.006535600596754,84691.22570019288,6004.3822063727675,149.59827519042992,18.204038573117664,0.311097818331597,69.3827416851626
Train45.csv,17.446311202935316,0.3092732892638056,2.923583984375,5.2855223398485744,4.288680677483177,8265.545407812959,3148.9178056863548,47.61792388126162,2.8873541431040617,5.023756582486939,63.0,0.5916513623085846,8.707275390625002,8.121281988134047,14.475472562853446,53865.26926144288,5010.2061136707125,202.8446791155578,23.253636223622063,5.659406240572798,633.4,0.9872781766960104,13.51318359375,10.586393275793732,20.114241144545264,175756.3864253463,8751.026644054855,462.83966747603773,65.66487112269914,5.718909985645943,652.0,0.22150433251009763,3.0866589628983183,1.994520048606491,4.694293994768989,43587.879657684665,2039.6446890329607,102.82801748999236,13.211387825532269,0.5180809709039018,238.57485190383647,0.2757876099074814,3.3447265625,5.8567406658893635,4.833109207277801,9063.058825979451,2246.8193414305315,33.09630881043853,3.6495677508542803,5.159288575163275,59.0,0.8691492448068793,8.651123046875009,7.848428603846926,12.720926542009687,132149.87251749664,6370.433820909264,177.37986769972335,30.300139972859675,5.725362629677384,83.60000000000002,1.0003139256422806,14.892578125,9.722085204533894,25.297730737027265,179162.67226384828,7822.293298098439,403.8020408279825,58.033005784726384,5.782314252858059,634.0,0.2513016077004818,3.421680763600638,1.5470295571794417,4.551230639692891,52078.01008235137,2154.014434367957,107.89222994954893,14.598088052547554,0.6715478553567613,167.56523624677496
Train46.csv,12.84736862393026,0.2830245644816195,2.606201171875,4.935420472105543,4.7408187818281,10278.032703427745,1675.2132079967191,35.47843857595971,3.8568545316557747,5.156172404328402,62.0,0.8671171197133891,10.478515625000002,8.320531940228413,19.538676998314426,125593.4082117551,7849.981142507061,261.95257181756944,30.632912085043603,5.612382854238798,110.10000000000002,1.1083548650705617,14.208984375,12.092014695320017,29.169133916122536,200786.4854933824,13380.696537544727,461.53919292290317,55.376266013737485,8.016961114459008,467.0,0.2819089090930321,3.7993623159044647,2.0434477970272726,7.170587244105412,56320.13770859844,3357.5188762746075,108.65393034995896,13.161973652682835,0.5940527605457756,98.427435001312,0.2773394164834915,2.642822265625,5.693686138217177,5.265620854139624,10741.478899138177,1807.06737750803,23.52869966166244,3.8446355448642993,5.083023014697416,58.5,0.8086500141551137,8.862304687500002,7.601523091250806,11.04985966936887,106446.06050301138,7934.104451800545,162.12425909539007,23.24934470747645,5.565309460082941,76.7,1.3737906534672266,13.76953125,9.787609037224575,22.05830429262187,332155.42797150917,13973.072133213649,470.35877677332803,51.63165598809636,7.0284369800246695,463.0,0.30261770791053183,3.3697697623913676,1.5600667200602512,3.9708526461326605,73243.98041575981,3211.1183139636437,116.5094021583951,12.209062709306668,0.49639014791257025,71.32537131869697
Train47.csv,19.493582415524667,0.6598683513676503,6.38427734375,4.998970836428953,4.0592934299391406,34876.52582697835,15527.205004818647,282.1431467558405,8.480094127349524,5.785192757535752,80.0,0.9535951124376333,10.097656250000002,6.165594618869263,5.045983979786619,111438.69390498601,27737.193015254863,893.736662697545,39.396008005832996,6.207442039683649,796.5,1.1719955064484802,11.8896484375,9.047724601742502,9.144883982871749,192101.38954817672,36650.45849090667,2337.7786697400074,59.57196484771207,6.7985938089457285,929.0,0.22428811123018935,2.366476219434646,1.1205195277830764,1.0572214069426686,48716.63728429957,8401.56076368775,444.45246850864027,15.055421010243737,0.5823055155966969,325.0330692310399,0.6147374794327601,5.84716796875,4.687730887944181,3.9472537554732137,27760.389544500245,12443.752036731992,247.63451071775853,9.736878993570748,5.65932118526481,74.5,1.0538447044952075,11.190185546875002,6.6959826533368485,9.3749533911712,129242.82265321343,36037.7750096141,958.3662373014492,32.37406155684492,6.205632469978921,734.9,1.170371451631101,17.71240234375,11.110220881581256,16.617924710393893,158568.48281756585,43011.48815016006,3298.7414103659244,104.42706357159904,6.275826719848024,928.0,0.2500299035090455,3.8559441323817554,1.8131726556699927,3.6659477571141514,48014.99170433199,10979.742904431154,617.187187621749,21.152747595377935,0.41726551315685906,290.35672934071545
Train48.csv,0.059341194567807204,0.09940903582698946,0.555419921875,3.1748394167095775,5.5516192652749305,362.4490817008765,25.780443234324757,2.404830187927741,1.4778298543088473,4.696857754632374,52.0,0.15041785742497704,1.0253906250000002,5.716441582103186,17.608255465056224,3057.7390513284495,98.43005563152919,4.178711252625178,2.0895602730780944,5.868257941033575,339.1000000000003,0.2806993232722291,1.52587890625,7.227210002059406,18.848377073461002,7640.654223870123,4388.888351768258,40.51635840857036,2.785690708293195,7.8245833662184445,3272.0,0.050990496086492317,0.33769681607811286,1.3742700082638493,5.3335813448697795,1597.8198698460405,766.7511763785077,6.774722984020211,0.5117856468392542,1.1723229826954904,561.1252218965367,0.077065130495197,0.59814453125,3.9833692859912198,5.110326469255618,645.6069907426461,32.58239667512599,2.6747752413286916,1.5826278959879665,4.777791107745314,53.0,0.1520277502915166,1.1828613281250002,5.9270772451766165,17.964362956167108,3144.9508162985762,65.35489000040154,4.9295308665650825,2.4991168835440685,5.787833822901547,109.4,0.8644103955422895,3.40576171875,8.427465028547775,43.415305843203456,6670.038070050072,49274.04434602489,21.170382931527538,2.860754152513069,7.6468048622812494,381.0,0.14021615736549584,0.5824670486198044,1.5026572827192037,9.720942696725766,1536.5324280646555,8566.995738350328,3.673538455215426,0.6636000287770365,1.1143821468010218,90.63517184294406
Train49.csv,0.0,0.06744208849391148,0.37841796875,2.940604318536715,16.569828874219724,65.30637917306808,22.7800614925871,2.829757376896743,1.5835037460736021,5.8458008622089,91.0,0.1190552931055898,0.474853515625,5.678361701287235,21.440191680475678,97.91149433269085,36.808225084314294,4.4195637919171435,2.2305048290179315,8.082672620954195,363.0,0.1288820301769113,0.5615234375,10.028687427913425,49.304847394479204,156.09273915201834,46.3926456395702,5.709382862757089,3.1211374335208864,8.112966285774391,3963.0,0.02986178173722386,0.15817291580632342,1.887955323375857,10.18745630589096,43.35352073757735,14.802615414940469,1.440345025396095,0.6144512613714382,1.0595979295102147,963.3686010678558,0.05480008591825558,0.421142578125,3.7938012372119605,16.54727361324463,80.21673962400973,28.18957849561047,3.0699696792216264,1.8629253730282191,5.793246868237885,91.0,0.08135201001103977,0.546875,7.45110665217826,24.253607247774987,134.99532690332737,55.98632251048142,4.5549926541895225,2.4856617453365986,8.062053416935692,2232.400000000004,0.134751305303108,0.62255859375,10.713671025492687,36.14952028423986,196.56609918926628,61.54723782011137,8.77315666329452,2.749313357376031,8.085130897182914,4628.0,0.025302479849479836,0.1790796213427839,2.20863395982285,8.112040136183223,57.35341184582912,19.639796116626215,1.7314618824553365,0.6445192584019077,1.078510925242305,1250.5501398759468
Train5.csv,0.0,0.0631671003080906,0.40283203125,3.3122670477911074,17.01645746094904,66.58895183300076,24.431083258915958,2.8332746856607747,1.5181282643300051,5.874761462049795,92.0,0.12070541382647207,0.5432128906250001,6.279468967911039,31.303959051798827,116.25263920051442,38.54005062524987,3.7226116799908433,2.2689931981647593,8.07184756637477,3352.5,0.12616963340256127,0.64697265625,8.797147896037158,55.54325380719658,132.7599416564033,43.87126544455626,5.320123230757386,3.0778398392684556,8.087178017791217,3732.0,0.028787405117175466,0.1620878290025206,1.8736012041947145,11.430258805451851,41.54755205985195,13.70789971977859,1.3101829568920618,0.5539691913812539,0.982304357620917,1267.1533114222752,0.05350247735093218,0.396728515625,4.091726645426155,16.196404050338586,83.18152917860681,27.96517593693175,3.2560225557604268,1.8029623279870686,5.846655012243438,91.0,0.08016017003059288,0.5554199218750001,7.081458734897602,19.851699624682556,143.858716908757,54.7191415512242,4.7324431212320555,2.6538722698828545,8.032417799893189,3695.400000000001,0.13511650735949152,0.57373046875,8.742005578224965,31.25600361477699,198.59359639038504,62.72797733729847,5.964234497332154,2.829882481981641,8.09198391231958,4479.0,0.023810408808119035,0.16641001976918973,1.9898774830569768,6.435610889786657,60.14630517732653,20.372280228973068,1.5906367366600402,0.6659001595073455,1.1052970815727554,1509.922068301457
Train50.csv,1.869247628885927,0.08961666190213191,0.506591796875,3.7599061164381977,5.6706394881554925,278.29536414355755,36.74657689528399,3.4846677597887865,1.5731996311783538,5.6877905929370804,77.0,0.12044248294701519,0.8190917968750002,5.440988717100728,10.299820811355024,920.9567857388764,180.48339750713603,5.585129425284922,2.328489345627036,6.195527841740651,95.7,0.13437368924588391,1.4892578125,6.1773858383919205,20.99756535855373,1845.5179619915066,210.1416094196573,8.080762291894453,2.8320329234840482,8.046114563131688,876.0,0.02472137684117791,0.2727431182831241,1.3022308932638205,3.767357030747687,394.1607641649359,67.87869497147754,1.9412572635089418,0.6005820552098802,0.619681382618568,140.4748086846891,0.0726407805140617,0.54931640625,4.881484779025424,7.372870959772964,343.13137159948667,48.73813142311934,4.4319574507524315,2.0523466305609066,5.618080538044553,64.0,0.10971036965470132,1.0485839843750002,6.567493926835302,15.316795461480766,1214.5304449166365,188.43899615424573,5.965617180554437,2.6307761208339135,6.023625767501697,91.9,0.14926094736752138,1.26953125,7.274176000007444,27.374217927467736,1873.0912346824477,230.4503452170336,7.851872826234261,3.036453528837107,6.854434463911426,93.0,0.028125153480048817,0.2891087559471395,1.343813300324389,5.382450846514662,487.42212228902133,69.34423974127387,2.0133190848396767,0.7328953319278655,0.4109030601556399,15.793559555638495
Train51.csv,1.2758356832078548,0.06848408589201185,0.4150390625,3.134742893438945,13.521167398305723,75.16133488689826,30.581201610951133,2.910956902241967,1.6392798401608526,5.816710684742369,91.0,0.12120400610738562,0.5712890625,5.977338824928232,19.62542690556078,122.05996788670792,63.209650762996276,4.490781379157884,2.26957522496043,6.6272924065705725,787.0,0.12799856646673813,0.7080078125,10.057851109348166,55.98989314025616,331.11132267784285,78.13863065438993,5.767184245035384,2.9154830429490706,7.093347720602408,800.0,0.028921720265806264,0.1549870703852984,1.6993159790271066,9.622027092525684,59.35229400628452,20.19534933679918,1.3941181661825677,0.5391478912545751,0.39489144805600956,304.87006549665955,0.05352979526977816,0.439453125,3.9568992548975337,14.098716057745175,101.75563605099691,41.2191905755805,3.1162339510925188,1.8351320430940081,5.755776005483016,91.0,0.08087358782959887,0.535888671875,6.793009636569241,17.947226484512694,149.2582704337297,60.11758986301742,5.501956852239102,2.5065994216100282,6.445062813411763,776.0,0.1407219234873683,0.59814453125,7.438285797611518,36.643273421388976,195.45015678241953,155.8551409042389,6.003756686850984,2.655797791693669,7.706029690898674,801.0,0.023835258411465436,0.12946556498733472,1.5990036097208253,6.727562085075832,50.5470260996976,30.870925071141606,1.5525035510837915,0.567411486042797,0.4813684771192917,259.03595310303933
Train52.csv,1.3055062804917585,0.1494214254321432,1.0009765625,3.9947960195018437,3.6418409165344308,2633.41327424038,80.47506941842244,3.380129235147039,1.700883560990972,4.883129315019678,53.5,0.25644630214073344,2.1350097656250004,5.104272433474467,7.413298236488759,11599.068778157993,358.0718835348025,4.49159435952966,2.4166179994337114,5.308133082798007,177.40000000000015,0.34898839175831353,3.0029296875,8.144214479000729,24.056587187398623,21562.28024402637,743.9122392550428,6.493159470756067,2.847870087111731,5.718779466170791,354.0,0.07387169150038729,0.6984922154807465,1.0814414506696102,4.443628001631835,5611.080047073406,180.2350473924201,1.283050084813158,0.5788427200319314,0.44926894859089167,66.34143896116137,0.1687204506220487,1.25732421875,3.952192392074567,4.21210782609357,4632.567837902922,110.08142191933209,3.6105513598416863,1.867110501216806,4.864716090059238,53.0,0.24517494832865358,2.2888183593750004,5.4347271627805585,7.919691443717725,10565.747257278595,241.66639588427995,4.980044920553116,2.694728407028021,5.443048876822255,170.30000000000015,0.3371547557922512,3.94287109375,11.497441376528283,43.04352276495936,21580.346348796207,382.1575331059877,6.881826985013703,5.021220170758416,5.833697842824694,355.0,0.06867767186415576,0.7594945380759617,1.6319711953692801,7.22401769904635,5124.853754262809,89.84928208234959,1.6206669437894912,0.8571069009198319,0.5429199881765177,64.55822680679435
Train53.csv,14.123204307138115,0.6080665599316599,5.902099609375,5.4399341518929205,5.669880099660498,60314.42361307646,4122.509810754772,93.54347874791696,11.299568330130443,5.238890415058794,64.0,0.8860710384835572,8.568115234375,9.851570546422348,18.21045578768229,110658.04491721421,10987.928658696357,274.2946719993115,24.749627296983558,5.750423066046347,98.9,1.0601971859432424,16.8701171875,11.95867932125386,32.80486207507803,192713.38219168008,27059.949529544934,744.5961844483332,44.85884575814309,5.9084707263942615,112.0,0.20981876323056198,3.2040288859376704,2.2811615765852795,7.142135847673749,40558.423752677074,5297.191257710982,132.68167092644543,9.777159185521304,0.39317152242911474,21.882119377187852,0.581972137054021,5.792236328125,4.941593868941272,4.660084349049503,54730.95834212737,4325.650869293435,102.02808479918686,16.399514351829364,5.012010600172754,77.5,1.4641853361163073,11.748046875,7.075796309396812,7.323696163938736,342753.6780767137,20741.261649771674,234.0917539861064,61.4698072832658,5.622260390157566,105.9,1.8925096560475014,14.5751953125,9.455542937217803,13.792513323210668,635409.0995909456,28813.73240744397,627.3407128579643,101.06124647189772,5.805202508788753,122.0,0.4199550371586906,3.093586553123731,1.3883244176855039,2.229447296624103,156860.57542372617,7449.1738099329605,127.06248501747416,24.258440404847754,0.4063106704607003,22.662520683939817
Train54.csv,10.384709049366261,0.28663387666521256,3.13720703125,7.630555905022,7.7940280867559935,7018.575523230156,1782.509737972573,23.255728177464214,2.5047538363897734,5.220612788092654,70.5,0.5259193080166972,7.766113281250001,10.325011042602457,21.537946050553174,42025.495334449806,4346.354847044776,95.03684604451581,8.692865898730554,5.465598950196144,100.30000000000001,0.8137347302857322,15.3076171875,12.588256129205167,24.66527150592108,101755.03963255508,9299.239433721248,184.76775376507152,35.37313682437057,5.610881973638213,803.0,0.15227088457052246,3.1762964480620814,2.575583203222979,7.108360721815521,20635.296490108496,1927.9040059230415,40.85130668861183,6.351636109053484,0.32507837556575947,154.87752217478172,0.28328531599023155,3.118896484375,6.125641692607762,5.881573806834409,7370.462529609278,2019.5341524997848,32.37976449568415,2.9402178636313328,5.290828999618648,75.5,0.509677371999795,6.857910156250001,9.978627217397637,16.330198225326676,36754.83195103614,4935.9374461322095,78.5767557078865,6.469098948107792,5.477882710710804,504.0,1.208225141263625,14.2822265625,11.833707988194925,40.37586146211208,274723.59243269725,12515.641496872762,172.36604496229336,60.961115378692675,6.526653627002468,804.0,0.21056686907567973,2.8962632465501446,2.4156052305922215,7.8612900259375245,49548.39224858966,2486.202133313263,39.304538182001664,10.376953227861174,0.4507506947818695,218.60880934545503
Train55.csv,0.0,0.06652174950631948,0.35400390625,2.693359163899681,17.069665015362048,63.91056948493929,22.884521751359117,2.5238225464628856,1.5630185902835154,5.776479730974838,91.0,0.11834284068436796,0.47363281250000006,5.960701785127863,24.30991169072659,101.83527991069394,39.11502397873101,3.9806567482294817,2.083493728381517,8.083939338484056,1952.7000000000035,0.1286403919979132,0.634765625,6.849959444253666,56.89675948626198,145.3156785707236,51.99957014249673,4.704687740161105,2.8359665924813826,8.098263750183538,4780.0,0.02971153974213693,0.15905595135932618,1.5212891172143752,11.583195768243478,43.209082125398034,15.74205160884702,1.306340930932757,0.5699478860002644,1.089981259513674,1220.328642658915,0.05335421384472207,0.408935546875,3.670618889969698,16.18767649055604,90.0237685820806,33.443405269915345,3.1238040603738915,1.8252380585223278,5.641909387063302,91.0,0.08252174566411112,0.5310058593750001,6.839202524276654,22.187494824484006,148.0691618180158,48.84457055179856,4.611303860472767,2.570811982331223,8.015891443809961,2818.600000000001,0.12760044274118798,0.57373046875,7.445911111645797,102.91816899614797,184.8320612925395,64.18403956697445,6.09324878145561,3.2434153715691862,8.101598562696227,4001.0,0.025744351177128595,0.16777557254005632,1.6997462047416707,16.923538041520963,57.56200801235564,19.688339262994187,1.559822478653765,0.7020287949130077,1.1205977414201902,1157.0557935445463
Train56.csv,13.856168931582982,0.32181588794600924,3.64990234375,5.841452174053119,5.4092020182692,11681.965368858433,2770.7234040016874,42.963326922519684,3.5421480578042956,5.062974798369173,68.5,0.47938699906016585,5.296630859375,8.661346428011292,18.75345597075669,32870.97036561016,5926.290185981564,132.88835505967697,6.241749979776606,5.499490830492253,549.0,0.5374581886263904,9.06982421875,12.18447656046945,43.92357449992774,47901.832230941756,8251.86494523786,238.1104461200949,22.095971911614733,5.87653984898971,576.0,0.10831128587785657,1.8597837752481328,2.23938484419195,9.130968465704935,12049.362972768233,2224.609714190617,55.59203989496214,4.721975196848403,0.39970745826758997,214.2248745477518,0.25067969241815224,2.362060546875,5.015492729260645,4.324989089910924,5919.461071052621,1696.0375958281556,34.40455223936288,3.016206354514634,5.340093215142781,80.5,0.44937039300645737,4.420166015625,7.949395246996109,11.707552333690789,29166.018003416422,5176.24448921174,134.44757678815813,7.563960993157036,5.673591681683658,535.8000000000001,0.80254525140236,8.6669921875,10.34217528196982,20.454454355993125,121229.43651168047,10918.392517048162,653.233365444605,36.47808659506351,5.764496868793293,556.0,0.13971477636162757,1.7623921183785531,1.974883415882072,4.2966068220415154,21355.55056352333,2218.6978632033542,114.78892565243159,6.0977127703263685,0.5134451592722236,216.81097532975008
Train57.csv,5.607742886657781,0.19548373928305982,1.861572265625,4.402744012626766,4.1846747091383545,5902.880247380673,270.9923194567358,7.9547179443418035,2.0564541658957123,4.79309493082634,62.5,0.37489424689255235,3.6926269531250004,7.952840999643901,16.12887723785795,23049.225755650856,1171.4612089759119,29.105804964460205,4.74570193327829,5.285251184645222,102.80000000000003,0.7091628866640322,11.71875,12.55957503295002,33.27520862002402,95220.4048049105,1778.85309292976,146.18496495299925,13.814772284775827,5.710240468408072,221.0,0.13121827928035826,2.08134231633817,2.045512271576713,7.576253412466383,17972.114799841613,445.3763708078523,24.975223822775206,2.3294882659443172,0.5080580918674834,46.10907584196413,0.2154522222802531,2.081298828125,4.218189285935123,3.9645682105768545,7553.539444576473,419.56912483389726,8.610853743262254,2.4385467850498594,4.662390554433128,62.0,0.4598653613703259,3.87451171875,6.979409524502235,10.955002207830411,38207.86246137835,1093.049979880723,27.90441275544515,6.05773585093624,5.222797327889242,90.9,0.520538443689311,6.43310546875,8.913136199795295,21.75990573972393,45977.55458798009,2024.7669038192996,126.65598298079128,17.68712138665698,5.456791628294011,105.0,0.11118264486258275,1.340940264499191,1.409147604138337,3.998046726885221,12863.481140838092,447.2730358069758,21.53196706232867,3.20375652125126,0.5105694317105016,16.540167727006278
Train58.csv,9.405579338997441,0.20267751855409571,1.52587890625,4.72535846438947,3.959204928963684,3442.707618913616,657.4818707701797,9.54016355547169,2.138067535431263,5.139778927198469,48.0,0.37241882467797677,3.726806640625001,6.432666433524181,13.990731307698905,19307.191863420183,1992.8006508466995,36.903978130663894,5.783564906798339,5.748199480828896,326.70000000000056,0.4340991605762414,8.09326171875,10.263936931680528,29.802680569453234,34466.83411385703,3183.30030648655,65.278089506681,26.819685705735452,5.901008280902462,524.0,0.08929582804652994,1.5305666441787324,1.6701891309906007,5.552386654149832,8504.78930775526,805.3865013126336,14.635978864660473,4.618977566666028,0.73863428790491,118.77493159332907,0.1667109593927829,1.385498046875,4.3420793223362555,3.409421912625377,2771.628244495817,573.2433562716856,9.626279791938515,2.5611412465742136,5.266512518134087,47.0,0.5659182725937092,6.796875000000008,6.456114299871131,10.906716808874465,60958.697077908226,1374.2140853955002,42.23169613875017,9.246900574819021,5.711501927111527,100.00000000000004,0.8950450704190892,8.447265625,8.442490390398973,14.923350533375185,154250.73771532046,1702.7955258310642,76.86568216972042,24.62085123137004,5.8067965594734785,524.0,0.19639363070532617,2.275984833860348,1.3350296687133587,3.419226965366992,35062.03103229367,429.8140935010152,17.33595495962479,5.946503831378686,0.6989291106352318,107.56909116935032
Train59.csv,5.162683927399227,0.19434421864267398,1.91650390625,4.955190946225126,5.474740946381035,5321.417973687436,275.3064876800292,6.825537987619752,2.1931915455267585,5.040417602631647,48.5,0.41537588424065575,6.259765625,9.412699521057064,23.664007084584398,22015.490238164177,1204.0619934767685,19.563744100973118,5.405500697970813,5.379008317626703,100.0,0.5887225022343462,8.11767578125,13.605343683785122,69.08439757649795,62756.34420341719,9131.515668003867,27.23630648766559,7.427634854110741,6.883182833580837,350.0,0.13947749918910757,2.2376865889808815,2.6522938068586126,13.996238974582424,16701.10346054923,1645.3185076292175,6.409257859994264,1.663548856639339,0.48744110125026274,61.20964869814235,0.18766092619579894,2.362060546875,5.643528685114335,7.206882830854821,5366.520463731319,323.73432502417495,10.239149308473543,2.6297787979226506,5.069230958025295,49.0,0.36154007017619283,5.009765625000001,9.646529409833308,26.88144179972318,24818.29116698167,1425.98884192386,18.3605284300907,4.298783603909866,5.409518359161399,102.0,0.44821863382658855,7.2998046875,14.847117249576046,78.78093276396375,35816.21363426382,3982.7080272243556,23.37061301886263,8.49566590784904,5.709301060008318,213.0,0.10158380865368515,1.6986425014612965,2.8242127163758015,15.599446935592502,9411.880468332247,808.8481907522998,5.918421736948662,1.5639692727744432,0.5154153133035916,37.17241027882776
Train6.csv,5.459389900238262,0.26430245599511404,2.83203125,4.575093107331293,4.832211278702379,11671.385685275014,577.0909296021684,10.761669365995113,2.9319062620133858,4.7712451517254,60.0,0.4435503094271906,4.0478515625,8.249362631471255,15.917276487687246,33302.319729823714,1541.8020859082792,32.16418442247479,5.901488302024075,5.313085864894061,101.60000000000001,0.515921088661813,5.92041015625,12.324902816438826,39.018667221672004,47442.134531694486,3833.0194694110482,633.8626143147874,97.47482307270327,5.845030224727667,220.0,0.11591505293210713,1.2613799943024542,2.00170356854236,7.222725194470836,12628.38351845807,888.8542389979415,108.94610221217121,16.47981714293212,0.446023611288021,32.34770507219175,0.3204602759990756,2.7099609375,4.567532839872312,4.272664071279278,17834.241359350774,700.7943481154152,13.113688936362257,3.297826908324774,4.882935994380053,62.0,0.5035606598371051,6.175537109375002,7.217413894967907,12.75410162263077,45664.878439033346,2024.0839982673194,35.7083732765679,9.09059166278108,5.524515890100058,105.0,0.811859694682419,10.41259765625,12.18190213360627,37.900007573803705,106737.23017818626,8175.92887000533,274.2394976837451,11.57581358521645,5.680055305554751,208.0,0.14720948280175183,1.997577978992136,1.9399487986020394,7.846254523478902,22391.721337773062,1549.831644561751,51.28262656842001,2.7246190043896035,0.44123758036123306,31.59186443433657
Train60.csv,9.55393232541696,0.25228096641021613,2.01416015625,5.059202172935909,3.9203219070801514,4360.5893532549035,1371.8333001485937,16.952733548968176,2.4076856726616827,5.295597112325874,75.0,0.4438061852301409,7.189941406250001,8.732155715100866,17.247628425441434,34646.63430219478,3607.4505739500974,60.35758108459932,9.830017209004758,5.574232131538754,560.6,0.7156405984436232,7.763671875,11.941011265835495,26.300043824490455,81424.51756926524,10712.09860976473,313.14857818451685,40.64122824474409,5.714362466092187,799.0,0.1492104120268839,2.3069194605282615,2.4715062401745627,6.916657836774353,19156.614913106932,2098.9810127900587,57.2879038039466,8.21418712599773,0.44774604324619266,218.23875078397512,0.24058896966743742,2.5390625,5.648758393218198,4.641517796194421,4898.0559405426275,1496.550385875245,21.473053537949976,2.6877039472030138,5.18803925590463,72.5,0.6508141275809189,10.659179687500007,9.60417062977639,21.14159553310797,81265.48530516934,6021.421145296476,44.27736114650698,14.046948773251657,5.630637284030032,482.40000000000026,1.532731293404381,19.37255859375,12.092922176109113,27.00398837114945,417342.8449461129,16151.319643822691,386.35780705133664,104.45927385873463,5.840635176503017,801.0,0.35040953888367105,4.681766438196118,2.4136326705969333,7.284272342166147,101909.17082489663,3349.52166847107,83.90607058681938,24.004120836061233,0.4987046428212206,188.96723581334808
Train61.csv,7.684684696531033,0.16953297163275616,1.116943359375,3.8351159782681474,2.9197684458823394,2019.3466126443082,709.329912103598,5.850080507455802,1.7149655631267002,5.320906211737158,85.5,0.3442922412945057,4.171142578125003,8.820007798423768,19.192232852515247,21616.277062207144,1570.3048449652317,18.22193092708726,3.5143960877786458,5.773062256192759,799.3000000000001,0.5699347329209016,10.72998046875,11.546015956298072,34.22053568097002,58181.02246504646,2194.030784699084,46.205409123547106,10.607808691870758,5.866687643178092,815.0,0.11773121964631132,2.551144928832595,2.558037127001554,8.785739272878219,14410.257040293942,545.0002735943527,10.276431826944242,2.232306701970475,0.6764177336866937,360.1445008929575,0.1614166629158223,1.23291015625,3.9850811173387983,3.230951160516832,1647.4672332142522,633.6702238616556,6.18212910860993,1.7186442316236468,5.308412696653752,65.5,0.232449542036513,3.139648437500002,7.768968998128911,16.23344743015845,8709.634929658334,1407.1606094668168,17.3992293676698,3.1905301334478433,5.89950151143491,791.0,0.8594463058712972,12.70751953125,10.059546814337864,26.638831773640955,141767.12495886732,3081.3537039427197,56.43462253385202,21.48496552146804,6.292866164771084,815.0,0.16191148501874583,2.8215687792354625,1.9229469223169744,6.1382703466444015,28718.6137797051,609.1796800264376,11.625825104481086,3.6834299972446547,0.6012363165722403,344.4572723865763
Train62.csv,13.26275698590491,0.3403604559402118,3.204345703125,4.994130256241851,4.105564221032247,11029.362973638557,3279.2797744086197,57.14068350254938,3.861121373956623,5.150668523550518,78.0,1.2025718938024104,12.528076171875007,7.024745362379447,9.309762324159534,262726.8283020814,6607.498670327303,188.57064757008652,32.31108520923603,5.922770409424659,533.9,1.7899372552618258,17.236328125,9.963565769839144,16.123760451946843,588906.5693212764,15905.59513568064,552.5085432514015,76.11718331758166,7.180071166733593,576.0,0.40291912239056416,4.450522664184893,1.7456606926264522,3.1434967751047362,135738.11604965126,3290.4490510794076,113.4172685768651,15.883465366039148,0.7320147250701544,217.30177748927872,0.34583004495425906,3.52783203125,5.348055294391111,4.93935733110032,12676.90465822238,1871.5670081185258,51.79549554446349,3.298395903469803,5.218159641699565,63.0,0.7331120917634267,8.585205078125,8.049538289059676,15.338059465572698,81173.67771373426,7944.710173059215,201.6272681076365,25.077243580421996,5.602415811054457,503.5,1.2613243218745893,18.68896484375,12.481147427409375,24.714790603346046,284558.9547849397,10323.516790864553,328.4208484209297,67.08310868040152,7.0420601017949265,531.0,0.2731754588802739,3.873013101863099,2.2044695829288545,5.963678894546174,61756.3072112826,2873.638355036197,77.58319407358027,13.81181666830644,0.5549875472785376,162.1975761561729
Train63.csv,10.740756216773104,0.26669747233364927,2.03857421875,4.266666233584683,3.6466360395361885,4989.019341968715,2135.6343879473334,17.076168797755066,2.3470315893253417,4.924341608159937,73.0,0.4328225785401257,4.644775390625002,7.386900339093672,9.563409902240299,30228.08059406794,4558.423422549036,82.50319925708703,7.460952161913401,5.75821229839281,468.2000000000001,0.7773026594487018,10.44921875,10.41746480173767,25.321619516907656,99796.13521092536,7446.477198819766,204.48522037225095,17.017081651584096,7.217146320443986,476.0,0.15216705898223098,2.1480776406855586,1.72769045987439,4.525456458969259,23342.82684033157,1819.185594063395,45.55309425955938,3.306864618728729,0.6213580276753895,157.82335049332053,0.23076495449596302,2.1240234375,4.380391064993145,3.23028530718405,4910.577245167039,1758.8122856657187,18.246779846432396,2.35918198188769,5.076597295869247,69.5,0.42874355169599443,3.6218261718750004,6.331625318126438,8.701934229588106,22344.49012507494,3698.7748342851014,81.53165050732787,5.915508121829921,5.63389571977676,616.4000000000001,0.5407791860475477,5.078125,8.921306431165007,27.092644070089325,47306.6719372086,9890.967115357187,164.30138536661488,34.88539560892464,6.141549884926935,954.0,0.10755863968526337,1.1432111827471154,1.4682463901877192,4.866352943842344,10684.214339647977,1898.1925294042662,35.743363377604446,7.516664897009027,0.3911370523800881,260.40267608251935
Train64.csv,2.7000243528352277,0.09234810699997514,0.54931640625,4.1479008427276955,6.906350041217598,399.83847273852075,49.70194423290937,4.363958153673728,1.6380705359423946,5.666932030085642,76.5,0.1262861000098613,1.123046875,8.553894706983298,25.817025998890486,1125.9106064782777,185.80114476415534,6.084132378596808,2.2686815005133876,5.981401685888968,91.0,0.16526494566294603,3.40576171875,12.594945942270815,42.929852515326694,4299.658156994095,308.9307131630082,8.651325698977232,2.785656289101483,6.110006061136813,97.0,0.027703301586156564,0.6911800910055101,2.6096019038147724,9.889764625589196,930.6634436150667,83.3297604497121,1.727968753489129,0.56138868954237,0.4485891838546439,13.518361355948434,0.08904062531243873,0.640869140625,5.04309327763832,7.07684071224664,722.5037481301081,56.24487435054748,3.864921966812909,1.9079070582692363,5.507801916315046,74.5,0.1217787890433386,1.2939453125000002,7.075386321878314,13.881866608846696,1488.8593246232742,211.3653900200349,6.594517802993935,2.5719466251066163,5.902694712935142,94.0,0.15736496798390304,1.77001953125,8.234672473161432,29.20563943523577,2967.310774190188,470.59415491225974,8.082645267182482,3.314694186660182,7.744213206719973,507.0,0.028244224149122726,0.35581454550541936,1.462722501098767,5.592279180805722,683.5497122342059,107.97581365483049,2.084796083385599,0.7242155298564243,0.6953716941246574,84.45403705566714
Train65.csv,12.877039221214163,0.2505143151854799,1.9287109375,4.711580775443673,3.8529377580083946,5302.704109382959,1705.9735180283046,23.48018601684212,2.7004455739551423,5.235491707769291,61.0,0.5612717660082451,8.115234375000002,8.097680376153056,13.158169762743434,47235.30634422665,4383.311200501389,75.23423371982919,11.23476436622945,5.653975752434035,101.80000000000001,0.6550003824524091,9.50927734375,11.345189012305287,18.404739422588218,73116.3125666687,8015.328448228856,134.2690570950348,14.69155881864491,5.885688779335242,420.0,0.15694473497394779,2.6720298263781097,1.9210149381575545,4.617999683994046,19744.927572775778,1891.6194806948433,31.51206086776005,3.6875305774628595,0.4069208225816185,83.30820389335915,0.24603462445149507,1.8310546875,4.181529635369822,3.4725489869214634,5000.134326881602,1843.877821168622,20.124539966316995,3.0773478574840043,5.158693659348613,65.5,0.6138913247765759,8.947753906250004,7.708263669812873,13.84048505414513,57204.68368903869,5752.027756083945,98.72240924883342,9.908096060803338,5.60791147285554,387.90000000000003,0.8598911296054249,14.90478515625,10.15015394769219,24.330971070355833,103905.89061648626,13772.078456752422,208.7505394470426,13.827096886216117,6.03271288219082,480.0,0.19056402956405502,3.3555809893934696,1.8023776720376898,5.438022512245469,26797.59403245498,2843.8990379786746,46.310286197658414,3.357609331247384,0.30269049343082627,123.4156428433507
Train66.csv,12.93638041578197,0.372077017751462,3.5888671875,5.360049943872596,5.757730201390638,19746.597268996735,1249.9406691225763,25.98852630480421,3.968160637585378,4.995560876795439,63.0,0.448842751584304,6.534423828125002,9.390776751978317,14.681996954099809,31862.204628625845,3349.9720097261916,101.71365049606192,7.439626782284102,5.39206726998049,103.50000000000001,0.5733145646994098,8.43505859375,11.269337347456444,33.46560549787435,58008.719980976326,5717.7749239979785,170.66645055613333,13.34847830237778,5.952157167770315,110.0,0.1103305022658686,2.0134568792814567,2.2750260248109497,6.354509671673569,12424.723333097452,1269.7190060262121,42.335925672594065,2.8716775274097417,0.4780918639364344,20.111966858999644,0.3727064495635066,3.765869140625,5.658239709108617,5.586849594059579,22787.318809943354,1155.3237408439777,31.432648326221646,5.388846029051061,4.682157303626328,62.5,0.7550257905381236,9.957275390625005,10.322401223509077,27.99780135081173,102147.98448332104,5251.2074677782175,117.55605641274745,20.23992987980931,5.26982139065496,97.80000000000003,1.1735037674459405,21.58203125,11.245500369061284,35.48542669011882,254122.59061331255,6445.543853213865,204.24062574692047,33.96988062650057,5.583350535830299,106.0,0.24066241421298362,4.876324873634595,2.4877807292704026,9.844154077344667,59732.90945061912,1755.2091875728065,50.58016608405987,7.958432512187583,0.4790800364827057,16.356860181587418
Train67.csv,9.375908741713538,0.19544565940430653,1.69677734375,4.63233697834427,3.7927649413556015,3024.0155409334075,822.9548473412963,9.302040123792803,2.121669557596267,5.217321765481696,46.0,0.32703591390462017,3.593750000000001,7.118025609262039,13.003484906257073,16187.403592510816,1454.1654531258957,27.24263434023958,9.294389737289206,5.755329600426088,345.9,0.7968221908723283,9.619140625,9.78958564085747,21.954465408104962,121284.51013173164,3459.621824413563,55.974033222074404,21.29864549781977,6.707359720565482,351.0,0.1407287514761363,1.835530215599963,1.6071342608410244,4.43286965909982,23609.585165305085,652.567418494896,12.398060048972622,4.405290958227622,0.7640155505047623,109.88846884881734,0.17956202883225614,1.69677734375,5.002536109580465,4.8465254768777495,3197.9382113685797,529.9571181103933,8.875645483457133,2.615120774523654,5.363976123195363,47.0,0.2973532572591581,4.035644531250001,7.6651700450316715,9.443629110796646,13389.292503336024,1415.3301331736398,34.11310635356243,5.945353192363956,5.834131754287716,56.60000000000001,0.7445473848337828,6.7138671875,10.667823021144027,12.01637379427001,105076.60831495702,1944.898237329594,59.18098548431951,18.359634354923298,6.030764446829693,98.0,0.14789978518835242,1.4246087936429468,1.5825271797832543,2.408264836405596,23617.384445706084,442.0451360657538,12.388870274361533,4.027127245962919,0.8109220849253612,13.514893405055032
Train68.csv,9.909979492823803,0.46048259880579157,5.74951171875,5.760689773724579,7.484190350852513,34656.17228103876,1335.634896667639,51.97289420749904,9.06679203047408,4.634471067678963,61.5,0.8218109643891156,8.201904296875002,8.661279912907771,17.546456891179407,128184.22488353602,3872.974373779628,305.9599334035266,37.02409404088854,5.123395501177259,77.80000000000001,0.9711113882879763,16.54052734375,10.309843160813697,32.28008894398681,166378.7365330125,6140.026512434466,1252.8393929915148,112.6348941384314,5.808862786914682,111.0,0.21985388876299009,3.0174975621709574,1.987143278985858,7.183267013676011,44807.920255552635,1499.9418124205263,230.68673152286112,25.3425719478087,0.525440895256741,13.213984069916235,0.4318657044127527,4.6630859375,6.301774058434826,6.43628816140842,31789.180962206483,1496.012664914345,43.19992313921674,8.39576072605518,4.651509582396802,58.5,0.7825884612173997,9.824218750000002,9.504804673740757,21.020763553487157,108559.29935594072,3433.4100262220954,605.1599727235745,59.40981674442972,5.147420341836913,66.9,0.9028230525344499,13.720703125,14.545112972694183,42.17572727093701,154083.86402860517,6135.350870471272,1085.014652938985,290.5088707688558,5.455074324364659,78.0,0.18205573432775207,2.802794061043516,2.317548919094069,9.234125648864822,35933.96957512412,1338.4134369866076,264.13938900712327,58.20072121253202,0.42334007586154565,6.791251265414938
Train69.csv,0.0890117918517108,0.06204306665352302,0.390625,2.450596952377188,16.175387392899967,60.43584242411849,22.637656865021142,2.612076281983211,1.3241589158480869,5.938217149739028,91.0,0.12089832645422832,0.47363281250000006,5.883768486816219,33.38124318788248,118.31938612252696,38.776438545826515,3.8131619917420116,2.1029288732983997,8.062036038764992,527.0000000000003,0.12616963340256127,0.5615234375,10.801154131915263,55.6873584997174,127.78476152115756,44.80973698175512,5.072394589263671,2.5386186399474746,8.084481036469544,3364.0,0.02924646342155953,0.16360337794586202,2.1913734037669412,11.710433524566167,43.670118020904376,15.169396721343823,1.3217052831135696,0.5833543091595705,1.0760459279105683,594.461990873891,0.05057258870964131,0.390625,3.724533983261256,15.810759030356365,80.53245155959155,28.44201918158842,3.5131153147574294,1.7576576230319696,5.828417174330905,91.0,0.0744689024563773,0.499267578125,6.799728552154831,20.85634626211462,143.25547130126543,54.830720508628225,4.816130161315158,2.492196455800038,8.074589451945666,3264.9,0.13558676624621802,0.5859375,10.146648137274067,29.99233439300285,206.19833746675494,62.21052773150493,5.475490775466366,2.951541205039944,8.098370366650453,4480.0,0.026337619552656295,0.17986247041374315,2.041136098500636,7.458202704833674,60.96683986402137,20.776195152428173,1.6711686598142088,0.6802824587710613,1.145099032004314,1357.3513094068305
Train7.csv,18.1287349404651,0.37658447365792375,3.875732421875,6.517443267958365,8.107214115600872,6665.9348133777,4944.7100866658275,79.44759413797503,8.873253892205167,5.53853436697961,60.5,0.6803041906372281,10.895996093750002,10.87196892235296,26.183977629770887,75102.64470077968,13021.067065212694,279.8968689489205,22.989559612199074,5.867736693074508,672.7,1.2973584916927667,26.62353515625,16.17667323206259,52.00681382356582,252359.95051792602,26686.929789102265,566.2315717547609,44.06689055883457,6.123992585052855,914.0,0.25103117949086645,5.732936413627415,3.2247175606442364,11.699624006007022,54158.72284306753,5524.251896531359,118.39678273120039,9.096739583652646,0.5468338466262498,286.7581665685391,0.38530724556751955,3.912353515625,6.04714025016111,5.999169024851199,9316.965637656514,5731.152190673083,85.28056702106707,8.258906364987453,5.322988059123025,54.5,0.8879777945209629,15.850830078125005,10.298214268141932,25.273578794507902,132535.69501118662,12137.965708539585,292.0166397473101,37.76354952897171,5.812478467216954,670.0,1.2483790676397881,23.095703125,13.4781074953177,68.30137360129491,251522.04892830885,19208.041887489293,423.8958211315443,47.7005059609038,5.959324457093861,682.0,0.2574058528095073,5.87789053871413,2.977934836682532,12.990955790622454,58969.32533570902,4500.622101903321,108.33405196523978,12.296666878834221,0.5255134075872491,271.8920325124478
Train70.csv,4.895648551844094,0.18715595759843073,1.64794921875,5.165175161029444,5.253261426880522,5618.038298710283,285.6738976339483,6.840977627398827,1.8179293234207226,5.233960842811772,53.5,0.364634621467301,3.88671875,9.040357708575353,20.398812302873612,20675.45743339456,1161.8361540840706,10.99790740383914,3.0117194718090508,5.779934509790421,102.9,0.6612429956667318,10.04638671875,12.046588918345222,43.16268626763475,85959.23199296389,2300.791854401098,42.84429732029292,8.096508449761462,7.620411317831816,180.0,0.12544046465010006,2.126027366351389,2.4556938848259993,9.177715206462777,15719.758817896112,559.7812820605242,7.51667549657283,1.5092838581482952,0.688719950552084,32.00511128612897,0.19938794494350098,2.0751953125,5.4496095090168595,5.003718879477381,6492.886324445077,286.6923437766394,8.501770689463624,2.0699974472900626,5.0180090902509615,53.5,0.3215320211704944,5.046386718750003,10.298624988442665,26.15395571535902,17544.107812763934,1787.57387498233,14.513729899696546,4.630082699597022,5.598795661877352,109.4,0.34708900465726195,7.1044921875,16.807118360408396,80.76596499215741,19025.456403018386,2581.193970452623,32.16693957221913,6.632726828308077,6.0154318631485095,223.0,0.08348740199435867,1.597056575865706,3.4349450755576143,15.509567986569309,6002.7643613156415,684.3286129765031,5.80408726276278,1.4269271525563565,0.5338329851336299,40.153988263153884
Train71.csv,5.400048705670455,0.2820256752032593,1.983642578125,4.323597146526347,3.982314892196362,11868.667488494128,512.0871328140672,13.26486877508665,2.7933148202764495,4.987945450650888,67.0,0.4006169519944861,4.631347656250002,8.436618222088516,18.338750121179814,24006.53017883686,982.7629441304672,77.41207061619592,7.909257910148851,5.602038306494074,104.9,0.45235617954919755,6.33544921875,9.345139230585236,28.9985395584144,38379.93201197166,1350.8686005564048,1088.9749977196886,124.48021129461473,5.941118386645327,207.0,0.09233155535986518,1.3310029249978652,1.749739510010959,6.8652624259162245,9087.428379589002,326.1500354553242,187.9525599679767,21.176264531660735,0.5284085947781052,32.48070340602248,0.29693551099891413,2.23388671875,4.594917252343454,3.608008725541857,15170.448827734323,597.4939837925249,12.398179978124801,2.785308471566551,5.087203133457048,66.5,0.42845610184299193,4.766845703125001,7.9970476423837304,13.319037641013697,30942.543125040396,1792.1352745694494,57.25357012692803,9.38440127685608,5.391804752591014,104.80000000000001,0.5640790683289046,10.791015625,11.31805397896353,38.556892195914486,61641.09919457199,3693.2266029522643,444.9845755649204,11.58216821233764,6.029898170045333,111.0,0.10594156348868096,1.8591000995232874,1.867998633306204,7.662008937434672,12837.975402274351,713.8162607191751,79.89351678404383,2.8665749696772362,0.5106469012824949,22.313025203902765
Train72.csv,18.158405537749005,0.6490913538048662,6.28662109375,5.125601265898325,4.496751944557389,49727.89141016458,11760.425611445486,220.22545849402343,8.668744322778403,5.6027319464759815,72.0,1.0798221702189659,10.150146484375002,6.501170935490967,7.206318566691511,164820.17069606826,29287.35053167988,500.0631347374353,36.45826889745962,6.035880285098776,358.3000000000003,1.3219181432514753,12.39013671875,8.447574334391573,15.55076047268018,224266.99548403273,40074.61225096776,1004.9902627732038,51.61376797298255,6.232365835292463,666.0,0.26068782960445536,2.4160314586786673,1.0784108735419058,2.419604244108423,55395.66040053654,9485.42212969991,220.19452559066107,13.078380646842618,0.2997962645194543,169.4202170962412,0.7338779312971937,7.9833984375,4.725117349593866,4.156219966840929,66642.07458879231,12137.558798960335,209.92883701009072,13.495228628599612,5.112629655463944,71.5,1.320463671997393,11.37451171875,6.426709694816147,7.623491664758265,278203.2660747279,29628.320599179955,1519.8946817084961,48.2992655770576,6.083737494681116,100.0,1.660029844071798,13.02490234375,8.261818407018724,14.178038159155124,516635.6836982679,45669.593731738816,2033.176912268843,101.14824213605566,6.264083992862107,760.0,0.3697656676254745,2.8277467255609827,1.283387325084573,2.2110510153572016,126937.93367537118,9554.530956131786,576.2559966205278,22.689494197837337,0.7866553624620771,128.76316301037926
Train73.csv,9.286896949861827,0.20830528642623614,1.806640625,4.699747389416524,5.0547775956745635,3757.097187051468,777.2046039817973,10.58452228634296,2.0068812219733285,4.849850520003538,47.0,0.3558414452215828,3.9416503906250004,7.925166126990716,12.881778419574315,19226.075531759885,2033.0329348334085,38.80116376315107,6.992836473198021,5.8512792077100055,97.20000000000002,0.5812756542984231,5.70068359375,11.523107075483995,21.641431553872827,61059.410694410464,2675.0244869259473,64.37735606055791,27.100877771755442,5.9135688006169564,349.0,0.10573031730778988,1.3135849520656206,2.0100340902540967,4.351207629283157,12025.895556338555,763.3861979358952,14.62840999643401,5.379885773791341,0.7891442538411048,87.5317799430584,0.165762984804047,1.5380859375,5.143803108983176,4.50183259372753,2892.9359039468327,447.9906591441071,8.250885089336672,2.43127765825222,5.421899521660714,48.0,0.3227360021489433,5.7434082031250036,6.846593396981333,9.543496999457334,18367.67309346311,1827.5345773020997,32.61323092167328,7.065746014071875,5.718074075846471,81.0,1.025736447101808,9.85107421875,10.754827416460333,21.129915653090762,201667.5564963543,2582.92077419346,75.3842079575025,21.318699100180755,5.801891849688257,98.0,0.20951546048846076,2.1464500866525515,1.4735487085355092,3.6782783888977706,43468.57811806392,698.2091344735818,15.849683501345565,4.517922363800187,0.6975914015085943,14.848716274479758
Train74.csv,12.402309664671705,0.4252929242515498,4.522705078125,5.973943015297114,6.037374967364195,23307.772282500606,2903.9270693397784,51.71629244530604,6.815805498654594,5.12143215692252,61.5,0.7888409211999508,13.178710937500002,10.213692891135253,26.6673853041432,97015.18180853227,6271.203710876408,182.3977733869062,17.9084560674777,5.767327848238522,96.4,1.403186194395933,24.40185546875,13.22175802122562,41.742586680412245,342835.7921699394,16252.584050582429,293.69916246190303,24.292164347381522,6.056878354784687,103.0,0.28090485447421554,5.555276333988665,2.528290199029097,10.26908467661964,65633.3109863356,3695.93542312902,74.56173141478821,6.982484071966199,0.5934805202179247,14.88100587788003,0.4106784199362195,6.3232421875,6.822652092762656,7.61174008978227,28439.754411192684,1958.7232654443726,67.87848072704912,8.307158482781306,4.913985044152277,59.5,0.9145456211429787,13.033447265625004,10.411329952506074,32.98351002227082,129570.42114466593,11697.296498152482,182.5018346166491,24.40344218141568,5.668934109453969,83.9,1.376579298854344,23.583984375,16.54885956109636,54.87883050122727,346343.1790458792,13862.234226980021,258.661925810171,45.587020252525505,5.987186739818013,109.0,0.2804048202356443,5.223200941868867,2.8887793035948404,13.203020253112099,71305.05094997628,3917.8494906182787,65.49895780510658,10.231233005513948,0.5192459949767831,15.316676726284328
Train75.csv,0.0,0.06755555914596317,0.372314453125,2.8434684067329856,16.556280224579268,68.88466229688626,25.172785842884508,2.7201879016004202,1.6747856374764107,5.717128432427446,91.0,0.1194599618385013,0.5310058593750001,6.1247151471343,19.378033502236953,108.23928700561864,43.96535241170168,4.08439468601268,2.2618157145564717,8.088979286355583,3355.0,0.12855394945654353,0.59814453125,9.454734623601082,20.813372926221593,129.15644724770289,52.290746194104564,4.680626985211831,2.959651172086143,8.098880578174635,4662.0,0.028537325285629946,0.16793292170811142,2.102248135106005,6.342352126130796,43.22347915344475,16.1888906507134,1.317216499613905,0.5892329172388356,1.1134881276579642,1391.3635984479174,0.05331626329049574,0.42724609375,4.585654645918179,16.930697115619168,98.62674772974292,34.47624931665335,3.4157609216658584,1.8252637557053508,5.811714513888961,92.0,0.07451845989035469,0.535888671875,7.317122986579209,24.945253629027793,137.9827688620827,49.139554051180845,4.3522284808635865,2.730119285662797,8.017361449537905,2258.4000000000046,0.1347985158395706,0.5615234375,7.842575267432556,33.89877655199965,188.55732460631816,57.66366005443681,6.876995636382979,3.0551113767455527,8.089974235940165,4059.0,0.02326396522387689,0.15598660486046667,2.0463784072156654,7.6236576677069285,51.83457283340941,18.00883053972034,1.4527088641801278,0.691224726334968,0.9533115942057377,1040.030180977336
Train76.csv,5.6374134839416845,0.24823941177940806,2.117919921875,4.281752661833345,4.87217797391283,9516.56390526286,331.786552697708,7.653810920965931,2.666025141888295,4.678829376456596,63.0,0.3711242160345213,3.8269042968750004,7.632856568360446,13.356221427767794,23664.904527766896,1100.4690247834983,22.91131386361802,4.745137957647386,5.354984682348703,101.0,0.4815805334270642,6.0302734375,10.67514849099334,29.621766534511522,42347.943110689666,2942.768550091738,26.753941022788457,8.842197200665913,5.775930392489287,212.0,0.1073897930757285,1.4209068845386392,1.8236486978793371,5.5880458237554125,10555.534101640018,563.7666229509312,7.110104839672175,1.6364977081066414,0.5493973653662871,31.176021810639984,0.24727089039012198,2.154541015625,4.423835848778019,4.086297307562933,10256.817578095966,451.9937653466033,8.7206545624687,2.5576610287854216,4.704333397287911,64.5,0.5276986926906901,4.495849609375,7.142461751279353,11.64432470119694,49162.79585488789,1940.753831204604,23.505440627906502,10.725833969807296,5.2869766699941625,94.60000000000001,0.5862731099606469,9.65576171875,9.174676046946036,33.629521971144776,64775.61800869781,3679.9712120089343,39.16069576722511,13.534819891005382,5.631816061177273,109.0,0.14030315480506425,1.8652869121657136,1.4890853749986073,6.4263935227917415,17865.49407686051,894.077805911787,8.336640306702414,3.6254849964345186,0.47988457200872325,19.47715007386861
Train77.csv,4.420918995301637,0.1352731621379003,1.055908203125,4.759614290473482,5.185863498776812,1471.1771281374074,165.46162554288293,4.68077494989791,1.754654329982086,5.425291709524524,65.5,0.19133104586971514,3.05908203125,9.889804732420936,26.983379864852676,4260.467495629824,783.8930831535382,19.199817441120697,2.4272102728339946,6.007268758929868,151.30000000000015,0.2858478572388148,5.2978515625,13.329911011727424,59.093733207807595,11605.138250533084,1313.1875357968836,53.99370581704381,4.011204364479888,6.064657563026012,921.0,0.04736531251452706,1.1407633882828079,2.864710901743057,12.231886664465069,2244.9542289940186,337.6970098110808,10.943831941302104,0.7725131578385221,0.5115717625443359,199.34803648001528,0.10220461295139802,0.86669921875,4.886420747167662,5.387526291503173,952.9291804930865,139.81446527105032,5.75596610520315,2.252359142320962,5.32252565344699,68.0,0.1755831510318799,2.06787109375,7.23815011525917,11.90878832141694,3214.1236026254765,848.2051996272525,13.422700884640985,2.9700625674059506,5.851680374584815,89.60000000000001,0.27477523005978033,4.79736328125,10.30671960272351,22.577210299435126,11877.096699396216,1280.684692189248,24.326796807462753,3.4460919773245995,6.013490217087955,921.0,0.05173514515904475,0.9675244732634718,1.7741220119811245,4.905349583705536,2381.689739775225,340.5694513713174,5.319137727224678,0.8443069809488163,0.48884778281842595,151.66363893498007
Train78.csv,0.0,0.06694056356669444,0.323486328125,2.572478294559126,17.305684861971343,56.60239084780417,19.457093920649594,2.626939280429343,1.4041626723060554,5.961701021625364,91.0,0.11765840354001564,0.462646484375,6.012145564579876,21.655697123356017,92.21203408585768,36.41770247892718,3.654462649465317,2.10313463832,8.0833323679798,3355.8,0.12767679392351902,0.57373046875,9.567691686680778,75.94839448358262,114.83546055945259,39.81409841699496,4.754555956359984,2.3914897111623707,8.111803319062275,4942.0,0.0303431558164267,0.16770617065802415,1.863206092535286,13.465810656175908,41.30913415239249,14.5538150612945,1.294482361948465,0.5360011612926717,1.1493891430793963,1385.583325658818,0.05158410079050006,0.396728515625,3.741360377949707,16.448888986111612,72.09926334296577,23.696858547448134,2.5905442366637823,1.539078743294255,6.101986621602014,91.5,0.08258159749129504,0.499267578125,7.417443485506865,30.74480242261304,138.01084742013168,47.479063684930566,4.50470764152342,2.5793534653773795,8.071928097207875,2418.200000000001,0.12727116581497727,0.5615234375,8.124279127583836,72.17218784075702,190.78301340546497,59.15835404743174,5.064045040006481,2.673614160603936,8.097920473409749,3655.0,0.02549812811232768,0.17780540888676138,2.1136295267100405,15.779663982493405,57.778688172302616,19.66585413126125,1.4971105232539696,0.6886361249862277,1.118220161369641,998.7202939692061
Train79.csv,9.346238144429634,0.19187528113085356,1.849365234375,5.750351057612071,5.84835917028345,3820.090674443276,479.3341555250006,7.563066418845709,2.1468261415331558,5.161716916998227,46.0,0.2910850055224549,4.194335937500001,8.464811156412793,10.693708465074685,13660.25982505521,1721.5481095475416,25.302871457075817,6.091090747850775,5.740789710485226,52.0,0.9859583850951881,9.38720703125,9.406895926149346,15.026766052010835,188464.9343595862,2492.0701068746803,59.90490923772218,21.060346392161318,5.985718933492522,90.0,0.19106941656818147,1.9403479296830517,1.679060481910497,3.1076271010391046,39619.94062149302,658.5378868095514,12.921123330381931,4.317904017725435,0.7791966694611618,11.768892723510568,0.18674126903448368,1.8310546875,5.3781321205104575,5.350600109970652,3841.116910705662,439.98013593844126,9.096260220307986,2.242603789634143,5.269262797008839,46.0,0.3752287422836007,4.53857421875,10.032151035197732,15.827323189655235,24924.84308667636,1584.1489453818854,25.36398753017994,7.699810149687107,5.813652074505811,76.30000000000005,0.6612111528375635,6.89697265625,13.504585825230775,43.21214001192475,80221.96505184368,2276.3580291507255,58.65852128752046,17.753068144477144,6.123404570981454,81.0,0.1387359144519248,1.5766573442520861,2.7986983594733963,8.268938079396126,18210.06008254993,578.3976061255986,13.577752616726517,4.430700700357823,0.7538413948529957,11.927474520513552
Train8.csv,12.93638041578197,0.3283509097656957,3.7109375,4.96381355111534,5.975772716396053,14258.548396487688,1403.9198428180075,25.201261834504358,3.9313628642317378,5.052912568462142,63.0,0.5348641334764401,7.484130859375,10.073845617203352,21.58053320526296,44688.92229410797,4837.923864294156,108.55958881989125,9.10072469908124,5.588492388619951,106.0,0.6322991207841863,11.3525390625,12.448494202169258,38.459652611077225,72095.93053309001,5982.088952452158,134.13697170074136,20.330691816265222,5.998328553597279,478.0,0.13749473891797945,2.494349422206307,2.471829482520315,8.959681568413412,18727.295253932556,1656.266251415641,35.783578503352196,3.83363718840541,0.5278609637449517,99.88069054501976,0.35201869232599947,4.1259765625,5.984382301612648,6.287278519992107,18209.998022737906,1396.3270761072677,24.34166277250953,4.534752119266994,4.88365986364197,64.0,0.4641462195193035,7.227783203125002,9.990734282085956,20.727927113119463,39580.49764587495,3495.834036905973,107.05896457840484,8.90112746076908,5.443359462598847,89.50000000000001,0.7161849629664907,12.6953125,10.449420311208568,30.943588281800825,95146.78174010829,5838.174991536094,162.95533458830315,26.978465107502107,5.836677872382209,106.0,0.1125081969752729,2.294381025935538,2.1654941522596616,7.434163018832961,18620.208571719057,1251.605591272866,37.58965108771946,5.431428666818384,0.4721668913983978,15.3428271107381
Train80.csv,9.96932068739161,0.15523129266617255,0.982666015625,3.5845656551495244,3.044984498283826,1256.9819490547816,760.9796199519694,7.6129395513983,1.8181864170540805,5.601985497196291,63.0,0.24176413332090993,1.7407226562500004,4.104196774375176,4.382453586003065,7062.653070849085,1646.5183215807551,23.33155763526248,2.518794252245648,5.84185307725278,554.2000000000005,0.32023119476071893,4.3701171875,10.872962199255623,19.318067553446383,12498.749745980429,3004.4162170751633,41.139623621227344,3.198995449553286,6.298306240368419,590.0,0.05582270325091797,0.8014100647170069,1.4161504386143298,3.3211795751853836,2878.929849071674,710.0529982474982,9.35539807086647,0.6494640213526163,0.5685112905623209,180.6623988099073,0.15994739498779353,1.03759765625,3.780204524853824,3.2789748090302924,1596.5868801408558,666.8547872631789,8.735949739724713,2.195891789396974,5.433991060404264,65.5,0.24255317221973288,1.719970703125,4.39912330597851,3.965477187711404,6894.982396320733,1642.2171365577103,26.797634403581117,2.876563701476484,5.837271425219519,561.7,0.3183713571364765,2.9296875,7.005767911804024,5.665385822426076,8172.264494015671,6456.99475463979,50.08644881361448,3.2613164006815096,6.424646766027084,668.0,0.05454292454760694,0.48691782736632944,0.8549156711138147,0.630656140089137,2383.227038341003,1148.3250979510553,11.098610689176818,0.687218729211977,0.5916858548408384,194.65095965278465
Train81.csv,4.628613176288962,0.22255062045385687,2.03857421875,5.424866759269819,6.661111340916564,6976.932150886545,304.16447418117434,7.787898573934086,2.0630461900961126,5.066132842701526,53.0,0.39259548786298837,5.772705078125,9.224607998365855,26.439234908884835,26637.774388974205,1267.6020920757787,17.988735856405388,4.518393434966658,5.5979929606038885,100.80000000000001,0.4302651424015291,9.36279296875,17.440051632997623,86.96940562932856,32582.09440235255,2305.6979140742596,70.85638667393546,22.19484947344627,6.045036386528246,726.0,0.1051287637687795,2.3064001637963782,3.4588936657489517,21.729928811117,9735.38149614989,570.3150679124793,13.129691934748665,3.6966465646710147,0.5933820497589349,118.72065015589116,0.21186823240848796,2.1484375,5.527275466326392,5.4065448281772355,8039.4826940259445,313.8047511846519,8.752041809923567,2.730801979054743,4.83858560860347,51.0,0.33900789135506404,4.43115234375,9.991332117448641,24.54103179961167,17773.393381282625,1128.245979770215,16.612137000484832,5.480098123592536,5.464071050199396,100.80000000000001,0.4129832615866393,7.2998046875,13.570185197285054,46.35919581072387,29857.706279976293,1954.2619675618423,31.492117394815335,5.919032018464613,5.986582732357476,104.0,0.08644179400195875,1.611367860939899,2.568707777390517,11.506468735833344,7449.592214828059,480.0768297489127,5.793707175457555,1.4599402723410044,0.5141092312436839,26.13479182526618
Train82.csv,17.14960523009628,0.2842830012241876,2.752685546875,4.686612784140005,3.685654016955393,7169.847976482781,2774.207482304352,30.647441676816733,3.3446182107520377,5.035762784540419,64.0,0.5118355741217508,5.201416015625002,7.281018168286778,7.646529340279547,36544.89194405655,5148.279854393346,188.8912732259935,9.142871076119384,5.712953541353617,621.0,0.9100986757200485,7.75146484375,9.280252130235226,10.961286599289503,140630.5614898469,7912.963139701615,348.13500888531934,67.16365722205236,7.1449894858010286,629.0,0.15883109817066432,1.6236727788863048,1.5680440720949915,2.140664864956783,26203.49268040389,2056.841768150532,86.22715235672587,11.384262634406808,0.6542797336664227,242.0901739925642,0.28187081403566205,2.899169921875,5.21030140080412,4.04429247982765,8414.243563149877,2367.2312473464954,38.94196511254428,3.899306923996422,4.98333259942093,63.0,0.7093348313669403,5.96923828125,8.65448140016817,11.02514643552681,80969.2508285198,6192.3912539519915,205.56222048765048,20.251472783053398,5.57532502127862,613.9,0.9500292861339468,15.07568359375,10.592626322883056,24.48414418464765,154964.74726179364,8157.314209385385,593.3831634459847,59.96396241165917,5.8712781228524555,635.0,0.2060902788595558,2.908505217033197,1.8387676225136085,4.5685686916321755,39578.92566057269,2260.3908404547265,114.92056977063028,11.063474395985255,0.5868286192739606,204.47041923894517
Train83.csv,13.67814534787956,0.3474946914593273,3.6865234375,5.601850238794883,5.126579865306419,11595.350151132929,2982.6379983185498,52.03781382822757,3.799123743197152,5.187039237893291,66.5,1.0316427335617877,10.550537109375005,8.910920332516122,16.86305701466549,184307.255793123,9281.249788865403,229.43722773998417,23.82458917247629,5.684521210283153,537.9,1.5434365492912618,20.068359375,10.180730868410505,27.87548350036096,368646.5953203139,33996.833706390236,759.9407371701019,90.94241454437031,5.8254995620747385,539.0,0.35633828479515417,4.698492859389616,1.9245543315465203,6.58480223851665,98392.78475320054,6361.551484195509,159.7036564010952,20.774108877277044,0.4464354250037457,220.51526794858785,0.3041988900580396,2.960205078125,5.056131703480126,4.630114239443511,8333.843434769356,1666.2853912628716,45.09634517601367,3.7058358949612686,5.278912612773787,64.5,0.6502540193468402,6.896972656250001,7.562412613274984,12.819015116309846,62401.0648085306,7231.7842147907795,170.9028631682176,13.991019584796131,5.621408781538926,516.0,1.1881567117912828,10.36376953125,10.812388075468357,18.5700487166071,246999.87399134407,10930.294249368955,409.8830257721485,67.16642027479574,5.671268224931101,538.0,0.22452750613978825,2.3362765456364887,1.7079741637845707,3.9635076545941104,45902.12285087279,2852.957389717884,80.88212788087418,11.629622069220163,0.4557482010550838,189.50114404338038
Train84.csv,10.414379646650165,0.2764892597315129,2.056884765625,4.336849560087124,3.3148084963956217,4608.513014949442,2276.5047713598465,26.52935354784823,2.5105933592902407,5.0997214016857235,78.5,0.5011165193576491,5.131835937500001,5.929771661546361,6.536876392854969,40165.536551192265,5719.00568296845,67.03180834807559,7.591581291434518,5.542449083705944,574.3000000000001,0.8967153546670676,8.0078125,7.541704000806877,17.55586021327941,147012.511022588,8253.074945775623,334.0717030397739,42.622187483607256,5.789686139774916,783.0,0.15915699020178417,1.8072999817459845,1.1628407538096934,3.3156386685992523,27233.589904162225,2155.8210917925126,57.50065088145873,7.258539723539803,0.4669721168442432,219.84436744760484,0.2630682774570202,2.252197265625,4.29018195084363,3.278526238267173,7276.845152150645,2127.8705191959993,20.656959823964577,2.8914643180370936,5.005773867581096,89.5,0.4471934991845767,4.796142578125001,7.645019764874744,12.105538235233839,23513.826683127096,5331.04459190289,65.22630250124469,6.936071912469759,5.619380301843873,565.0,0.9152081800449543,9.48486328125,11.726165311765737,20.011711746682145,156195.23966523592,8617.747603638281,118.16472140066838,20.445608696576986,5.888150510677335,815.0,0.1644349182129141,1.8128895540707917,1.8278076027375303,4.906101216383112,32308.590974423216,1947.7666165691558,25.092079952315128,4.471300281095129,0.4481806540877666,236.9642641834418
Train85.csv,5.459389900238262,0.28888820251746605,2.569580078125,4.744060325766901,5.013229551030544,13068.633973288997,548.2309681801454,10.629923261567656,2.7970391746606125,4.786626545665984,60.5,0.4916132797165121,5.357666015625001,6.876029600171899,12.599909232148782,44539.268566415936,1380.2191285731797,25.273645614934935,5.633523608231417,5.412604436645118,102.60000000000001,0.5087835124879111,7.04345703125,12.484629278444002,33.316161513717475,47280.1311850565,5245.170700983675,44.080716672171725,14.561200974079512,5.707384681529468,111.0,0.13798504494560843,1.6680940986737873,2.0957611745730356,6.412952352308555,15543.418164106317,937.2532486672974,9.97747544244923,2.6985241585903212,0.4611275826435514,18.8167302137619,0.29051223992077896,2.734375,4.522290109714893,4.604807160772319,13661.75547641105,689.1313857752762,9.85367193910636,2.745662965791703,4.779436955331158,60.0,0.44178212550291585,4.715576171875,8.37779898135028,12.940801390350803,35390.003108377874,1908.0432658787227,26.744647648842832,6.902525743817654,5.328272166847458,106.80000000000001,0.6623572614137136,6.201171875,10.001814164664163,30.409269713789993,72583.87201899418,3856.1768259443375,34.027686398453184,10.609577072711874,5.464318449070957,110.0,0.11859569735380746,1.3276132459308687,1.7749310083921563,5.543902129689112,14733.869313573718,820.8915406408903,8.886073044855134,2.309793210765908,0.4128021989352315,20.25769047639686
Train86.csv,0.0,0.06751851013663848,0.360107421875,2.675010551593837,16.533526168469436,67.51657754236783,25.497281754287894,2.7036810395182003,1.475731070683695,5.707584221632682,91.0,0.11915185148064206,0.462646484375,5.683771579088483,21.12339495107176,101.51445238396813,36.292855595810785,4.302271462198691,2.1730790011535723,8.070398125664491,3168.5000000000023,0.12788611681990605,0.6103515625,6.443662864101241,35.23629684544917,130.25560921266603,48.95368377365835,4.828288116910626,3.0889208635511793,8.103652152737666,4603.0,0.030195950955416412,0.1610394228884157,1.533203513342137,7.8431190456888205,40.997886732715905,14.328364741807462,1.3545485662003953,0.5956704907043987,1.0872869328078225,1232.645883465092,0.05399174269353542,0.45166015625,3.828037073157196,16.363407269523968,101.89982684816684,35.21240692989389,3.38312085273082,1.9296396888062346,5.6931794106216405,91.0,0.08190987439225052,0.560302734375,6.677923228005317,19.726821182251193,149.7101877363113,52.69032650854719,4.827248026623024,2.6434143941891257,8.058021723903915,2577.5000000000005,0.13522735224867916,0.7080078125,13.000666264368606,105.66986122785077,205.65501834591316,61.4669444117828,4.94587629981754,2.9241307917449766,8.0826474391608,3651.0,0.026071317203146448,0.18521523954402894,2.2095220742052137,22.36937696581708,62.12592229826826,20.224030857891083,1.5743060657968801,0.7253305938660414,1.1198116202543669,1076.7206900287267
Train87.csv,3.9165188414752756,0.0860756936360955,0.5126953125,3.4454510042979924,4.189296600006316,122.52276486471419,99.71679074684803,3.3532564788440435,1.7485392450711608,5.496715918764531,769.0,0.13214755487305033,0.7897949218750001,5.517443975420288,15.53926638637078,515.1130823238801,441.11148269812276,5.084315674133917,2.3130058392647923,6.088019419062751,801.0,0.15427060446849936,2.08740234375,8.516018269809503,25.004309524685855,4029.2957377708008,594.2378420290629,5.750877128505444,2.924568074062546,8.0496645622864,801.0,0.029458810778289848,0.3325783818215715,1.4702856584826713,5.355617442495424,694.3299133088755,172.46418932039617,1.3340666917064457,0.5564372463089596,0.6604011693898392,350.17079398621684,0.0715312826941745,0.506591796875,3.6824181332732,4.120202443994461,132.1337131306663,122.9710562007228,3.980572344116071,2.0306991778096855,5.679356517033746,783.0,0.10141012021285405,0.706787109375,5.290343671019917,12.123575600004955,306.65018328227495,419.87689592774393,5.312916171942189,2.6121797902258037,6.018603366576122,801.0,0.15644595256774493,0.96435546875,5.892163082645936,18.836736556193607,756.1434544397489,601.1419906940621,6.982739487031274,2.846080503470858,7.7837633863542495,801.0,0.024778056569247503,0.19802945566410382,1.0052869616659506,3.9842019890462788,149.3458942434494,152.4343659540269,1.7651110497651856,0.6611645319323263,0.6416069189357896,351.04724881194767
Train88.csv,5.51873109480607,0.1787653803253595,1.739501953125,5.0800287664523704,4.933865528454941,5124.479375137546,279.8275291827137,7.119613889513046,1.8747911836633624,4.9661360662835605,49.5,0.35009363731660575,5.087890625000002,9.33633353210328,22.06676108541035,18326.673628628036,1626.6154250289133,16.710905220466167,3.647452521881807,5.5068413023705345,103.80000000000001,0.7031160777903424,11.6943359375,10.474115708256614,33.41121665099751,95743.93224200235,12172.10929787913,55.704808066451434,15.082647313595901,7.042621539318002,344.0,0.14960916656812756,2.561769115518792,2.4594202572259114,8.280738259438381,21283.85588664387,2174.9525548368,11.046817807729713,3.067837484919803,0.562619811983132,60.581935413434095,0.18227717554631817,2.294921875,6.022861508722326,7.253017568806959,5550.225668656565,289.6182564579574,9.075411901872766,2.377827837655178,5.187209138268932,49.5,0.33102401118148767,5.045166015625002,9.491100801216911,20.764173718143777,17075.01103710297,1688.5928837503795,20.623396317743858,4.882367768213358,5.544499960250329,103.80000000000001,0.40946706362725455,5.8349609375,10.258674220063556,26.111329540310248,26284.70750688234,3589.293755762764,48.17687674272315,6.033799758789104,5.753724959149662,344.0,0.09373421835767949,1.5381857956910552,2.2648893365104765,7.214512537139587,6793.748027471354,917.4136845880373,9.236204066326597,1.410791683069553,0.5264070447734941,61.181522626831544
Train89.csv,19.315558831821246,0.7553795591201172,6.34765625,4.4849643023228065,3.811984141801757,44523.4201413118,16243.396216798072,350.64649004927804,14.841278688819884,5.651270906503098,80.0,1.217755839488053,10.135498046875002,5.933348967481515,5.633803383879111,194304.1924535244,33127.83905791986,1181.0042601488497,30.04710525771774,6.129424504298873,399.50000000000006,1.413614808127386,17.78564453125,8.876984886167975,9.352466380513457,264683.1057589026,57194.661704501756,1619.486005310167,59.8715866622454,6.282254778398607,920.0,0.30944211298136143,3.1627730025668495,1.0404388059696132,1.23581867768674,75503.11808771349,12013.740694966375,378.2441495047806,14.477712105288878,0.5220431190737442,226.47090174222714,0.7844749305031864,7.049560546875,4.502758049042205,3.9752230204292767,61697.62251244225,15007.453888437627,272.66230374181805,12.009781928077778,5.652757484770106,79.5,1.093473779895504,9.4970703125,5.642533389464376,5.310963080720008,186153.87373261852,28309.608588240702,1189.5333732655,31.63857509177068,5.969766545491253,532.9000000000003,1.3785049729923404,15.02685546875,9.87570346511742,15.757174564860732,250943.30929164897,42101.459896859866,3138.1767879782756,70.41181372423823,6.218831215313053,729.0,0.24940210896227993,2.598308985621855,1.1546944583412844,2.353893823146065,62119.56917137748,9063.619944261483,593.0546818588452,13.940013503518982,0.4877321668531893,195.03739375037162
Train9.csv,5.429719302954359,0.2572014139931263,2.227783203125,4.484996891254008,4.54208973074431,11192.179731633296,386.69163588961334,9.575360838736229,2.133319078617469,4.683051636240584,61.0,0.4215181509649156,4.571533203125001,7.668328527654544,17.63881308817235,30298.4183923435,795.6931717878279,19.764967985886912,7.422995986202752,5.159084815891311,100.0,0.4380907259988502,5.517578125,9.350881944263314,20.590976041551425,36334.34160412021,2975.4006748504858,121.9355696753109,10.990716109378322,6.589290719755251,104.0,0.09631047708931832,1.3132233712458379,1.7226323571011781,5.601164366103486,10064.0285731031,514.7595688099042,20.819868118349095,2.7035257517165308,0.5703723838881771,18.117428375393125,0.3134604250657043,2.862548828125,5.0426036098824,4.101528516563361,16083.519682784086,526.3275915829412,10.091919311220186,2.9741175685796035,4.559208745665099,59.0,0.45053224994464725,4.969482421875001,8.050075308456302,20.68227302109069,38429.534288869196,1279.2590596912303,27.2977919545451,7.693403446379269,5.217975435962139,101.60000000000001,0.6093494581102588,10.58349609375,10.517267753260853,32.30712325592747,71350.69077793244,4867.169841495866,75.7361521940259,10.671923410337863,5.441670941476763,184.0,0.11773178771357753,1.8934300506084498,1.7640915667370318,7.537577187611702,15057.939327930553,1041.8377703480292,13.659315384523651,2.497851126204509,0.44308444597498575,27.769629881401013
Train90.csv,0.0,0.06370978526088236,0.35400390625,2.5440641836678908,16.87751847756044,63.02405840183446,21.561186339020324,2.4975852023466127,1.460455507605844,6.145765388001665,92.0,0.11827167874614729,0.5078125000000001,6.685608716762363,28.559968145917466,96.66922635543884,37.053753311968116,3.37855188110225,2.0464870517190925,8.08194528795993,1762.0000000000016,0.1261723497694785,0.5615234375,7.622548215427607,98.35300071847055,126.4278206276157,43.348977785149806,4.801000894433081,2.386839539989578,8.091214415393978,4759.0,0.02908660390058519,0.16622978309809963,1.989383821535224,16.844039121856824,41.60476096684403,14.443183205658723,1.1938210132885843,0.522494700762467,1.0999845976091454,1036.325653149144,0.04755155587090669,0.396728515625,3.7098991212363357,16.192092135329034,83.21118975854932,26.408089394753585,3.149702434408364,1.8196295132959057,5.925995309265331,92.0,0.07629561359909842,0.499267578125,6.943644485943152,19.11620502046141,139.1727030899049,53.47031580125117,4.455358851043079,2.568457049757384,8.074117885921053,3353.9,0.1274173757763315,0.57373046875,7.8096599891499086,71.78778597247853,179.7642761409448,60.987244534520336,5.492664528051013,2.6992666941772905,8.098921379715096,3681.0,0.025315685718328464,0.17522669777377467,1.9050546733391824,12.054038943999469,58.04560936207836,19.656225699423235,1.5429262274439126,0.7236553970935805,1.1177099329426334,1237.5923541138
Train91.csv,2.6406831582674206,0.21055098527455737,1.617431640625,4.032563027686162,3.539204668877381,6299.822554405054,247.19660255608613,4.837271714039272,1.9109888548061287,4.789497792133128,65.5,0.3475985638936643,3.261718750000001,5.513499548929558,10.221814077370166,20006.350721459425,1120.532805154724,10.39443759804737,3.9615296660658617,5.45286531496412,179.0,0.517880261602796,4.72412109375,10.327475196374872,38.765510268919805,41739.98641635886,3753.0344041802773,13.281408898544106,6.197574050926181,5.894955645673096,358.0,0.10442318564621278,0.9843485360098323,1.4281151456140848,7.347546715518346,10711.703766872512,674.5654678859793,2.7578699162902773,1.2603911557742207,0.5191287976262534,67.9401160949847,0.1941385731533796,1.519775390625,4.164461158436758,3.815951630275965,6553.488679032242,231.9132660809115,5.503562683550322,2.2319033149390153,4.953062260614036,67.5,0.3163342475282066,3.0786132812500004,5.641098179209802,5.864381662450912,18811.07268869665,676.7557799876698,7.438785966830378,2.9172158559484522,5.67169143210798,104.7,0.4247516292015385,3.99169921875,8.749282290491173,28.9396405895258,34449.91989557298,2358.628639332104,12.396871396227539,4.493417921018846,5.854097025123745,213.0,0.09321671928904729,0.9245956650695758,1.224951840120146,4.919283650977478,8793.192953475034,435.45730190857813,2.1522630219221024,0.7717420007682232,0.6979209121799071,40.05109041898859
Train92.csv,0.0,0.06421678234832968,0.384521484375,2.9100816712284656,15.80692449040425,69.70792499121339,26.08927553552511,2.889460850933819,1.6270973112797944,5.820768016476164,91.0,0.12037334863954426,0.5126953125,6.115158764332944,21.360324007546698,122.01349731290364,37.404726480849604,4.213827029780539,2.1710609188573824,8.08202072405635,1941.300000000001,0.12623292137052247,0.54931640625,9.073900346318421,60.28187262554221,129.48905942508657,47.57705402083895,5.564383893371137,2.704387612899448,8.09634861315036,3364.0,0.028395764429839553,0.1775912636160463,2.0006059864202346,10.803169112319924,45.779180592849855,15.67538397054778,1.4450243297054424,0.5772474018653249,1.143832872695971,981.4588705842123,0.05343005662267643,0.408935546875,3.7830672133493577,16.233967188088315,78.33647083598788,27.04023524350021,3.105578715089,1.6794717045956116,5.93571185610627,91.0,0.07238543000701854,0.53466796875,7.5219335972632155,19.106535480129278,140.22169339251582,52.1160842953668,4.378857797765513,2.392919372017698,8.05556804843938,3695.000000000001,0.13582350675849317,0.68359375,11.9815407414977,67.21153246872441,205.85068001420277,62.20623715533266,5.442359396531154,2.776268757065178,8.075097976057085,4479.0,0.02513583047906846,0.18815663156433488,2.616297712543032,13.72628179705831,58.59849003276208,20.13153883967283,1.5327885714381606,0.6479647109744698,1.108429484850634,1439.5808658550368
Train93.csv,16.259487311579175,0.4039774955532094,4.815673828125,5.263425981654088,4.151077915770957,14872.194753777905,3773.4796105208025,93.16168854755213,4.428518869809205,5.375593183357765,67.5,0.9972679625100234,8.686523437500002,7.827159879032315,9.441058882626683,95405.4924759225,18322.33044118664,332.4662196534015,25.351006450185718,6.012944891620213,518.2,1.207658524463598,11.9140625,12.899997407745781,18.78198955643589,257316.19706533308,58384.27881944819,1700.2252592397763,58.190212811899485,7.884928231960511,651.0,0.29920667360172043,2.809536215867305,1.8971348324785002,3.573181234071758,57595.58435742452,11146.088343716834,299.9708574332764,12.135766122594688,0.6373254035206064,188.46484824347883,0.5010085206497815,5.46875,4.734509660019977,4.199837644922347,30003.216262912225,5282.33216712682,117.37004061385207,6.145319885698753,5.260248241229391,65.5,1.4596449526467938,12.27783203125,9.465363308039834,22.663333524364475,347194.4657614737,17873.697910654228,292.60305260681923,51.88545951906301,5.879149729342873,84.20000000000002,2.1310506607198025,16.12548828125,11.569107368977818,29.891464988141653,872793.3495472725,26109.3417198432,1600.3313969832848,91.16468360215879,6.140884863786416,506.0,0.4914834347068792,4.112281232955853,2.41004648317449,8.073349056534749,185034.26522065167,7086.370634720422,307.1951638541772,20.755185163426844,0.7394658638840415,77.33487954183416
Train94.csv,5.459389900238262,0.25106458117115055,2.13623046875,4.355648149844194,4.333808184396582,9900.816054577861,362.80395951903694,7.974507339429997,2.1539709972997674,4.734187682759152,61.5,0.40298683913445404,3.77685546875,7.796792047894881,13.551799448847426,28849.600134398122,883.8144799230888,25.930412313518712,5.612066036936026,5.049025803754708,101.9,0.5454141177833551,5.6884765625,9.173286379266022,18.854010733633963,53282.20324019084,1657.5337167678554,75.5303682855023,10.89352533281509,5.551021227004749,109.0,0.11093209986892437,1.224901371006373,1.6542261857223615,4.776107819416492,11656.069059501016,366.1064695077055,14.153996476454111,2.285855588353506,0.39964573616768556,19.29863984844528,0.28002189860835736,2.398681640625,4.112621775579699,3.978378896611724,12507.590904111807,438.6815256126473,9.834915330975008,2.9818714878027635,4.621864003998935,62.0,0.4580202128479617,3.684082031250001,6.9098292145247235,9.12817207303455,38716.240163935465,1672.5353230217347,23.74027694668267,5.6822601045944525,5.276548705481228,103.50000000000001,0.6195769231828525,12.19482421875,10.225444140501423,37.78642101391827,73533.66790744165,3835.389619519744,50.74030938314246,10.090410135200655,5.528646352786044,109.0,0.12376159973684374,1.9853178432826675,1.5884057805086973,6.140711313036365,15420.36769433905,900.9835505846831,11.075929946273455,2.1364151463922822,0.469428816192733,18.446052042035987
Train95.csv,5.370378108386552,0.2595233501792281,2.34375,4.215936894530058,3.9319474243842327,11980.478330896645,510.16205901737294,10.638812930908195,2.340837777455803,4.873630079247796,59.5,0.422107715039922,3.763427734375,6.3059079068480886,6.989210269874636,29379.307776136346,1167.6569918325606,38.127720407350175,4.876779687900749,5.673828496058862,103.10000000000002,0.45641154473252604,4.4921875,9.313050512759,24.33336536829929,37901.37658154062,3004.6617228608816,1019.0548038776834,184.85345170961406,6.663360266394852,107.0,0.11748516446513016,1.1379389005830312,1.3920122902175103,3.8396352273694174,11432.224671340962,558.0838960532521,176.8816558850018,31.736525100502476,0.5752067565205888,20.65185278461717,0.2919386838392779,2.7587890625,4.661890334277161,4.059030184311646,14922.698957280278,666.5326571644587,13.066845891155833,2.9130401687294127,4.896327734598703,62.0,0.4337924862742005,4.32861328125,8.258063994023459,10.666895670893938,33263.30484352641,1770.7315346824582,37.79077448007321,6.781335076314254,5.4819391076494846,95.50000000000001,0.6826989230009015,6.73828125,11.062587005417774,32.932979135034195,80971.95523226184,4188.365639761067,597.8959457287793,11.435243682822039,6.2626693031982406,115.0,0.13460530536028653,1.3512256507809144,1.8501581520423518,6.5462431339872715,17860.09154303626,967.9971708125813,107.19543770111088,2.5252610911815783,0.563866651745704,18.872490520265206
Train96.csv,9.8803088955399,0.23712393666034465,1.806640625,3.890334065873019,3.0898725856328904,4171.566078670066,2056.197871128701,13.876479581339295,2.5706693562518623,5.096676140943052,78.5,0.38871480002331726,3.6206054687500004,6.141466806225345,5.739281260286746,14982.712937497967,4124.505248704802,40.39214729705598,3.4314839383768954,5.572399902688336,670.6,0.9681445352394673,14.58740234375,8.119994317847931,16.031264697430647,132884.1265879752,17570.633349117183,407.5347283901738,40.163341894495275,7.469947382995413,880.0,0.15511288277109314,2.440940782759354,1.3616675920226617,2.6563211825341675,24145.893735713224,3048.1789618469707,80.58049773869814,6.916122292691529,0.6353801920971587,275.40270939798324,0.23677143713572896,2.154541015625,4.186504072474668,3.5908435830772367,6772.9661971788355,1716.2456094698482,17.916590829067964,2.8332860355976424,5.012273696592615,69.0,0.45685524775151737,5.430908203125,8.152479872617272,12.159398734068029,23427.882081643074,3724.56168335255,37.924862500756916,7.402492952562021,5.739373639950466,560.2000000000004,0.6683752150584286,8.2763671875,9.877736261798646,23.17966392467488,78458.40881799275,10509.942913035027,111.78134720350891,11.281271575750717,7.34790793414764,880.0,0.12384129896377787,1.8340337281878756,1.8995187686996786,4.578490826177004,15301.699291706884,2082.0473182771584,21.717963667615383,2.4561279373729312,0.6730584827779014,225.63846047105977
Train97.csv,12.906709818498067,0.44130889593727907,4.06494140625,5.38538217852374,6.707881375743984,32453.341150660686,1805.49502282304,48.009497309728594,6.611831237087054,5.0366558502282945,51.0,0.792341982360142,10.515136718750002,8.910631019236945,17.3507168701963,106383.60748648469,5933.56322126987,177.9107128568743,26.727549342950752,5.521312550848269,73.30000000000001,0.9055584867179045,11.279296875,11.085527233531712,19.147440638488703,147973.23041257638,9677.523336188327,220.29316028572893,35.52659440701214,5.676197180545747,92.0,0.24403459537529787,3.351841944900994,2.113125344333483,5.173646714794425,41515.84434575121,2422.668442015848,65.96834207490546,10.03489163792075,0.5644510398579141,11.29016268427962,0.3737176269520002,4.67529296875,5.941227847976361,6.393384306451523,21997.319375931856,1968.3836571739603,32.73686540927265,4.564004832699709,5.03231716406228,54.5,0.6502436957636009,9.1455078125,7.971800811330342,12.868867427830663,69734.4268449676,5023.51810053226,139.37634602278894,14.304915359621116,5.538565250701324,77.9,1.0766597687251287,13.0615234375,9.50981784611475,23.1920008637075,214621.0909868582,6218.3360585311675,342.3666129407762,45.890746902188845,5.6877023411387055,106.0,0.23990841296291632,3.1760970359469756,1.6299691906565121,4.637308138011082,50883.11462537835,1825.419864265518,68.9531721330262,10.358137788821324,0.44579578965261846,13.83101135130761
Train98.csv,5.607742886657781,0.1960967923976984,1.837158203125,4.558463347085802,4.461551534909779,5600.767690444953,284.463904200159,6.250451638344586,1.7871854819512025,4.569906348375529,62.5,0.3018745488667466,3.5742187500000013,6.901777479209071,15.684370246693005,14729.001050860059,748.5649807619172,13.726366797632334,4.139084250227616,5.184062035804889,100.80000000000001,0.5527042744666398,4.40673828125,9.510777557469359,22.14703307717201,58925.59178828706,1041.4352848965577,71.86367807242446,6.869227802423468,5.78813311229268,107.0,0.09843586032278699,1.1025845135628238,1.6606680231679585,5.188861581127436,11612.642359752483,267.1544089706628,12.23629008606769,1.4207202886248147,0.40749134134586296,18.821426453645856,0.25961434140632395,2.496337890625,4.555077821265185,4.0356919935248055,9832.16408913499,403.482687125462,7.688828001024781,2.419725221280978,4.592067172172349,63.0,0.4062170503975612,4.039306640625,6.568029776702189,11.215246106014495,31359.323870828106,1004.9903375036703,21.13840415190693,7.485211823439046,5.216202239080593,90.9,0.5642087994999833,9.80224609375,10.29857542127925,35.607206885320984,61810.049253486955,2197.890407588471,57.92956268856636,9.661528135641934,5.307285942968381,111.0,0.11253317371476572,1.7216437925528454,1.7618560579699398,8.130517895901304,13031.82057591297,523.5859357106109,11.075033892447475,2.4387695531163494,0.48753415168042574,17.783391786650263
Train99.csv,7.00226095900125,0.16439756226510088,1.287841796875,4.686862744631933,4.264414319818497,2445.8427114342126,659.4892278680961,6.908591339864495,2.1752380722365285,5.154434789885714,63.0,0.4271404090108086,5.469970703125001,7.4780214691018285,18.183666757662923,29614.188060685905,3311.833687437245,55.706688306295604,6.238147484114936,5.724337902845541,88.80000000000003,0.5537949621103324,7.11669921875,12.016757161438125,34.790655988704984,47232.67246845638,5121.396131175614,85.41994675351845,12.892145847752099,5.8799735377973175,906.0,0.1250576933400643,2.0416965386894064,2.286148486137106,7.448280560511888,12291.638923499493,1327.8235829155567,21.817029552227336,2.675621440746474,0.5388286824722693,234.72728316268967,0.17642771102892166,1.629638671875,5.391834643105737,4.9031090181712695,3149.572807985128,503.8240313772245,7.312159967418138,2.1902664449232807,4.996453890594282,66.0,0.4973882542441627,5.783691406250001,7.98052570959798,18.130401318254016,44041.37015286797,2971.631296771279,43.75424792351086,7.512670025319585,5.695911658712622,85.80000000000001,0.6259434374348164,7.7392578125,12.34718745212578,55.076041053559955,65656.26661479175,4206.327245231563,62.429352154624034,19.155896668050634,5.964894347524659,906.0,0.14873790109715262,2.0294094443995143,2.1411173641811727,10.460727749621919,17520.88241003053,1229.544215675526,17.04382064833326,3.8870909595670358,0.5315699140891003,189.74364902085657
